scenario,policy,model_seed,mean_difference,dqn_total_cost,mpc_total_cost,n_traces
burst,centered_full_action_dqn,800,-11.216477720795238,97.16056155517697,108.37703927597222,20
burst,centered_full_action_dqn,801,-10.84721030597552,98.79253335513175,109.63974366110726,20
burst,centered_full_action_dqn,802,-11.883948130081626,96.43604034528137,108.31998847536299,20
burst,centered_full_action_dqn,803,-13.090113273430987,93.69841762751341,106.7885309009444,20
burst,centered_full_action_dqn,804,-12.247787968188323,96.7576671256125,109.00545509380083,20
burst,centered_full_action_dqn,805,-11.643617817161878,98.0691450315714,109.71276284873326,20
burst,centered_full_action_dqn,806,-11.046197635703702,97.25504975654185,108.30124739224554,20
burst,centered_full_action_dqn,807,-10.975964959571764,97.75443693310022,108.73040189267199,20
burst,centered_full_action_dqn,808,-12.470436494296896,98.53017394840717,111.00061044270407,20
burst,centered_full_action_dqn,809,-11.308455589139756,100.9721283581853,112.28058394732504,20
burst,centered_full_action_dqn,810,-11.649796655390563,95.22215262271465,106.87194927810519,20
burst,centered_full_action_dqn,811,-11.818141109008161,99.0085504361987,110.82669154520688,20
burst,centered_full_action_dqn,812,-12.195944592044075,93.6598797518015,105.85582434384557,20
burst,centered_full_action_dqn,813,-10.974291244385261,97.97947231516243,108.95376355954768,20
burst,centered_full_action_dqn,814,-9.11080410194057,96.52497905127704,105.6357831532176,20
burst,centered_full_action_dqn,815,-11.3735100587294,97.16506685007364,108.53857690880304,20
burst,centered_full_action_dqn,816,-11.83633076700492,93.17137848772109,105.007709254726,20
burst,centered_full_action_dqn,817,-13.288217046094413,96.42698187306523,109.71519891915963,20
burst,centered_full_action_dqn,818,-10.718906935134251,97.64800329685212,108.36691023198637,20
burst,centered_full_action_dqn,819,-9.554343423259434,95.46395205020904,105.01829547346847,20
burst,double_centered_full_action_dqn,800,-11.378403153179246,96.99863612279296,108.37703927597222,20
burst,double_centered_full_action_dqn,801,-10.57547693085834,99.06426673024893,109.63974366110726,20
burst,double_centered_full_action_dqn,802,-11.90980556919727,96.41018290616572,108.31998847536299,20
burst,double_centered_full_action_dqn,803,-13.16267099240832,93.62585990853607,106.7885309009444,20
burst,double_centered_full_action_dqn,804,-12.400108437359133,96.6053466564417,109.00545509380083,20
burst,double_centered_full_action_dqn,805,-10.921852939833498,98.79090990889978,109.71276284873326,20
burst,double_centered_full_action_dqn,806,-11.421133611150998,96.88011378109455,108.30124739224554,20
burst,double_centered_full_action_dqn,807,-10.763599039475126,97.96680285319687,108.73040189267199,20
burst,double_centered_full_action_dqn,808,-12.385609894415843,98.61500054828824,111.00061044270407,20
burst,double_centered_full_action_dqn,809,-11.37837712148756,100.9022068258375,112.28058394732504,20
burst,double_centered_full_action_dqn,810,-11.493151009891337,95.37879826821387,106.87194927810519,20
burst,double_centered_full_action_dqn,811,-11.399967715922557,99.42672382928433,110.82669154520688,20
burst,double_centered_full_action_dqn,812,-12.54501712887021,93.31080721497537,105.85582434384557,20
burst,double_centered_full_action_dqn,813,-10.695443431300538,98.25832012824715,108.95376355954768,20
burst,double_centered_full_action_dqn,814,-9.115385327231468,96.52039782598615,105.6357831532176,20
burst,double_centered_full_action_dqn,815,-11.884448302409101,96.65412860639394,108.53857690880304,20
burst,double_centered_full_action_dqn,816,-11.501255577757195,93.50645367696882,105.007709254726,20
burst,double_centered_full_action_dqn,817,-13.509153936711428,96.20604498244822,109.71519891915963,20
burst,double_centered_full_action_dqn,818,-10.83210099627944,97.53480923570693,108.36691023198637,20
burst,double_centered_full_action_dqn,819,-9.626898574468669,95.39139689899982,105.01829547346847,20
burst,double_dqn,800,-11.290918107835612,97.0861211681366,108.37703927597222,20
burst,double_dqn,801,-10.034912898065295,99.60483076304197,109.63974366110726,20
burst,double_dqn,802,-11.653881547297573,96.66610692806542,108.31998847536299,20
burst,double_dqn,803,-12.086769457403943,94.70176144354045,106.7885309009444,20
burst,double_dqn,804,-11.737470204874674,97.26798488892615,109.00545509380083,20
burst,double_dqn,805,-10.830578532440867,98.88218431629241,109.71276284873326,20
burst,double_dqn,806,-9.86588968435766,98.4353577078879,108.30124739224554,20
burst,double_dqn,807,-11.100034629787011,97.63036726288497,108.73040189267199,20
burst,double_dqn,808,-11.792364313772428,99.20824612893165,111.00061044270407,20
burst,double_dqn,809,-11.118057446280417,101.16252650104464,112.28058394732504,20
burst,double_dqn,810,-10.623887513715925,96.24806176438929,106.87194927810519,20
burst,double_dqn,811,-10.782897589612572,100.0437939555943,110.82669154520688,20
burst,double_dqn,812,-12.050254772812448,93.80556957103312,105.85582434384557,20
burst,double_dqn,813,-10.716634536323562,98.23712902322413,108.95376355954768,20
burst,double_dqn,814,-9.614965025004327,96.02081812821328,105.6357831532176,20
burst,double_dqn,815,-6.806348489767364,101.73222841903568,108.53857690880304,20
burst,double_dqn,816,-10.775634104425418,94.23207515030059,105.007709254726,20
burst,double_dqn,817,-13.104746330214018,96.61045258894563,109.71519891915963,20
burst,double_dqn,818,-10.080886277088243,98.28602395489813,108.36691023198637,20
burst,double_dqn,819,-8.682101042729794,96.33619443073869,105.01829547346847,20
burst,full_action_q_dqn,800,-11.310795990807973,97.06624328516423,108.37703927597222,20
burst,full_action_q_dqn,801,-10.456709047378743,99.18303461372852,109.63974366110726,20
burst,full_action_q_dqn,802,-11.846150315175985,96.473838160187,108.31998847536299,20
burst,full_action_q_dqn,803,-12.83544608281962,93.95308481812478,106.7885309009444,20
burst,full_action_q_dqn,804,-11.411935472979943,97.59351962082089,109.00545509380083,20
burst,full_action_q_dqn,805,-11.082047977743946,98.63071487098932,109.71276284873326,20
burst,full_action_q_dqn,806,-11.113973257788434,97.18727413445711,108.30124739224554,20
burst,full_action_q_dqn,807,-11.415518501634399,97.31488339103758,108.73040189267199,20
burst,full_action_q_dqn,808,-12.751972528568018,98.24863791413605,111.00061044270407,20
burst,full_action_q_dqn,809,-11.292817557478248,100.98776638984681,112.28058394732504,20
burst,full_action_q_dqn,810,-10.864678447459044,96.00727083064616,106.87194927810519,20
burst,full_action_q_dqn,811,-8.752819618988601,102.07387192621827,110.82669154520688,20
burst,full_action_q_dqn,812,-12.261948702171765,93.5938756416738,105.85582434384557,20
burst,full_action_q_dqn,813,-10.412953839314598,98.54080972023309,108.95376355954768,20
burst,full_action_q_dqn,814,-9.379704726230681,96.25607842698693,105.6357831532176,20
burst,full_action_q_dqn,815,-10.331423837041907,98.20715307176113,108.53857690880304,20
burst,full_action_q_dqn,816,-12.143566687359648,92.86414256736637,105.007709254726,20
burst,full_action_q_dqn,817,-13.18859858861315,96.5266003305465,109.71519891915963,20
burst,full_action_q_dqn,818,-10.62916338210674,97.73774684987963,108.36691023198637,20
burst,full_action_q_dqn,819,-9.200059737277206,95.81823573619127,105.01829547346847,20
burst,immediate_advantage_dqn,800,-10.796999684406481,97.58003959156574,108.37703927597222,20
burst,immediate_advantage_dqn,801,-10.099478979306067,99.5402646818012,109.63974366110726,20
burst,immediate_advantage_dqn,802,-11.416885201554033,96.90310327380897,108.31998847536299,20
burst,immediate_advantage_dqn,803,-12.789823250268025,93.99870765067638,106.7885309009444,20
burst,immediate_advantage_dqn,804,-11.268878545358579,97.73657654844224,109.00545509380083,20
burst,immediate_advantage_dqn,805,-11.1493470144256,98.56341583430768,109.71276284873326,20
burst,immediate_advantage_dqn,806,-10.947843306683916,97.35340408556164,108.30124739224554,20
burst,immediate_advantage_dqn,807,-10.191239371011653,98.53916252166033,108.73040189267199,20
burst,immediate_advantage_dqn,808,-13.14585692892085,97.85475351378322,111.00061044270407,20
burst,immediate_advantage_dqn,809,-11.426147066304384,100.85443688102067,112.28058394732504,20
burst,immediate_advantage_dqn,810,-11.445440253380841,95.42650902472437,106.87194927810519,20
burst,immediate_advantage_dqn,811,-10.21449869501945,100.61219285018743,110.82669154520688,20
burst,immediate_advantage_dqn,812,-12.097835266650046,93.75798907719552,105.85582434384557,20
burst,immediate_advantage_dqn,813,-10.654641360578555,98.29912219896913,108.95376355954768,20
burst,immediate_advantage_dqn,814,-10.025166294318018,95.61061685889959,105.6357831532176,20
burst,immediate_advantage_dqn,815,-11.5458807078213,96.99269620098173,108.53857690880304,20
burst,immediate_advantage_dqn,816,-11.477277773275212,93.53043148145079,105.007709254726,20
burst,immediate_advantage_dqn,817,-12.61563267706084,97.0995662420988,109.71519891915963,20
burst,immediate_advantage_dqn,818,-10.203611790293177,98.16329844169319,108.36691023198637,20
burst,immediate_advantage_dqn,819,-8.958170009863554,96.06012546360492,105.01829547346847,20
burst,standard_dqn,800,-11.338471003307065,97.03856827266515,108.37703927597222,20
burst,standard_dqn,801,-10.227855147393191,99.41188851371408,109.63974366110726,20
burst,standard_dqn,802,-11.72800275831971,96.59198571704329,108.31998847536299,20
burst,standard_dqn,803,-12.654763642121475,94.13376725882293,106.7885309009444,20
burst,standard_dqn,804,-11.624477245107093,97.38097784869373,109.00545509380083,20
burst,standard_dqn,805,-11.05981648385366,98.65294636487961,109.71276284873326,20
burst,standard_dqn,806,-10.6050688205892,97.69617857165636,108.30124739224554,20
burst,standard_dqn,807,-10.627595711360376,98.1028061813116,108.73040189267199,20
burst,standard_dqn,808,-11.646560600569952,99.35404984213412,111.00061044270407,20
burst,standard_dqn,809,-11.440821419531403,100.83976252779365,112.28058394732504,20
burst,standard_dqn,810,-10.870888290990298,96.00106098711491,106.87194927810519,20
burst,standard_dqn,811,-11.14624028462526,99.68045126058162,110.82669154520688,20
burst,standard_dqn,812,-12.160968088567579,93.69485625527798,105.85582434384557,20
burst,standard_dqn,813,-10.977481355754154,97.97628220379353,108.95376355954768,20
burst,standard_dqn,814,-8.739905367162411,96.8958777860552,105.6357831532176,20
burst,standard_dqn,815,-8.90056693559741,99.63800997320563,108.53857690880304,20
burst,standard_dqn,816,-11.338345165132719,93.66936408959329,105.007709254726,20
burst,standard_dqn,817,-13.02622955707955,96.6889693620801,109.71519891915963,20
burst,standard_dqn,818,-10.397620134183487,97.96929009780288,108.36691023198637,20
burst,standard_dqn,819,-9.222688192290242,95.79560728117823,105.01829547346847,20
energy_limited,centered_full_action_dqn,800,-6.591697764612019,119.68275651879608,126.27445428340812,20
energy_limited,centered_full_action_dqn,801,-6.378675920044503,120.08535002879799,126.46402594884248,20
energy_limited,centered_full_action_dqn,802,-7.839436675020001,119.2715214484185,127.1109581234385,20
energy_limited,centered_full_action_dqn,803,-7.414353745753695,117.45303940199315,124.86739314774687,20
energy_limited,centered_full_action_dqn,804,-4.992531382177534,120.03649887233973,125.02903025451727,20
energy_limited,centered_full_action_dqn,805,-8.254872979870987,117.66982400521636,125.92469698508735,20
energy_limited,centered_full_action_dqn,806,-8.285183711617403,117.60049393512308,125.88567764674049,20
energy_limited,centered_full_action_dqn,807,-5.514553876474781,121.02935215689243,126.5439060333672,20
energy_limited,centered_full_action_dqn,808,-7.902272348208737,121.1596271969378,129.06189954514656,20
energy_limited,centered_full_action_dqn,809,-6.66608095529362,121.5215359055251,128.1876168608187,20
energy_limited,centered_full_action_dqn,810,-7.871293769053355,116.67856939442456,124.54986316347791,20
energy_limited,centered_full_action_dqn,811,-7.4070626228190575,120.48198369883,127.88904632164906,20
energy_limited,centered_full_action_dqn,812,-8.452432367322688,116.60029771462082,125.05273008194351,20
energy_limited,centered_full_action_dqn,813,-6.077276240685611,119.90248437263071,125.97976061331633,20
energy_limited,centered_full_action_dqn,814,-7.438348655367622,117.4138889554143,124.85223761078191,20
energy_limited,centered_full_action_dqn,815,-6.297972566066085,119.7621468662098,126.06011943227588,20
energy_limited,centered_full_action_dqn,816,-6.665440303856693,116.16721045061948,122.83265075447616,20
energy_limited,centered_full_action_dqn,817,-9.399625876650033,119.00407302401962,128.40369890066964,20
energy_limited,centered_full_action_dqn,818,-7.159954188570788,118.10635648079217,125.26631066936295,20
energy_limited,centered_full_action_dqn,819,-3.4378179572607386,120.28934960663318,123.72716756389393,20
energy_limited,double_centered_full_action_dqn,800,-6.8738367238559075,119.40061755955219,126.27445428340812,20
energy_limited,double_centered_full_action_dqn,801,-4.921803388719875,121.54222256012261,126.46402594884248,20
energy_limited,double_centered_full_action_dqn,802,-7.374596160211107,119.73636196322738,127.1109581234385,20
energy_limited,double_centered_full_action_dqn,803,-7.923013034636907,116.94438011310994,124.86739314774687,20
energy_limited,double_centered_full_action_dqn,804,-5.381702694479881,119.64732756003738,125.02903025451727,20
energy_limited,double_centered_full_action_dqn,805,-7.740136242709111,118.18456074237824,125.92469698508735,20
energy_limited,double_centered_full_action_dqn,806,-7.378318498625565,118.50735914811492,125.88567764674049,20
energy_limited,double_centered_full_action_dqn,807,-6.0263368206772014,120.51756921269,126.5439060333672,20
energy_limited,double_centered_full_action_dqn,808,-7.866772520644972,121.19512702450156,129.06189954514656,20
energy_limited,double_centered_full_action_dqn,809,-6.575792436924425,121.61182442389429,128.1876168608187,20
energy_limited,double_centered_full_action_dqn,810,-7.871969484857454,116.67789367862046,124.54986316347791,20
energy_limited,double_centered_full_action_dqn,811,-8.00928591362011,119.87976040802896,127.88904632164906,20
energy_limited,double_centered_full_action_dqn,812,-7.713384542060737,117.33934553988279,125.05273008194351,20
energy_limited,double_centered_full_action_dqn,813,-5.899292783835562,120.08046782948077,125.97976061331633,20
energy_limited,double_centered_full_action_dqn,814,-7.01914932664705,117.83308828413487,124.85223761078191,20
energy_limited,double_centered_full_action_dqn,815,-5.608231969056426,120.45188746321946,126.06011943227588,20
energy_limited,double_centered_full_action_dqn,816,-8.152360925773348,114.6802898287028,122.83265075447616,20
energy_limited,double_centered_full_action_dqn,817,-9.251076760768708,119.15262213990093,128.40369890066964,20
energy_limited,double_centered_full_action_dqn,818,-6.943574302152209,118.32273636721075,125.26631066936295,20
energy_limited,double_centered_full_action_dqn,819,-4.016980632775556,119.71018693111837,123.72716756389393,20
energy_limited,double_dqn,800,-7.08907317056435,119.18538111284374,126.27445428340812,20
energy_limited,double_dqn,801,-6.627697667007761,119.83632828183472,126.46402594884248,20
energy_limited,double_dqn,802,-6.666033443518418,120.44492467992009,127.1109581234385,20
energy_limited,double_dqn,803,-3.9646612333383473,120.90273191440852,124.86739314774687,20
energy_limited,double_dqn,804,-4.068221626017752,120.9608086284995,125.02903025451727,20
energy_limited,double_dqn,805,-7.238292568079186,118.68640441700816,125.92469698508735,20
energy_limited,double_dqn,806,-4.70022547808211,121.18545216865837,125.88567764674049,20
energy_limited,double_dqn,807,-6.474994939819256,120.06891109354794,126.5439060333672,20
energy_limited,double_dqn,808,-6.327799809826922,122.73409973531962,129.06189954514656,20
energy_limited,double_dqn,809,-5.715327113446444,122.47228974737227,128.1876168608187,20
energy_limited,double_dqn,810,-7.857835694424049,116.69202746905387,124.54986316347791,20
energy_limited,double_dqn,811,-6.195409510720486,121.6936368109286,127.88904632164906,20
energy_limited,double_dqn,812,-6.829955657390599,118.22277442455292,125.05273008194351,20
energy_limited,double_dqn,813,-5.926606976190244,120.05315363712609,125.97976061331633,20
energy_limited,double_dqn,814,-7.315670682380332,117.53656692840158,124.85223761078191,20
energy_limited,double_dqn,815,-0.32282902914076816,125.73729040313512,126.06011943227588,20
energy_limited,double_dqn,816,-8.092193924958073,114.74045682951808,122.83265075447616,20
energy_limited,double_dqn,817,-9.258681206062258,119.14501769460738,128.40369890066964,20
energy_limited,double_dqn,818,-6.398185881629992,118.86812478773297,125.26631066936295,20
energy_limited,double_dqn,819,-1.3844745300794954,122.34269303381443,123.72716756389393,20
energy_limited,full_action_q_dqn,800,-7.111719276524363,119.16273500688374,126.27445428340812,20
energy_limited,full_action_q_dqn,801,-5.167241886605938,121.29678406223654,126.46402594884248,20
energy_limited,full_action_q_dqn,802,-5.642522386916418,121.46843573652208,127.1109581234385,20
energy_limited,full_action_q_dqn,803,-7.960756104240943,116.90663704350591,124.86739314774687,20
energy_limited,full_action_q_dqn,804,-3.6399897212875523,121.38904053322972,125.02903025451727,20
energy_limited,full_action_q_dqn,805,-7.669761958695005,118.25493502639233,125.92469698508735,20
energy_limited,full_action_q_dqn,806,-6.245917803465536,119.63975984327494,125.88567764674049,20
energy_limited,full_action_q_dqn,807,-6.424693585440794,120.1192124479264,126.5439060333672,20
energy_limited,full_action_q_dqn,808,-7.2600759128019305,121.8018236323446,129.06189954514656,20
energy_limited,full_action_q_dqn,809,-5.545140854146924,122.64247600667179,128.1876168608187,20
energy_limited,full_action_q_dqn,810,-7.513891654259697,117.03597150921821,124.54986316347791,20
energy_limited,full_action_q_dqn,811,-2.85955280161273,125.02949352003634,127.88904632164906,20
energy_limited,full_action_q_dqn,812,-7.8591749594041165,117.1935551225394,125.05273008194351,20
energy_limited,full_action_q_dqn,813,-4.867801620760587,121.11195899255574,125.97976061331633,20
energy_limited,full_action_q_dqn,814,-7.672152695509027,117.18008491527289,124.85223761078191,20
energy_limited,full_action_q_dqn,815,-5.242020463971192,120.81809896830468,126.06011943227588,20
energy_limited,full_action_q_dqn,816,-7.896229783469998,114.93642097100614,122.83265075447616,20
energy_limited,full_action_q_dqn,817,-8.998120858326374,119.40557804234327,128.40369890066964,20
energy_limited,full_action_q_dqn,818,-5.8922545502636945,119.37405611909927,125.26631066936295,20
energy_limited,full_action_q_dqn,819,-2.823044152193795,120.90412341170013,123.72716756389393,20
energy_limited,immediate_advantage_dqn,800,-5.598297206527766,120.67615707688034,126.27445428340812,20
energy_limited,immediate_advantage_dqn,801,-8.007109028374273,118.45691692046822,126.46402594884248,20
energy_limited,immediate_advantage_dqn,802,-5.992785091780563,121.11817303165795,127.1109581234385,20
energy_limited,immediate_advantage_dqn,803,-8.2048108463239,116.66258230142296,124.86739314774687,20
energy_limited,immediate_advantage_dqn,804,-4.190733225230632,120.83829702928662,125.02903025451727,20
energy_limited,immediate_advantage_dqn,805,-8.236671631908965,117.68802535317839,125.92469698508735,20
energy_limited,immediate_advantage_dqn,806,-6.325096662982516,119.56058098375797,125.88567764674049,20
energy_limited,immediate_advantage_dqn,807,-5.8182935720982965,120.72561246126891,126.5439060333672,20
energy_limited,immediate_advantage_dqn,808,-9.307328824578233,119.75457072056831,129.06189954514656,20
energy_limited,immediate_advantage_dqn,809,-6.919115055975169,121.26850180484355,128.1876168608187,20
energy_limited,immediate_advantage_dqn,810,-7.923658857441683,116.62620430603624,124.54986316347791,20
energy_limited,immediate_advantage_dqn,811,-5.293929487157577,122.5951168344915,127.88904632164906,20
energy_limited,immediate_advantage_dqn,812,-8.65095281836176,116.40177726358176,125.05273008194351,20
energy_limited,immediate_advantage_dqn,813,-5.922111691185863,120.05764892213047,125.97976061331633,20
energy_limited,immediate_advantage_dqn,814,-7.677260658482439,117.17497695229947,124.85223761078191,20
energy_limited,immediate_advantage_dqn,815,-5.317880320912001,120.74223911136389,126.06011943227588,20
energy_limited,immediate_advantage_dqn,816,-8.295171690011585,114.53747906446456,122.83265075447616,20
energy_limited,immediate_advantage_dqn,817,-9.380980806827365,119.02271809384226,128.40369890066964,20
energy_limited,immediate_advantage_dqn,818,-7.213133381486342,118.05317728787661,125.26631066936295,20
energy_limited,immediate_advantage_dqn,819,-2.3681239284659723,121.35904363542795,123.72716756389393,20
energy_limited,standard_dqn,800,-7.167541673249779,119.10691261015832,126.27445428340812,20
energy_limited,standard_dqn,801,-5.600542359029372,120.86348358981311,126.46402594884248,20
energy_limited,standard_dqn,802,-6.7695862687457975,120.3413718546927,127.1109581234385,20
energy_limited,standard_dqn,803,-6.547548163334659,118.3198449844122,124.86739314774687,20
energy_limited,standard_dqn,804,-3.949051735807717,121.07997851870955,125.02903025451727,20
energy_limited,standard_dqn,805,-7.671083804867221,118.25361318022013,125.92469698508735,20
energy_limited,standard_dqn,806,-6.62185084146183,119.26382680527865,125.88567764674049,20
energy_limited,standard_dqn,807,-5.945107511312051,120.59879852205515,126.5439060333672,20
energy_limited,standard_dqn,808,-5.981949359728406,123.07995018541813,129.06189954514656,20
energy_limited,standard_dqn,809,-6.5520154521881055,121.6356014086306,128.1876168608187,20
energy_limited,standard_dqn,810,-7.867016963458793,116.68284620001911,124.54986316347791,20
energy_limited,standard_dqn,811,-5.965801228571647,121.92324509307741,127.88904632164906,20
energy_limited,standard_dqn,812,-7.553902873960974,117.49882720798254,125.05273008194351,20
energy_limited,standard_dqn,813,-6.85507175604406,119.12468885727228,125.97976061331633,20
energy_limited,standard_dqn,814,-6.961144696439033,117.89109291434288,124.85223761078191,20
energy_limited,standard_dqn,815,-2.5100636453831155,123.55005578689277,126.06011943227588,20
energy_limited,standard_dqn,816,-8.09536891567167,114.73728183880448,122.83265075447616,20
energy_limited,standard_dqn,817,-9.068111931711254,119.33558696895838,128.40369890066964,20
energy_limited,standard_dqn,818,-5.795127344385198,119.47118332497776,125.26631066936295,20
energy_limited,standard_dqn,819,-3.0006079427982657,120.72655962109566,123.72716756389393,20
link_limited,centered_full_action_dqn,800,-14.607321528867061,101.7431568595022,116.35047838836927,20
link_limited,centered_full_action_dqn,801,-14.313775738900867,104.61250798135995,118.92628372026084,20
link_limited,centered_full_action_dqn,802,-15.521795051283442,101.15520610712468,116.67700115840812,20
link_limited,centered_full_action_dqn,803,-14.380284444174311,98.93351683489979,113.3138012790741,20
link_limited,centered_full_action_dqn,804,-13.527055417758827,101.90182127818466,115.42887669594347,20
link_limited,centered_full_action_dqn,805,-13.448653144968551,102.00417162686587,115.45282477183441,20
link_limited,centered_full_action_dqn,806,-14.386807452073475,101.14213405974209,115.52894151181556,20
link_limited,centered_full_action_dqn,807,-13.82963919537857,102.98293033622205,116.81256953160062,20
link_limited,centered_full_action_dqn,808,-13.550152223847252,104.03673204563559,117.58688426948284,20
link_limited,centered_full_action_dqn,809,-14.220735223213108,105.04896953299642,119.26970475620953,20
link_limited,centered_full_action_dqn,810,-13.372912957385267,100.7382151196152,114.11112807700047,20
link_limited,centered_full_action_dqn,811,-13.463449751632146,103.61597028382123,117.07942003545335,20
link_limited,centered_full_action_dqn,812,-14.812008559533329,99.83135680936277,114.6433653688961,20
link_limited,centered_full_action_dqn,813,-13.53505167444489,103.0313974931091,116.566449167554,20
link_limited,centered_full_action_dqn,814,-13.707306142539952,101.619360377118,115.32666651965795,20
link_limited,centered_full_action_dqn,815,-15.203285902345826,101.51939549222588,116.72268139457171,20
link_limited,centered_full_action_dqn,816,-13.167539009887648,97.97258393406868,111.14012294395631,20
link_limited,centered_full_action_dqn,817,-13.310730373694165,102.54974720858038,115.86047758227456,20
link_limited,centered_full_action_dqn,818,-12.25277836619286,101.26776764221489,113.52054600840775,20
link_limited,centered_full_action_dqn,819,-14.070342852079502,100.24961801096796,114.31996086304748,20
link_limited,double_centered_full_action_dqn,800,-14.431281216666275,101.91919717170298,116.35047838836927,20
link_limited,double_centered_full_action_dqn,801,-14.534995834729042,104.39128788553178,118.92628372026084,20
link_limited,double_centered_full_action_dqn,802,-15.512288420758448,101.16471273764968,116.67700115840812,20
link_limited,double_centered_full_action_dqn,803,-14.360385046011348,98.95341623306275,113.3138012790741,20
link_limited,double_centered_full_action_dqn,804,-13.42098108456791,102.00789561137557,115.42887669594347,20
link_limited,double_centered_full_action_dqn,805,-11.75417940436105,103.69864536747336,115.45282477183441,20
link_limited,double_centered_full_action_dqn,806,-14.297661259776135,101.23128025203944,115.52894151181556,20
link_limited,double_centered_full_action_dqn,807,-13.936094059522896,102.87647547207773,116.81256953160062,20
link_limited,double_centered_full_action_dqn,808,-13.627850521571384,103.95903374791146,117.58688426948284,20
link_limited,double_centered_full_action_dqn,809,-13.951453760558639,105.3182509956509,119.26970475620953,20
link_limited,double_centered_full_action_dqn,810,-13.342700613156044,100.76842746384442,114.11112807700047,20
link_limited,double_centered_full_action_dqn,811,-13.21110676941447,103.8683132660389,117.07942003545335,20
link_limited,double_centered_full_action_dqn,812,-15.075480298527452,99.56788507036865,114.6433653688961,20
link_limited,double_centered_full_action_dqn,813,-13.959814216916183,102.60663495063781,116.566449167554,20
link_limited,double_centered_full_action_dqn,814,-13.295581130773996,102.03108538888395,115.32666651965795,20
link_limited,double_centered_full_action_dqn,815,-14.814557176808165,101.90812421776354,116.72268139457171,20
link_limited,double_centered_full_action_dqn,816,-13.119874210271902,98.02024873368443,111.14012294395631,20
link_limited,double_centered_full_action_dqn,817,-13.189011025263534,102.67146655701102,115.86047758227456,20
link_limited,double_centered_full_action_dqn,818,-12.189755181058922,101.33079082734884,113.52054600840775,20
link_limited,double_centered_full_action_dqn,819,-14.373190809690584,99.94677005335689,114.31996086304748,20
link_limited,double_dqn,800,-15.026745692044667,101.32373269632458,116.35047838836927,20
link_limited,double_dqn,801,-13.611938611990178,105.31434510827064,118.92628372026084,20
link_limited,double_dqn,802,-15.043289807922443,101.63371135048568,116.67700115840812,20
link_limited,double_dqn,803,-13.369614524698397,99.94418675437569,113.3138012790741,20
link_limited,double_dqn,804,-13.400988044602277,102.02788865134121,115.42887669594347,20
link_limited,double_dqn,805,-12.325053179396196,103.12777159243822,115.45282477183441,20
link_limited,double_dqn,806,-12.089343466615455,103.43959804520011,115.52894151181556,20
link_limited,double_dqn,807,-13.962537376682906,102.85003215491773,116.81256953160062,20
link_limited,double_dqn,808,-12.222300936422691,105.36458333306014,117.58688426948284,20
link_limited,double_dqn,809,-13.989884339639815,105.27982041656972,119.26970475620953,20
link_limited,double_dqn,810,-12.355983597576701,101.75514447942376,114.11112807700047,20
link_limited,double_dqn,811,-12.740596446366833,104.33882358908654,117.07942003545335,20
link_limited,double_dqn,812,-14.04392095749912,100.59944441139699,114.6433653688961,20
link_limited,double_dqn,813,-14.221348963726976,102.34510020382703,116.566449167554,20
link_limited,double_dqn,814,-14.381289804631143,100.94537671502681,115.32666651965795,20
link_limited,double_dqn,815,-9.775236131975698,106.947445262596,116.72268139457171,20
link_limited,double_dqn,816,-12.659154487837025,98.4809684561193,111.14012294395631,20
link_limited,double_dqn,817,-13.171409003792865,102.68906857848167,115.86047758227456,20
link_limited,double_dqn,818,-11.137478707492033,102.38306730091571,113.52054600840775,20
link_limited,double_dqn,819,-13.375395624988906,100.94456523805857,114.31996086304748,20
link_limited,full_action_q_dqn,800,-14.80751032844203,101.54296805992723,116.35047838836927,20
link_limited,full_action_q_dqn,801,-14.29649212864634,104.62979159161448,118.92628372026084,20
link_limited,full_action_q_dqn,802,-15.111471523455581,101.56552963495254,116.67700115840812,20
link_limited,full_action_q_dqn,803,-14.352434445849202,98.9613668332249,113.3138012790741,20
link_limited,full_action_q_dqn,804,-11.904622532067304,103.52425416387618,115.42887669594347,20
link_limited,full_action_q_dqn,805,-12.812361584884925,102.6404631869495,115.45282477183441,20
link_limited,full_action_q_dqn,806,-13.941366101434607,101.58757541038096,115.52894151181556,20
link_limited,full_action_q_dqn,807,-14.1326071706672,102.67996236093343,116.81256953160062,20
link_limited,full_action_q_dqn,808,-13.378900674200997,104.20798359528185,117.58688426948284,20
link_limited,full_action_q_dqn,809,-13.649321840697798,105.62038291551173,119.26970475620953,20
link_limited,full_action_q_dqn,810,-12.218348770007577,101.89277930699288,114.11112807700047,20
link_limited,full_action_q_dqn,811,-11.810072074504424,105.26934796094895,117.07942003545335,20
link_limited,full_action_q_dqn,812,-15.181476445251079,99.46188892364503,114.6433653688961,20
link_limited,full_action_q_dqn,813,-13.228869665016157,103.33757950253785,116.566449167554,20
link_limited,full_action_q_dqn,814,-14.068930786491602,101.25773573316634,115.32666651965795,20
link_limited,full_action_q_dqn,815,-13.472951817492298,103.24972957707942,116.72268139457171,20
link_limited,full_action_q_dqn,816,-13.688861789617613,97.45126115433871,111.14012294395631,20
link_limited,full_action_q_dqn,817,-13.09248611456023,102.76799146771432,115.86047758227456,20
link_limited,full_action_q_dqn,818,-11.99170661619274,101.52883939221502,113.52054600840775,20
link_limited,full_action_q_dqn,819,-14.07738164541983,100.24257921762765,114.31996086304748,20
link_limited,immediate_advantage_dqn,800,-14.714681420698934,101.63579696767032,116.35047838836927,20
link_limited,immediate_advantage_dqn,801,-14.004118030717933,104.92216568954288,118.92628372026084,20
link_limited,immediate_advantage_dqn,802,-14.98157718639751,101.69542397201062,116.67700115840812,20
link_limited,immediate_advantage_dqn,803,-14.57812384620919,98.7356774328649,113.3138012790741,20
link_limited,immediate_advantage_dqn,804,-13.33820236401022,102.09067433193327,115.42887669594347,20
link_limited,immediate_advantage_dqn,805,-12.323130091784403,103.12969468005001,115.45282477183441,20
link_limited,immediate_advantage_dqn,806,-14.515899723028918,101.01304178878665,115.52894151181556,20
link_limited,immediate_advantage_dqn,807,-13.880749414216428,102.9318201173842,116.81256953160062,20
link_limited,immediate_advantage_dqn,808,-14.148264944470867,103.43861932501197,117.58688426948284,20
link_limited,immediate_advantage_dqn,809,-14.136632968479665,105.13307178772986,119.26970475620953,20
link_limited,immediate_advantage_dqn,810,-12.686941934615456,101.42418614238501,114.11112807700047,20
link_limited,immediate_advantage_dqn,811,-12.435747744934487,104.64367229051888,117.07942003545335,20
link_limited,immediate_advantage_dqn,812,-14.92738745821354,99.71597791068255,114.6433653688961,20
link_limited,immediate_advantage_dqn,813,-13.680513937820411,102.88593522973358,116.566449167554,20
link_limited,immediate_advantage_dqn,814,-14.558798656032655,100.7678678636253,115.32666651965795,20
link_limited,immediate_advantage_dqn,815,-15.283065902048993,101.43961549252272,116.72268139457171,20
link_limited,immediate_advantage_dqn,816,-12.859011735532357,98.28111120842398,111.14012294395631,20
link_limited,immediate_advantage_dqn,817,-12.734941399826274,103.12553618244826,115.86047758227456,20
link_limited,immediate_advantage_dqn,818,-11.84734412787823,101.67320188052952,113.52054600840775,20
link_limited,immediate_advantage_dqn,819,-13.975342079528804,100.34461878351867,114.31996086304748,20
link_limited,standard_dqn,800,-15.04609880089777,101.30437958747149,116.35047838836927,20
link_limited,standard_dqn,801,-14.615641465610235,104.31064225465059,118.92628372026084,20
link_limited,standard_dqn,802,-14.749991094804605,101.92701006360352,116.67700115840812,20
link_limited,standard_dqn,803,-13.497555887630721,99.81624539144337,113.3138012790741,20
link_limited,standard_dqn,804,-13.04769867846132,102.38117801748217,115.42887669594347,20
link_limited,standard_dqn,805,-12.865489628745124,102.58733514308929,115.45282477183441,20
link_limited,standard_dqn,806,-13.867529479792495,101.66141203202308,115.52894151181556,20
link_limited,standard_dqn,807,-13.90250933143094,102.91006020016968,116.81256953160062,20
link_limited,standard_dqn,808,-11.949537065021142,105.63734720446169,117.58688426948284,20
link_limited,standard_dqn,809,-14.169025875994834,105.1006788802147,119.26970475620953,20
link_limited,standard_dqn,810,-12.061050256133164,102.0500778208673,114.11112807700047,20
link_limited,standard_dqn,811,-12.854539085151481,104.2248809503019,117.07942003545335,20
link_limited,standard_dqn,812,-15.06807812211749,99.57528724677861,114.6433653688961,20
link_limited,standard_dqn,813,-14.157555042852383,102.40889412470162,116.566449167554,20
link_limited,standard_dqn,814,-13.364434259028403,101.96223226062953,115.32666651965795,20
link_limited,standard_dqn,815,-13.232260157520225,103.49042123705149,116.72268139457171,20
link_limited,standard_dqn,816,-11.89958759396143,99.2405353499949,111.14012294395631,20
link_limited,standard_dqn,817,-13.206418793110714,102.65405878916383,115.86047758227456,20
link_limited,standard_dqn,818,-11.80770956373183,101.71283644467593,113.52054600840775,20
link_limited,standard_dqn,819,-14.056557204851146,100.26340365819632,114.31996086304748,20
nominal,centered_full_action_dqn,800,-13.081708499823424,77.25185512438416,90.33356362420759,20
nominal,centered_full_action_dqn,801,-13.712113060094666,78.9088074105233,92.62092047061796,20
nominal,centered_full_action_dqn,802,-13.279615291929892,78.01332706838846,91.29294236031835,20
nominal,centered_full_action_dqn,803,-13.480319669401315,75.35915019258857,88.83946986198988,20
nominal,centered_full_action_dqn,804,-14.568856875316778,76.4011650147289,90.97002189004567,20
nominal,centered_full_action_dqn,805,-13.959844820283882,78.01120030514896,91.97104512543284,20
nominal,centered_full_action_dqn,806,-12.993451810756373,78.52125078111888,91.51470259187525,20
nominal,centered_full_action_dqn,807,-11.480053667018376,80.40230668723584,91.8823603542542,20
nominal,centered_full_action_dqn,808,-13.584772477904414,79.21951768428087,92.8042901621853,20
nominal,centered_full_action_dqn,809,-11.766296981560611,81.2651273151487,93.03142429670933,20
nominal,centered_full_action_dqn,810,-15.324498993609609,74.42247374981642,89.74697274342603,20
nominal,centered_full_action_dqn,811,-13.800586481096161,79.14775791950524,92.9483444006014,20
nominal,centered_full_action_dqn,812,-12.835600232626907,75.22154981441795,88.05715004704487,20
nominal,centered_full_action_dqn,813,-12.946271305071713,77.69517650730907,90.64144781238079,20
nominal,centered_full_action_dqn,814,-11.299218429395163,77.85512629419566,89.15434472359081,20
nominal,centered_full_action_dqn,815,-12.86781635601167,78.34889295574278,91.21670931175444,20
nominal,centered_full_action_dqn,816,-13.67980351218572,74.15171079970897,87.83151431189468,20
nominal,centered_full_action_dqn,817,-15.148984580366733,77.8425140335411,92.99149861390781,20
nominal,centered_full_action_dqn,818,-12.588168830353924,77.69493287943304,90.28310170978696,20
nominal,centered_full_action_dqn,819,-10.935696857211045,77.48816717013717,88.42386402734822,20
nominal,double_centered_full_action_dqn,800,-13.261915646080585,77.071647978127,90.33356362420759,20
nominal,double_centered_full_action_dqn,801,-12.46711760815258,80.15380286246538,92.62092047061796,20
nominal,double_centered_full_action_dqn,802,-13.168525794795801,78.12441656552255,91.29294236031835,20
nominal,double_centered_full_action_dqn,803,-13.710022203853393,75.12944765813648,88.83946986198988,20
nominal,double_centered_full_action_dqn,804,-14.638302196578659,76.33171969346702,90.97002189004567,20
nominal,double_centered_full_action_dqn,805,-13.044760780342449,78.9262843450904,91.97104512543284,20
nominal,double_centered_full_action_dqn,806,-12.870589534917523,78.64411305695772,91.51470259187525,20
nominal,double_centered_full_action_dqn,807,-11.49409031126853,80.38827004298568,91.8823603542542,20
nominal,double_centered_full_action_dqn,808,-13.338765073726032,79.46552508845926,92.8042901621853,20
nominal,double_centered_full_action_dqn,809,-11.665081687706138,81.36634260900318,93.03142429670933,20
nominal,double_centered_full_action_dqn,810,-15.334709051777185,74.41226369164885,89.74697274342603,20
nominal,double_centered_full_action_dqn,811,-13.513384549917593,79.43495985068381,92.9483444006014,20
nominal,double_centered_full_action_dqn,812,-13.302727335985415,74.75442271105945,88.05715004704487,20
nominal,double_centered_full_action_dqn,813,-12.895011984544396,77.7464358278364,90.64144781238079,20
nominal,double_centered_full_action_dqn,814,-11.222944572710599,77.93140015088022,89.15434472359081,20
nominal,double_centered_full_action_dqn,815,-13.346467600987296,77.87024171076715,91.21670931175444,20
nominal,double_centered_full_action_dqn,816,-13.474043911114242,74.35747040078044,87.83151431189468,20
nominal,double_centered_full_action_dqn,817,-15.35876541341734,77.63273320049048,92.99149861390781,20
nominal,double_centered_full_action_dqn,818,-12.841923472289153,77.44117823749781,90.28310170978696,20
nominal,double_centered_full_action_dqn,819,-11.019717923787287,77.40414610356092,88.42386402734822,20
nominal,double_dqn,800,-12.899319411177846,77.43424421302974,90.33356362420759,20
nominal,double_dqn,801,-13.120623426921915,79.50029704369605,92.62092047061796,20
nominal,double_dqn,802,-12.836937160543252,78.45600519977509,91.29294236031835,20
nominal,double_dqn,803,-11.795858513196972,77.04361134879291,88.83946986198988,20
nominal,double_dqn,804,-13.76478686043767,77.20523502960802,90.97002189004567,20
nominal,double_dqn,805,-13.447753261410227,78.52329186402261,91.97104512543284,20
nominal,double_dqn,806,-10.971298576870607,80.54340401500464,91.51470259187525,20
nominal,double_dqn,807,-12.198630894759855,79.68372945949434,91.8823603542542,20
nominal,double_dqn,808,-13.121638131523586,79.6826520306617,92.8042901621853,20
nominal,double_dqn,809,-11.572244121047284,81.45918017566204,93.03142429670933,20
nominal,double_dqn,810,-14.258623014618218,75.4883497288078,89.74697274342603,20
nominal,double_dqn,811,-12.502024123446954,80.44632027715446,92.9483444006014,20
nominal,double_dqn,812,-12.772952464665881,75.284197582379,88.05715004704487,20
nominal,double_dqn,813,-12.721638230743409,77.9198095816374,90.64144781238079,20
nominal,double_dqn,814,-11.518939960443578,77.63540476314724,89.15434472359081,20
nominal,double_dqn,815,-9.329732017369015,81.88697729438543,91.21670931175444,20
nominal,double_dqn,816,-13.41281263516834,74.41870167672634,87.83151431189468,20
nominal,double_dqn,817,-14.936644918798327,78.05485369510949,92.99149861390781,20
nominal,double_dqn,818,-12.053428152207442,78.22967355757952,90.28310170978696,20
nominal,double_dqn,819,-9.364173886266403,79.0596901410818,88.42386402734822,20
nominal,full_action_q_dqn,800,-13.232865608219715,77.10069801598787,90.33356362420759,20
nominal,full_action_q_dqn,801,-12.888534322269512,79.73238614834845,92.62092047061796,20
nominal,full_action_q_dqn,802,-12.73711132561331,78.55583103470505,91.29294236031835,20
nominal,full_action_q_dqn,803,-13.502907303502823,75.33656255848706,88.83946986198988,20
nominal,full_action_q_dqn,804,-13.720557630525509,77.24946425952018,90.97002189004567,20
nominal,full_action_q_dqn,805,-13.31235685163044,78.6586882738024,91.97104512543284,20
nominal,full_action_q_dqn,806,-12.816662218624401,78.69804037325085,91.51470259187525,20
nominal,full_action_q_dqn,807,-12.371675297657214,79.510685056597,91.8823603542542,20
nominal,full_action_q_dqn,808,-13.841261126929975,78.96302903525532,92.8042901621853,20
nominal,full_action_q_dqn,809,-11.320404288607268,81.71102000810205,93.03142429670933,20
nominal,full_action_q_dqn,810,-14.460136911873283,75.28683583155274,89.74697274342603,20
nominal,full_action_q_dqn,811,-9.632553056033267,83.31579134456813,92.9483444006014,20
nominal,full_action_q_dqn,812,-13.12130863584172,74.93584141120314,88.05715004704487,20
nominal,full_action_q_dqn,813,-12.427695674287678,78.21375213809311,90.64144781238079,20
nominal,full_action_q_dqn,814,-11.502700274207795,77.65164444938303,89.15434472359081,20
nominal,full_action_q_dqn,815,-11.482300556153994,79.73440875560046,91.21670931175444,20
nominal,full_action_q_dqn,816,-13.93831447781613,73.89319983407856,87.83151431189468,20
nominal,full_action_q_dqn,817,-14.721712401910546,78.26978621199727,92.99149861390781,20
nominal,full_action_q_dqn,818,-12.514254996556945,77.76884671323002,90.28310170978696,20
nominal,full_action_q_dqn,819,-10.202119449761563,78.22174457758665,88.42386402734822,20
nominal,immediate_advantage_dqn,800,-12.776083493341417,77.55748013086617,90.33356362420759,20
nominal,immediate_advantage_dqn,801,-14.060970464907836,78.55995000571014,92.62092047061796,20
nominal,immediate_advantage_dqn,802,-12.765982023603371,78.52696033671499,91.29294236031835,20
nominal,immediate_advantage_dqn,803,-13.561065253099466,75.27840460889041,88.83946986198988,20
nominal,immediate_advantage_dqn,804,-13.292151031286991,77.6778708587587,90.97002189004567,20
nominal,immediate_advantage_dqn,805,-13.865573856317033,78.10547126911581,91.97104512543284,20
nominal,immediate_advantage_dqn,806,-13.178181791135717,78.33652080073952,91.51470259187525,20
nominal,immediate_advantage_dqn,807,-11.141192125940881,80.74116822831333,91.8823603542542,20
nominal,immediate_advantage_dqn,808,-14.668862184593532,78.13542797759176,92.8042901621853,20
nominal,immediate_advantage_dqn,809,-12.373467578055884,80.65795671865344,93.03142429670933,20
nominal,immediate_advantage_dqn,810,-14.731996683631598,75.01497605979442,89.74697274342603,20
nominal,immediate_advantage_dqn,811,-11.669767787011278,81.27857661359012,92.9483444006014,20
nominal,immediate_advantage_dqn,812,-12.715955404486172,75.34119464255869,88.05715004704487,20
nominal,immediate_advantage_dqn,813,-13.370453542234898,77.2709942701459,90.64144781238079,20
nominal,immediate_advantage_dqn,814,-11.889286135130728,77.26505858846009,89.15434472359081,20
nominal,immediate_advantage_dqn,815,-12.869165161774498,78.34754414997994,91.21670931175444,20
nominal,immediate_advantage_dqn,816,-13.360238881572988,74.4712754303217,87.83151431189468,20
nominal,immediate_advantage_dqn,817,-14.910721869050382,78.08077674485743,92.99149861390781,20
nominal,immediate_advantage_dqn,818,-12.597631904114195,77.68546980567277,90.28310170978696,20
nominal,immediate_advantage_dqn,819,-9.945635311690024,78.47822871565819,88.42386402734822,20
nominal,standard_dqn,800,-13.03548754270813,77.29807608149946,90.33356362420759,20
nominal,standard_dqn,801,-12.854271957166741,79.76664851345122,92.62092047061796,20
nominal,standard_dqn,802,-12.993069557151845,78.29987280316651,91.29294236031835,20
nominal,standard_dqn,803,-13.110570358043578,75.72889950394631,88.83946986198988,20
nominal,standard_dqn,804,-13.350284397394933,77.61973749265074,90.97002189004567,20
nominal,standard_dqn,805,-13.181635582827559,78.78940954260528,91.97104512543284,20
nominal,standard_dqn,806,-12.432446243891167,79.08225634798409,91.51470259187525,20
nominal,standard_dqn,807,-11.499099782819119,80.3832605714351,91.8823603542542,20
nominal,standard_dqn,808,-12.536817446509456,80.26747271567584,92.8042901621853,20
nominal,standard_dqn,809,-11.950722695576575,81.08070160113274,93.03142429670933,20
nominal,standard_dqn,810,-14.117324238796295,75.62964850462973,89.74697274342603,20
nominal,standard_dqn,811,-12.844140357227934,80.10420404337347,92.9483444006014,20
nominal,standard_dqn,812,-13.031354237790817,75.02579580925405,88.05715004704487,20
nominal,standard_dqn,813,-12.791794751050471,77.84965306133032,90.64144781238079,20
nominal,standard_dqn,814,-10.791329996057952,78.36301472753287,89.15434472359081,20
nominal,standard_dqn,815,-9.867341294624847,81.34936801712959,91.21670931175444,20
nominal,standard_dqn,816,-12.656941055670288,75.17457325622439,87.83151431189468,20
nominal,standard_dqn,817,-14.57300631056619,78.41849230334164,92.99149861390781,20
nominal,standard_dqn,818,-12.29643501047433,77.98666669931262,90.28310170978696,20
nominal,standard_dqn,819,-10.051759726193598,78.37210430115462,88.42386402734822,20
thermal_stress,centered_full_action_dqn,800,-11.464048056138022,97.36326758891344,108.82731564505147,20
thermal_stress,centered_full_action_dqn,801,-10.967459941591732,98.99414568647742,109.96160562806915,20
thermal_stress,centered_full_action_dqn,802,-12.52647064548518,96.70972492523491,109.23619557072008,20
thermal_stress,centered_full_action_dqn,803,-14.242218889279124,93.8548268147558,108.09704570403491,20
thermal_stress,centered_full_action_dqn,804,-13.091769582213644,96.9179832278192,110.00975281003284,20
thermal_stress,centered_full_action_dqn,805,-12.913884475416364,98.24293005719781,111.15681453261418,20
thermal_stress,centered_full_action_dqn,806,-11.116978101188998,97.46554560102523,108.58252370221423,20
thermal_stress,centered_full_action_dqn,807,-11.547884976475633,97.89029781058431,109.43818278705994,20
thermal_stress,centered_full_action_dqn,808,-12.937733012130906,98.6445618160069,111.5822948281378,20
thermal_stress,centered_full_action_dqn,809,-12.69703978433229,101.0182967761159,113.7153365604482,20
thermal_stress,centered_full_action_dqn,810,-11.887029656303591,95.41015540756285,107.29718506386644,20
thermal_stress,centered_full_action_dqn,811,-12.326367541973775,99.56868916720153,111.8950567091753,20
thermal_stress,centered_full_action_dqn,812,-12.688239186158334,94.12362102001904,106.81186020617739,20
thermal_stress,centered_full_action_dqn,813,-11.675852883499825,98.36326436191798,110.03911724541781,20
thermal_stress,centered_full_action_dqn,814,-10.43030242127208,96.60806345537306,107.03836587664514,20
thermal_stress,centered_full_action_dqn,815,-12.028396752726081,97.355530936718,109.38392768944406,20
thermal_stress,centered_full_action_dqn,816,-12.611895327794597,93.38491288945079,105.99680821724539,20
thermal_stress,centered_full_action_dqn,817,-13.385083151350125,96.57493409223855,109.96001724358867,20
thermal_stress,centered_full_action_dqn,818,-11.16196755331963,97.89499797590078,109.0569655292204,20
thermal_stress,centered_full_action_dqn,819,-10.176857686573815,95.68984532266856,105.86670300924236,20
thermal_stress,double_centered_full_action_dqn,800,-11.797607187313304,97.02970845773817,108.82731564505147,20
thermal_stress,double_centered_full_action_dqn,801,-10.794505186836828,99.16710044123234,109.96160562806915,20
thermal_stress,double_centered_full_action_dqn,802,-12.463519006116048,96.77267656460404,109.23619557072008,20
thermal_stress,double_centered_full_action_dqn,803,-14.308671189380643,93.78837451465428,108.09704570403491,20
thermal_stress,double_centered_full_action_dqn,804,-13.207876578153853,96.80187623187899,110.00975281003284,20
thermal_stress,double_centered_full_action_dqn,805,-12.208436292481732,98.94837824013244,111.15681453261418,20
thermal_stress,double_centered_full_action_dqn,806,-11.501511910835966,97.08101179137826,108.58252370221423,20
thermal_stress,double_centered_full_action_dqn,807,-11.243552010863223,98.19463077619672,109.43818278705994,20
thermal_stress,double_centered_full_action_dqn,808,-12.78926975614434,98.79302507199347,111.5822948281378,20
thermal_stress,double_centered_full_action_dqn,809,-12.733838801374212,100.98149775907397,113.7153365604482,20
thermal_stress,double_centered_full_action_dqn,810,-11.684560703319978,95.61262436054646,107.29718506386644,20
thermal_stress,double_centered_full_action_dqn,811,-11.86810341065127,100.02695329852403,111.8950567091753,20
thermal_stress,double_centered_full_action_dqn,812,-13.032873223697697,93.7789869824797,106.81186020617739,20
thermal_stress,double_centered_full_action_dqn,813,-11.561270216074552,98.47784702934325,110.03911724541781,20
thermal_stress,double_centered_full_action_dqn,814,-10.413218691170496,96.62514718547463,107.03836587664514,20
thermal_stress,double_centered_full_action_dqn,815,-12.198159692238812,97.18576799720526,109.38392768944406,20
thermal_stress,double_centered_full_action_dqn,816,-12.359674304428742,93.63713391281665,105.99680821724539,20
thermal_stress,double_centered_full_action_dqn,817,-13.543136596793635,96.41688064679504,109.96001724358867,20
thermal_stress,double_centered_full_action_dqn,818,-11.345619170190986,97.71134635902942,109.0569655292204,20
thermal_stress,double_centered_full_action_dqn,819,-10.224189990172338,95.64251301907004,105.86670300924236,20
thermal_stress,double_dqn,800,-11.56460199764119,97.26271364741027,108.82731564505147,20
thermal_stress,double_dqn,801,-10.12450482250344,99.83710080556571,109.96160562806915,20
thermal_stress,double_dqn,802,-12.294562898395313,96.94163267232479,109.23619557072008,20
thermal_stress,double_dqn,803,-13.211497174633502,94.88554852940142,108.09704570403491,20
thermal_stress,double_dqn,804,-12.568133800284745,97.44161900974811,110.00975281003284,20
thermal_stress,double_dqn,805,-12.07877114180368,99.07804339081049,111.15681453261418,20
thermal_stress,double_dqn,806,-10.058903998861767,98.52361970335247,108.58252370221423,20
thermal_stress,double_dqn,807,-11.521560988186993,97.91662179887295,109.43818278705994,20
thermal_stress,double_dqn,808,-12.245815820014531,99.33647900812328,111.5822948281378,20
thermal_stress,double_dqn,809,-12.498571274270784,101.2167652861774,113.7153365604482,20
thermal_stress,double_dqn,810,-10.822505010647244,96.4746800532192,107.29718506386644,20
thermal_stress,double_dqn,811,-11.695182234918061,100.19987447425724,111.8950567091753,20
thermal_stress,double_dqn,812,-12.738150053521547,94.07371015265583,106.81186020617739,20
thermal_stress,double_dqn,813,-11.58255076718029,98.4565664782375,110.03911724541781,20
thermal_stress,double_dqn,814,-10.903963583901804,96.13440229274332,107.03836587664514,20
thermal_stress,double_dqn,815,-7.508212003212217,101.87571568623186,109.38392768944406,20
thermal_stress,double_dqn,816,-11.527833612425644,94.46897460481975,105.99680821724539,20
thermal_stress,double_dqn,817,-13.180938530603749,96.77907871298491,109.96001724358867,20
thermal_stress,double_dqn,818,-10.556435802402198,98.5005297268182,109.0569655292204,20
thermal_stress,double_dqn,819,-9.344711479926655,96.52199152931571,105.86670300924236,20
thermal_stress,full_action_q_dqn,800,-11.522635817808375,97.30467982724309,108.82731564505147,20
thermal_stress,full_action_q_dqn,801,-10.660381923477766,99.3012237045914,109.96160562806915,20
thermal_stress,full_action_q_dqn,802,-12.5914656345972,96.6447299361229,109.23619557072008,20
thermal_stress,full_action_q_dqn,803,-13.97580628080463,94.12123942323029,108.09704570403491,20
thermal_stress,full_action_q_dqn,804,-12.146875088842393,97.86287772119046,110.00975281003284,20
thermal_stress,full_action_q_dqn,805,-12.380549641585764,98.7762648910284,111.15681453261418,20
thermal_stress,full_action_q_dqn,806,-11.238139361346823,97.34438434086739,108.58252370221423,20
thermal_stress,full_action_q_dqn,807,-11.903603634967604,97.53457915209233,109.43818278705994,20
thermal_stress,full_action_q_dqn,808,-13.21749339348679,98.36480143465101,111.5822948281378,20
thermal_stress,full_action_q_dqn,809,-12.60460876940705,101.11072779104113,113.7153365604482,20
thermal_stress,full_action_q_dqn,810,-11.04636200999982,96.25082305386663,107.29718506386644,20
thermal_stress,full_action_q_dqn,811,-9.70737178017694,102.18768492899835,111.8950567091753,20
thermal_stress,full_action_q_dqn,812,-12.969202022900735,93.84265818327665,106.81186020617739,20
thermal_stress,full_action_q_dqn,813,-11.159574873638121,98.87954237177968,110.03911724541781,20
thermal_stress,full_action_q_dqn,814,-10.691110470488947,96.34725540615618,107.03836587664514,20
thermal_stress,full_action_q_dqn,815,-10.872416164006832,98.51151152543724,109.38392768944406,20
thermal_stress,full_action_q_dqn,816,-13.026292804333613,92.97051541291178,105.99680821724539,20
thermal_stress,full_action_q_dqn,817,-13.218847999612198,96.74116924397647,109.96001724358867,20
thermal_stress,full_action_q_dqn,818,-10.943397130640445,98.11356839857996,109.0569655292204,20
thermal_stress,full_action_q_dqn,819,-9.96651914470846,95.9001838645339,105.86670300924236,20
thermal_stress,immediate_advantage_dqn,800,-10.909661698621976,97.9176539464295,108.82731564505147,20
thermal_stress,immediate_advantage_dqn,801,-10.204293416525832,99.75731221154332,109.96160562806915,20
thermal_stress,immediate_advantage_dqn,802,-12.323266145704045,96.91292942501605,109.23619557072008,20
thermal_stress,immediate_advantage_dqn,803,-13.928833351267338,94.1682123527676,108.09704570403491,20
thermal_stress,immediate_advantage_dqn,804,-12.201787549363257,97.80796526066959,110.00975281003284,20
thermal_stress,immediate_advantage_dqn,805,-12.452840172759114,98.70397435985505,111.15681453261418,20
thermal_stress,immediate_advantage_dqn,806,-11.074716479981996,97.50780722223223,108.58252370221423,20
thermal_stress,immediate_advantage_dqn,807,-10.620775202273528,98.81740758478642,109.43818278705994,20
thermal_stress,immediate_advantage_dqn,808,-13.53918788685506,98.04310694128274,111.5822948281378,20
thermal_stress,immediate_advantage_dqn,809,-12.69482354975261,101.02051301069557,113.7153365604482,20
thermal_stress,immediate_advantage_dqn,810,-11.726717708340342,95.5704673555261,107.29718506386644,20
thermal_stress,immediate_advantage_dqn,811,-11.145121749763671,100.74993495941162,111.8950567091753,20
thermal_stress,immediate_advantage_dqn,812,-12.867158016091143,93.94470219008625,106.81186020617739,20
thermal_stress,immediate_advantage_dqn,813,-11.594685965520108,98.4444312798977,110.03911724541781,20
thermal_stress,immediate_advantage_dqn,814,-11.20863331873743,95.8297325579077,107.03836587664514,20
thermal_stress,immediate_advantage_dqn,815,-12.22067571545744,97.16325197398663,109.38392768944406,20
thermal_stress,immediate_advantage_dqn,816,-12.176364834758683,93.8204433824867,105.99680821724539,20
thermal_stress,immediate_advantage_dqn,817,-12.729052900338868,97.2309643432498,109.96001724358867,20
thermal_stress,immediate_advantage_dqn,818,-10.801402426706854,98.25556310251355,109.0569655292204,20
thermal_stress,immediate_advantage_dqn,819,-9.611680906498975,96.2550221027434,105.86670300924236,20
thermal_stress,standard_dqn,800,-11.67107271989928,97.15624292515218,108.82731564505147,20
thermal_stress,standard_dqn,801,-10.359998408194295,99.60160721987486,109.96160562806915,20
thermal_stress,standard_dqn,802,-12.632916796697035,96.60327877402305,109.23619557072008,20
thermal_stress,standard_dqn,803,-13.834433913586494,94.26261179044843,108.09704570403491,20
thermal_stress,standard_dqn,804,-12.442290677385213,97.56746213264763,110.00975281003284,20
thermal_stress,standard_dqn,805,-12.382803399375499,98.77401113323867,111.15681453261418,20
thermal_stress,standard_dqn,806,-10.672935465330937,97.9095882368833,108.58252370221423,20
thermal_stress,standard_dqn,807,-11.2014464750729,98.23673631198704,109.43818278705994,20
thermal_stress,standard_dqn,808,-12.078580830907876,99.50371399722994,111.5822948281378,20
thermal_stress,standard_dqn,809,-12.700191676308886,101.0151448841393,113.7153365604482,20
thermal_stress,standard_dqn,810,-11.039437435848185,96.25774762801827,107.29718506386644,20
thermal_stress,standard_dqn,811,-11.997012201895302,99.89804450727999,111.8950567091753,20
thermal_stress,standard_dqn,812,-12.85273668547526,93.95912352070214,106.81186020617739,20
thermal_stress,standard_dqn,813,-11.78469549324807,98.25442175216973,110.03911724541781,20
thermal_stress,standard_dqn,814,-10.086199024960678,96.95216685168445,107.03836587664514,20
thermal_stress,standard_dqn,815,-9.310443205561281,100.07348448388278,109.38392768944406,20
thermal_stress,standard_dqn,816,-12.147007265764518,93.84980095148087,105.99680821724539,20
thermal_stress,standard_dqn,817,-13.122136716062528,96.83788052752615,109.96001724358867,20
thermal_stress,standard_dqn,818,-10.793069473812576,98.26389605540783,109.0569655292204,20
thermal_stress,standard_dqn,819,-9.81691443466599,96.04978857457638,105.86670300924236,20
