file,sha256,variant,model_seed,episodes,horizon,training_steps,state_dim,bellman_target,replay,training_wall_time_s,optimizer_updates,preview_calls,preview_action_evaluations
centered_full_action_dqn__lambda_0p3__seed_800.pth,17e7b20006de9c647f4803223ff4eb0cb266842718d6781289cc8fefe054b46e,centered_full_action_dqn,800,600,64,38400,24,target_network_max_not_double_dqn,uniform_one_step,57.826720000011846,9569,38400,115200
centered_full_action_dqn__lambda_0p3__seed_801.pth,f1179ebf7ae4eda2fe7d1e9dd29682d8e9bf583b0449474e22851571ae7eebfe,centered_full_action_dqn,801,600,64,38400,24,target_network_max_not_double_dqn,uniform_one_step,52.21912349993363,9569,38400,115200
centered_full_action_dqn__lambda_0p3__seed_802.pth,6244a2f424206e828923204b77739164918ef12e000ecf17da05117beb39147f,centered_full_action_dqn,802,600,64,38400,24,target_network_max_not_double_dqn,uniform_one_step,47.881618799990974,9569,38400,115200
centered_full_action_dqn__lambda_0p3__seed_803.pth,1d314b195e902e78f82fa31567ac7bf4dbb9c583aef2861dd082128ee0ecf439,centered_full_action_dqn,803,600,64,38400,24,target_network_max_not_double_dqn,uniform_one_step,47.69774109998252,9569,38400,115200
centered_full_action_dqn__lambda_0p3__seed_804.pth,ce5d45509e799b73cd0c7cc778db5e5ab2edf89c263df1b1aaa1b47da2b50579,centered_full_action_dqn,804,600,64,38400,24,target_network_max_not_double_dqn,uniform_one_step,51.5648944999557,9569,38400,115200
centered_full_action_dqn__lambda_0p3__seed_805.pth,333291daca754bd40ba13a07aba1777d0ee52cbed60c4a095143f4275dccde4d,centered_full_action_dqn,805,600,64,38400,24,target_network_max_not_double_dqn,uniform_one_step,47.10195139993448,9569,38400,115200
centered_full_action_dqn__lambda_0p3__seed_806.pth,73c36e716c3e36eeeeec33abae27eb43b5ba9b8653ff600a5c926802612ac8b0,centered_full_action_dqn,806,600,64,38400,24,target_network_max_not_double_dqn,uniform_one_step,47.24366120004561,9569,38400,115200
centered_full_action_dqn__lambda_0p3__seed_807.pth,3ff0ec8a4a7a0bcf9980747356d2e209dda6b06db4d63853b7cdeb0c74f2f2a7,centered_full_action_dqn,807,600,64,38400,24,target_network_max_not_double_dqn,uniform_one_step,51.88392659998499,9569,38400,115200
centered_full_action_dqn__lambda_0p3__seed_808.pth,4d94f8a18b8b156cf923c9a74fa88b962cc9ef019774a2ac46a2792340e6eb2c,centered_full_action_dqn,808,600,64,38400,24,target_network_max_not_double_dqn,uniform_one_step,47.19609759992454,9569,38400,115200
centered_full_action_dqn__lambda_0p3__seed_809.pth,f54042e58a689b340e3dacb485277b9bad2693e6a20e078cf521436967eaef83,centered_full_action_dqn,809,600,64,38400,24,target_network_max_not_double_dqn,uniform_one_step,47.3130471999757,9569,38400,115200
centered_full_action_dqn__lambda_0p3__seed_810.pth,e32110189364b9c76fb7d250d5ae47475377917425334d65a492801577944ab2,centered_full_action_dqn,810,600,64,38400,24,target_network_max_not_double_dqn,uniform_one_step,50.992705299984664,9569,38400,115200
centered_full_action_dqn__lambda_0p3__seed_811.pth,270e138da18ad1db43773d8f3adc693b3cfbfe319c29f0e2b321bb9bdda14718,centered_full_action_dqn,811,600,64,38400,24,target_network_max_not_double_dqn,uniform_one_step,47.184621099964716,9569,38400,115200
centered_full_action_dqn__lambda_0p3__seed_812.pth,fc975938f7ec1a703a40396b8426f9893e3ceabdc292a70004332b5212a844fd,centered_full_action_dqn,812,600,64,38400,24,target_network_max_not_double_dqn,uniform_one_step,47.39772719994653,9569,38400,115200
centered_full_action_dqn__lambda_0p3__seed_813.pth,e0d2beef8e4106e69268cc7891467244d1e6586e9b49686f5ab0d46af6ef281b,centered_full_action_dqn,813,600,64,38400,24,target_network_max_not_double_dqn,uniform_one_step,45.483772800071165,9569,38400,115200
centered_full_action_dqn__lambda_0p3__seed_814.pth,108d9259e0380b4a0b505836fcff53a0ea8017049e3d5db347c50ee4b29e8c83,centered_full_action_dqn,814,600,64,38400,24,target_network_max_not_double_dqn,uniform_one_step,48.04986359993927,9569,38400,115200
centered_full_action_dqn__lambda_0p3__seed_815.pth,e8b4fbf406785afdede4a25ebda699dbe1b0be99fd6f9673e487dd708e29c7a0,centered_full_action_dqn,815,600,64,38400,24,target_network_max_not_double_dqn,uniform_one_step,46.257483599940315,9569,38400,115200
centered_full_action_dqn__lambda_0p3__seed_816.pth,5bd382a601b3ec721aa02df921159cb520979a7a8b3a49cba2b15d16be88c51f,centered_full_action_dqn,816,600,64,38400,24,target_network_max_not_double_dqn,uniform_one_step,48.24623640009668,9569,38400,115200
centered_full_action_dqn__lambda_0p3__seed_817.pth,30492b32ae7ac7b54f8cdb78a47e362d5dd2d0b5938989cabbc0f8fb01f73c89,centered_full_action_dqn,817,600,64,38400,24,target_network_max_not_double_dqn,uniform_one_step,47.00269690004643,9569,38400,115200
centered_full_action_dqn__lambda_0p3__seed_818.pth,471d321cb1bb884f20753c1a7b479ea9557c862cd3203a8fec868d594a651350,centered_full_action_dqn,818,600,64,38400,24,target_network_max_not_double_dqn,uniform_one_step,47.36286580003798,9569,38400,115200
centered_full_action_dqn__lambda_0p3__seed_819.pth,e8efaa648d8ef88645b9d6cd9f45cb305dd1ff2aa86cd0aa6add73eb55d41365,centered_full_action_dqn,819,600,64,38400,24,target_network_max_not_double_dqn,uniform_one_step,53.96377759997267,9569,38400,115200
contextual_bandit__gamma_0__seed_800.pth,b69713e28f06d1268ff811ca5c28d43eecc1c08d8e6c66070cff66b964d35ef7,contextual_bandit,800,600,64,38400,24,target_network_max_not_double_dqn,uniform_one_step,80.46489479998127,9569,0,0
contextual_bandit__gamma_0__seed_801.pth,96fd9dead2bce599dffbd96b93304ff3e61445b2efe9be7bcd75dd91c53af56b,contextual_bandit,801,600,64,38400,24,target_network_max_not_double_dqn,uniform_one_step,34.8306247999426,9569,0,0
contextual_bandit__gamma_0__seed_802.pth,73bbdab610cc8500c1618684b91c9ec3e343b97eb3b7cb911c3185ebc60f23d4,contextual_bandit,802,600,64,38400,24,target_network_max_not_double_dqn,uniform_one_step,39.98145399999339,9569,0,0
contextual_bandit__gamma_0__seed_803.pth,550c0698f2e6ce201ea548e1a2056609470976226c00f412ddff02ca4ad98a73,contextual_bandit,803,600,64,38400,24,target_network_max_not_double_dqn,uniform_one_step,34.79239389998838,9569,0,0
contextual_bandit__gamma_0__seed_804.pth,fe7302ce9c155ee5d4d015a6794c613ee92808e9e8ed8f1bef9965abdc6efe89,contextual_bandit,804,600,64,38400,24,target_network_max_not_double_dqn,uniform_one_step,34.492409299942665,9569,0,0
contextual_bandit__gamma_0__seed_805.pth,cffff01d80ce0dd4bce5c412fb08497217bdc3dd4d75f9019dec0115a752b3c3,contextual_bandit,805,600,64,38400,24,target_network_max_not_double_dqn,uniform_one_step,38.633083699969575,9569,0,0
contextual_bandit__gamma_0__seed_806.pth,757cb75cea21386de3ccced4e6469399ff00ef31acb922b6c96f59ce858f9e6a,contextual_bandit,806,600,64,38400,24,target_network_max_not_double_dqn,uniform_one_step,34.31335660000332,9569,0,0
contextual_bandit__gamma_0__seed_807.pth,54958fa59e71e7ba95db1f06ba4782a4f0533c654060e158a7b8eaf0ce481655,contextual_bandit,807,600,64,38400,24,target_network_max_not_double_dqn,uniform_one_step,35.38854850002099,9569,0,0
contextual_bandit__gamma_0__seed_808.pth,69a789dae820c2bb1253ce507ef8a462321834ef17b5a32fd810d87577ad6561,contextual_bandit,808,600,64,38400,24,target_network_max_not_double_dqn,uniform_one_step,38.711774999974295,9569,0,0
contextual_bandit__gamma_0__seed_809.pth,bb39355084f343dafa8088be469640f4d74228dfa1f681dc44984d0b5e9a3f35,contextual_bandit,809,600,64,38400,24,target_network_max_not_double_dqn,uniform_one_step,34.38236899999902,9569,0,0
contextual_bandit__gamma_0__seed_810.pth,470aefb8d64bce4f477995eacf25916ce05f8eb40ef98011c28249a1bb04594c,contextual_bandit,810,600,64,38400,24,target_network_max_not_double_dqn,uniform_one_step,34.568357400014065,9569,0,0
contextual_bandit__gamma_0__seed_811.pth,e33b4ae5ac91d57a624f0c50032f6a2f0320b866feaf5e9295d2b97c1cd769b3,contextual_bandit,811,600,64,38400,24,target_network_max_not_double_dqn,uniform_one_step,39.58012170006987,9569,0,0
contextual_bandit__gamma_0__seed_812.pth,1aae578ee56d3d66edf62b18618d54f0c1b48d1e05c082362c5e06e0da46c119,contextual_bandit,812,600,64,38400,24,target_network_max_not_double_dqn,uniform_one_step,34.39764079998713,9569,0,0
contextual_bandit__gamma_0__seed_813.pth,8b8c9daa30d3360049f6f072d2958a7915325fd0ac47bcb1f0651257d0068e72,contextual_bandit,813,600,64,38400,24,target_network_max_not_double_dqn,uniform_one_step,34.9120799000375,9569,0,0
contextual_bandit__gamma_0__seed_814.pth,75d144b265ed97863b8f9bacb7d9a73cb48a37b7af7ed24f22cb3dd9b52b8167,contextual_bandit,814,600,64,38400,24,target_network_max_not_double_dqn,uniform_one_step,39.40771780000068,9569,0,0
contextual_bandit__gamma_0__seed_815.pth,34e43abb6151260064c6d30db9d791a64e340ca07aa3f058ae89e9bb4aec6986,contextual_bandit,815,600,64,38400,24,target_network_max_not_double_dqn,uniform_one_step,34.538078299956396,9569,0,0
contextual_bandit__gamma_0__seed_816.pth,75c07837fa460c1cdebe77ef9f30ff7dab9594a7a09617dfabeb60fe2cebea94,contextual_bandit,816,600,64,38400,24,target_network_max_not_double_dqn,uniform_one_step,37.95251659990754,9569,0,0
contextual_bandit__gamma_0__seed_817.pth,473cb4ea17c4f9e677594bbb0832a074d98c4d5a10a3a66f78163e3c5b27b56f,contextual_bandit,817,600,64,38400,24,target_network_max_not_double_dqn,uniform_one_step,40.53248019993771,9569,0,0
contextual_bandit__gamma_0__seed_818.pth,1488f12a3b3fe0c3acee99f93f217f9575f6f82946db2288c081bf91debebe82,contextual_bandit,818,600,64,38400,24,target_network_max_not_double_dqn,uniform_one_step,34.09724879998248,9569,0,0
contextual_bandit__gamma_0__seed_819.pth,a9f90062c1365a315ca9491993c33640d47f5e3a7cc9d10b1aabb7917c5c09c8,contextual_bandit,819,600,64,38400,24,target_network_max_not_double_dqn,uniform_one_step,41.50961539999116,9569,0,0
double_centered_full_action_dqn__double_lambda_0p3__seed_800.pth,49fae4a72492b5fcb2f9eedf17f51780dbdd03d09042e77f87594189439fb79f,double_centered_full_action_dqn,800,600,64,38400,24,online_argmax_target_evaluation,uniform_one_step,52.913881200016476,9569,38400,115200
double_centered_full_action_dqn__double_lambda_0p3__seed_801.pth,30cdc3f144e813a2f99c162561a2b6b92ca36eb6cf67f662f87035c06ffd6d8a,double_centered_full_action_dqn,801,600,64,38400,24,online_argmax_target_evaluation,uniform_one_step,49.39135859999806,9569,38400,115200
double_centered_full_action_dqn__double_lambda_0p3__seed_802.pth,58b8283256ad89452f6ae404421c930b7dbab11d3ef7fe7f97ab973dd0b53bc4,double_centered_full_action_dqn,802,600,64,38400,24,online_argmax_target_evaluation,uniform_one_step,54.457595200045034,9569,38400,115200
double_centered_full_action_dqn__double_lambda_0p3__seed_803.pth,b58bd41a2d143157a9bad1f19a7c5563dd67ab2b7ccd3ebec3f15d8121dc76d5,double_centered_full_action_dqn,803,600,64,38400,24,online_argmax_target_evaluation,uniform_one_step,48.86783310002647,9569,38400,115200
double_centered_full_action_dqn__double_lambda_0p3__seed_804.pth,bcd8f37f46976f65d423659943fa4bb03e144c990ca7930a8102dd5764cd96fe,double_centered_full_action_dqn,804,600,64,38400,24,online_argmax_target_evaluation,uniform_one_step,56.912275600014254,9569,38400,115200
double_centered_full_action_dqn__double_lambda_0p3__seed_805.pth,d46f4bbdee1b1333b6a3de57150b522e3db4d1566977d97f0d9dd9aff89ce0f4,double_centered_full_action_dqn,805,600,64,38400,24,online_argmax_target_evaluation,uniform_one_step,48.91838030004874,9569,38400,115200
double_centered_full_action_dqn__double_lambda_0p3__seed_806.pth,9e554313dab7bcfc97de34a89c34298f04de9b19bb07a34c8a96e987c669a5c0,double_centered_full_action_dqn,806,600,64,38400,24,online_argmax_target_evaluation,uniform_one_step,57.93984360003378,9569,38400,115200
double_centered_full_action_dqn__double_lambda_0p3__seed_807.pth,5c7e1c3af1dd6857a5073963043fc457f6b2566eedfa06383d176694246553fe,double_centered_full_action_dqn,807,600,64,38400,24,online_argmax_target_evaluation,uniform_one_step,49.163770199986175,9569,38400,115200
double_centered_full_action_dqn__double_lambda_0p3__seed_808.pth,ab220569a601efd4c259fbcfd55018c4f5da341261cb0875a552db56fc80af17,double_centered_full_action_dqn,808,600,64,38400,24,online_argmax_target_evaluation,uniform_one_step,57.9856037000427,9569,38400,115200
double_centered_full_action_dqn__double_lambda_0p3__seed_809.pth,6ed2fc930c59b365a2a48c34a7e020464e4dc9e37193b8997e320ccc016de4a7,double_centered_full_action_dqn,809,600,64,38400,24,online_argmax_target_evaluation,uniform_one_step,50.99467029992957,9569,38400,115200
double_centered_full_action_dqn__double_lambda_0p3__seed_810.pth,056bc40b80c759a2acab1be6de1a1a0eedc2a25e40a02f22e1e420d006f13dcd,double_centered_full_action_dqn,810,600,64,38400,24,online_argmax_target_evaluation,uniform_one_step,57.15350319992285,9569,38400,115200
double_centered_full_action_dqn__double_lambda_0p3__seed_811.pth,49343eb7a1786be8446b8f13030572a174daa5b353c174fd72480651a1a5f84d,double_centered_full_action_dqn,811,600,64,38400,24,online_argmax_target_evaluation,uniform_one_step,48.99700950004626,9569,38400,115200
double_centered_full_action_dqn__double_lambda_0p3__seed_812.pth,8de22053f4610847a4782d2364c407482a1d72baba260461aca7428f14d0b5aa,double_centered_full_action_dqn,812,600,64,38400,24,online_argmax_target_evaluation,uniform_one_step,57.04343019996304,9569,38400,115200
double_centered_full_action_dqn__double_lambda_0p3__seed_813.pth,6c4e7f131571b28864629b799611372fbe35b5a0dd3b7c0c9f85edac5983d60e,double_centered_full_action_dqn,813,600,64,38400,24,online_argmax_target_evaluation,uniform_one_step,51.36977210000623,9569,38400,115200
double_centered_full_action_dqn__double_lambda_0p3__seed_814.pth,15d51966b9660b654fd395c575d6900abd72f1c9cf14864dd9550a24f9b8ec7a,double_centered_full_action_dqn,814,600,64,38400,24,online_argmax_target_evaluation,uniform_one_step,58.807785400073044,9569,38400,115200
double_centered_full_action_dqn__double_lambda_0p3__seed_815.pth,287d6cd974c76463fb0caaae92337331778ed720d5b860701af2c85c5fe64745,double_centered_full_action_dqn,815,600,64,38400,24,online_argmax_target_evaluation,uniform_one_step,48.903766600065865,9569,38400,115200
double_centered_full_action_dqn__double_lambda_0p3__seed_816.pth,93e91f5818b16e87ffe4af002c391f843253dd556aa6d8f9a33edaf78949777a,double_centered_full_action_dqn,816,600,64,38400,24,online_argmax_target_evaluation,uniform_one_step,56.015408399980515,9569,38400,115200
double_centered_full_action_dqn__double_lambda_0p3__seed_817.pth,ca1e40b9ac599a466e76f06fea8783e6f5b2501493488769060d5c8a0861d3eb,double_centered_full_action_dqn,817,600,64,38400,24,online_argmax_target_evaluation,uniform_one_step,52.12641879997682,9569,38400,115200
double_centered_full_action_dqn__double_lambda_0p3__seed_818.pth,12b759a742b5617f898746f9770936c2752ae94425deb4db53aa2479371d5b5f,double_centered_full_action_dqn,818,600,64,38400,24,online_argmax_target_evaluation,uniform_one_step,57.68993069999851,9569,38400,115200
double_centered_full_action_dqn__double_lambda_0p3__seed_819.pth,d03a9e89abc383a0be26aa0c98e8c0a9fe4ee86d9e5588bbc82ec5553c56bfd9,double_centered_full_action_dqn,819,600,64,38400,24,online_argmax_target_evaluation,uniform_one_step,48.3344550000038,9569,38400,115200
double_dqn__double__seed_800.pth,ed76e3078d315ca58dfb9d3a5e99e3f3846124954784e9ef6987492cb9bd7ff4,double_dqn,800,600,64,38400,24,online_argmax_target_evaluation,uniform_one_step,40.63429970003199,9569,0,0
double_dqn__double__seed_801.pth,8373458c19c059756065ca23c5796e5abed0afe03a620c0fd8a4a793d6875791,double_dqn,801,600,64,38400,24,online_argmax_target_evaluation,uniform_one_step,34.7599884000374,9569,0,0
double_dqn__double__seed_802.pth,2edf89c4c33fe5673128c65634fd212077c0fd7ed570d1e0a7780a1549d6b9db,double_dqn,802,600,64,38400,24,online_argmax_target_evaluation,uniform_one_step,38.6396218999289,9569,0,0
double_dqn__double__seed_803.pth,82f2b6bdcc253e5969dc5c089dfa66c2c78d0a00d7b1b0ccb83403dfe88b604b,double_dqn,803,600,64,38400,24,online_argmax_target_evaluation,uniform_one_step,34.799235999933444,9569,0,0
double_dqn__double__seed_804.pth,e246eaa9f7971a4b2e7292705fe73a0fed3d7a6627d786363f5ce27f300bd692,double_dqn,804,600,64,38400,24,online_argmax_target_evaluation,uniform_one_step,36.462952699977905,9569,0,0
double_dqn__double__seed_805.pth,40626b89480f94c3384941df49ffab019fa56821a13883df5d46f547d987362e,double_dqn,805,600,64,38400,24,online_argmax_target_evaluation,uniform_one_step,34.85104490001686,9569,0,0
double_dqn__double__seed_806.pth,0e04cee1c3bc24afa349cbe6acf003839237b83ccdfe28fef29139b4cde1e2aa,double_dqn,806,600,64,38400,24,online_argmax_target_evaluation,uniform_one_step,34.75890640006401,9569,0,0
double_dqn__double__seed_807.pth,396c050d3cfd0bff8333de8c8cf737ffabd28524a075b89b1523336b37ca6998,double_dqn,807,600,64,38400,24,online_argmax_target_evaluation,uniform_one_step,34.99343360005878,9569,0,0
double_dqn__double__seed_808.pth,c320f46be169e54137f8989cad162551bab1cc5d1bbd93a01d4396a2cc338c07,double_dqn,808,600,64,38400,24,online_argmax_target_evaluation,uniform_one_step,35.31055870000273,9569,0,0
double_dqn__double__seed_809.pth,d5a8fbd8a0e0178004921110bbe8a06a92b4f5a9add137eb2e0656cc0a965344,double_dqn,809,600,64,38400,24,online_argmax_target_evaluation,uniform_one_step,36.80195160000585,9569,0,0
double_dqn__double__seed_810.pth,bbb33d5325a442e7cd6d79405d540b0b44a93f4e643e7a18abae95621398d9c0,double_dqn,810,600,64,38400,24,online_argmax_target_evaluation,uniform_one_step,34.91768559999764,9569,0,0
double_dqn__double__seed_811.pth,fa414928ccd55fb18809dc9cb20c6a645f8a78e0f98ef39a92ab337b7e784c56,double_dqn,811,600,64,38400,24,online_argmax_target_evaluation,uniform_one_step,34.92386749992147,9569,0,0
double_dqn__double__seed_812.pth,9b1c830c2e2ea222f4a5f8bced54dfb561e5347e4ffb61abeeef886ef6e650de,double_dqn,812,600,64,38400,24,online_argmax_target_evaluation,uniform_one_step,34.95763530000113,9569,0,0
double_dqn__double__seed_813.pth,6adf540fc46df44aad8506f91741dbf05d4f34a67901dfc8a4ef1a537b9bd0df,double_dqn,813,600,64,38400,24,online_argmax_target_evaluation,uniform_one_step,36.61449459998403,9569,0,0
double_dqn__double__seed_814.pth,b6f962273074ec957f1acf9188056ce1903b29e3a9f91720c47f2181e26465cf,double_dqn,814,600,64,38400,24,online_argmax_target_evaluation,uniform_one_step,36.669647700036876,9569,0,0
double_dqn__double__seed_815.pth,6738489b3c18b29b539271dcc361f1ef913f24981f3252bab9cc70f04e15cfe8,double_dqn,815,600,64,38400,24,online_argmax_target_evaluation,uniform_one_step,34.815580099937506,9569,0,0
double_dqn__double__seed_816.pth,c2b084327f00dc650898d35c53418143d1bc4d2eb03e39f9c53748e0d980e95f,double_dqn,816,600,64,38400,24,online_argmax_target_evaluation,uniform_one_step,36.23116339999251,9569,0,0
double_dqn__double__seed_817.pth,15adf45bf85cca612a1e6482ca53466dcfd1152cc7ac8beeb7fff509fe61cc95,double_dqn,817,600,64,38400,24,online_argmax_target_evaluation,uniform_one_step,37.729542699991725,9569,0,0
double_dqn__double__seed_818.pth,1245c2aa4ba90c8a49ad4091dcef04b08ab19785f675f0392ed40023b264e86f,double_dqn,818,600,64,38400,24,online_argmax_target_evaluation,uniform_one_step,35.86063340003602,9569,0,0
double_dqn__double__seed_819.pth,ed9fa82e1b376d542b5c148dc1709aacc1980915fb981fbb9cde9ae5e95ba94e,double_dqn,819,600,64,38400,24,online_argmax_target_evaluation,uniform_one_step,34.301246499991976,9569,0,0
full_action_q_dqn__lambda_0p3_uncentered__seed_800.pth,f3777d824caacaad14f8fb6cd70e3a6d98d2c6ea1a7af9cd417d1b88694c56c6,full_action_q_dqn,800,600,64,38400,24,target_network_max_not_double_dqn,uniform_one_step,44.68659930001013,9569,38400,115200
full_action_q_dqn__lambda_0p3_uncentered__seed_801.pth,b8fd0dbad817a6e4682c30136341f1b1cdd4d0948c1887859c8905c3f667a2ea,full_action_q_dqn,801,600,64,38400,24,target_network_max_not_double_dqn,uniform_one_step,44.954627199913375,9569,38400,115200
full_action_q_dqn__lambda_0p3_uncentered__seed_802.pth,cf07d479b7fdf71ae73ba1332a5c244856f0861db5ec286cbe9f1a93ada72f9d,full_action_q_dqn,802,600,64,38400,24,target_network_max_not_double_dqn,uniform_one_step,44.6637210000772,9569,38400,115200
full_action_q_dqn__lambda_0p3_uncentered__seed_803.pth,d72f607106ff17c88421ce02d7091f101b588e45929df1167d9dc81055bc107f,full_action_q_dqn,803,600,64,38400,24,target_network_max_not_double_dqn,uniform_one_step,44.99858650006354,9569,38400,115200
full_action_q_dqn__lambda_0p3_uncentered__seed_804.pth,fe5a677c4a797bcd12dbc4664e3f34cbdc54ce6ac3f84871801fe086ea9eff20,full_action_q_dqn,804,600,64,38400,24,target_network_max_not_double_dqn,uniform_one_step,44.933493299991824,9569,38400,115200
full_action_q_dqn__lambda_0p3_uncentered__seed_805.pth,fbb5bbdb447bb0a12036738a77962091e7c5f36cb090f43559f16a2621ef0a84,full_action_q_dqn,805,600,64,38400,24,target_network_max_not_double_dqn,uniform_one_step,44.64189099997748,9569,38400,115200
full_action_q_dqn__lambda_0p3_uncentered__seed_806.pth,e59d667e645c7b56e415ff0b5ec3a425af7e008f65b5087f82d133c21196763a,full_action_q_dqn,806,600,64,38400,24,target_network_max_not_double_dqn,uniform_one_step,45.29160829994362,9569,38400,115200
full_action_q_dqn__lambda_0p3_uncentered__seed_807.pth,b29b54e500419ec674c5877156752ba0b3a66f3bc0a65e94eee4c2af1345e0cf,full_action_q_dqn,807,600,64,38400,24,target_network_max_not_double_dqn,uniform_one_step,44.85333439998794,9569,38400,115200
full_action_q_dqn__lambda_0p3_uncentered__seed_808.pth,09a28d92fca677692f099518b4d71f7344c5e4968d10216025931c1902c0fff0,full_action_q_dqn,808,600,64,38400,24,target_network_max_not_double_dqn,uniform_one_step,45.31914370006416,9569,38400,115200
full_action_q_dqn__lambda_0p3_uncentered__seed_809.pth,fa2879a0ec1cfc7e5f0ae10df9edbd80782f08d4a3e5fa964e49a7954c808574,full_action_q_dqn,809,600,64,38400,24,target_network_max_not_double_dqn,uniform_one_step,48.233128499938175,9569,38400,115200
full_action_q_dqn__lambda_0p3_uncentered__seed_810.pth,9bcf0e82128586485d067294fb41ee9c0a279abc40c001841278ad76043c0578,full_action_q_dqn,810,600,64,38400,24,target_network_max_not_double_dqn,uniform_one_step,45.8210680000484,9569,38400,115200
full_action_q_dqn__lambda_0p3_uncentered__seed_811.pth,6d2d15e3bfdb363745ef46c08b5ccc95861b395f5098a59a78ef3c1e8cc433dd,full_action_q_dqn,811,600,64,38400,24,target_network_max_not_double_dqn,uniform_one_step,45.563780799973756,9569,38400,115200
full_action_q_dqn__lambda_0p3_uncentered__seed_812.pth,d061a72dc02adae512079b628d96da9e87e5b3b78a2ba0b7a0230eafa8a1f822,full_action_q_dqn,812,600,64,38400,24,target_network_max_not_double_dqn,uniform_one_step,44.84128050005529,9569,38400,115200
full_action_q_dqn__lambda_0p3_uncentered__seed_813.pth,c7dda76743c4ef4630265505db864d50abcd17bae72b27ad8eeb77c0c73a7a26,full_action_q_dqn,813,600,64,38400,24,target_network_max_not_double_dqn,uniform_one_step,48.82298289996106,9569,38400,115200
full_action_q_dqn__lambda_0p3_uncentered__seed_814.pth,d659b767305e99f5def36da7fc09c2a1fdccbad3d85eb739f1a7c91b03dfa790,full_action_q_dqn,814,600,64,38400,24,target_network_max_not_double_dqn,uniform_one_step,47.4995091999881,9569,38400,115200
full_action_q_dqn__lambda_0p3_uncentered__seed_815.pth,a8f4ad922a1bf25d1ef460ae3ddfeb54f600aec43061b518e72817803db66a51,full_action_q_dqn,815,600,64,38400,24,target_network_max_not_double_dqn,uniform_one_step,45.58782719995361,9569,38400,115200
full_action_q_dqn__lambda_0p3_uncentered__seed_816.pth,4766bb3d6e8da9193ba059d7487b8a948c84cf4822cd7bae09c5c74f4dd61558,full_action_q_dqn,816,600,64,38400,24,target_network_max_not_double_dqn,uniform_one_step,44.80399459996261,9569,38400,115200
full_action_q_dqn__lambda_0p3_uncentered__seed_817.pth,37596ff5e1aac4f14f277ec26bec098430e9aa50ecf01ae11c10c5ff8c68dbba,full_action_q_dqn,817,600,64,38400,24,target_network_max_not_double_dqn,uniform_one_step,48.05390840000473,9569,38400,115200
full_action_q_dqn__lambda_0p3_uncentered__seed_818.pth,f03a3b6b89d4211dbf5f6081333d4d7ea599356ae85a05e01e91b9bb7e34bfda,full_action_q_dqn,818,600,64,38400,24,target_network_max_not_double_dqn,uniform_one_step,47.538671800051816,9569,38400,115200
full_action_q_dqn__lambda_0p3_uncentered__seed_819.pth,1c79ffd02cca2c5aaf97e66eb436baedd97ee11ac50b0ae03b4a08375c042c9e,full_action_q_dqn,819,600,64,38400,24,target_network_max_not_double_dqn,uniform_one_step,47.97592550003901,9569,38400,115200
immediate_advantage_dqn__lambda_0p3_immediate__seed_800.pth,15d4504b98e63d5c760bacf026dfa25326fe4555f36d00265fe89d5ded9db46a,immediate_advantage_dqn,800,600,64,38400,24,target_network_max_not_double_dqn,uniform_one_step,41.80154309992213,9569,38400,115200
immediate_advantage_dqn__lambda_0p3_immediate__seed_801.pth,0f36d0f62fb7211cedfccfd777dc33f5d5ee13f607a79cb434043d4e987277e3,immediate_advantage_dqn,801,600,64,38400,24,target_network_max_not_double_dqn,uniform_one_step,41.99385540001094,9569,38400,115200
immediate_advantage_dqn__lambda_0p3_immediate__seed_802.pth,395becbf53b21e9c4bb38c62400fe834faeefef64b58f62df0732b4e2ca158af,immediate_advantage_dqn,802,600,64,38400,24,target_network_max_not_double_dqn,uniform_one_step,41.8721879000077,9569,38400,115200
immediate_advantage_dqn__lambda_0p3_immediate__seed_803.pth,c32e6a9e7005d3400b02310c895c76b508e6c9735819306730b9fff83e742598,immediate_advantage_dqn,803,600,64,38400,24,target_network_max_not_double_dqn,uniform_one_step,42.00084829994012,9569,38400,115200
immediate_advantage_dqn__lambda_0p3_immediate__seed_804.pth,166c810884594b3aa2ef11944fbcf82a8f532602feecbf42b6814409d09f0165,immediate_advantage_dqn,804,600,64,38400,24,target_network_max_not_double_dqn,uniform_one_step,41.97220810002182,9569,38400,115200
immediate_advantage_dqn__lambda_0p3_immediate__seed_805.pth,3fc95953d8b49ac79007baedcf9497755ef789a96e487fd635b4aecf9c2769d6,immediate_advantage_dqn,805,600,64,38400,24,target_network_max_not_double_dqn,uniform_one_step,42.26208739995491,9569,38400,115200
immediate_advantage_dqn__lambda_0p3_immediate__seed_806.pth,a609fe875af898035adfb341db5a93efaf30f2012bd7735053922b10b0d7d255,immediate_advantage_dqn,806,600,64,38400,24,target_network_max_not_double_dqn,uniform_one_step,42.0892390999943,9569,38400,115200
immediate_advantage_dqn__lambda_0p3_immediate__seed_807.pth,7fc001a20e7017af5b2c500f209b549742681e8ed6e99b83c32743b88c316eab,immediate_advantage_dqn,807,600,64,38400,24,target_network_max_not_double_dqn,uniform_one_step,42.593519899994135,9569,38400,115200
immediate_advantage_dqn__lambda_0p3_immediate__seed_808.pth,b615ec2c392e49b3f4ae784d92a494b0bf7579fb6ab962646c43bfb1a203204c,immediate_advantage_dqn,808,600,64,38400,24,target_network_max_not_double_dqn,uniform_one_step,42.10718569997698,9569,38400,115200
immediate_advantage_dqn__lambda_0p3_immediate__seed_809.pth,a3eaae7780065c3bddf63ed25115a8495d19f3b0992cd933ce23bdfe203e7982,immediate_advantage_dqn,809,600,64,38400,24,target_network_max_not_double_dqn,uniform_one_step,44.56565030000638,9569,38400,115200
immediate_advantage_dqn__lambda_0p3_immediate__seed_810.pth,fecfe59c6dbc324b1c42e147b52673f3ce322f7659584070a2629f906fe53874,immediate_advantage_dqn,810,600,64,38400,24,target_network_max_not_double_dqn,uniform_one_step,42.333096199901775,9569,38400,115200
immediate_advantage_dqn__lambda_0p3_immediate__seed_811.pth,ef12bc132e86066f791448f109d4b6c837444fdf8ba61192548a2db9244be033,immediate_advantage_dqn,811,600,64,38400,24,target_network_max_not_double_dqn,uniform_one_step,42.4395675000269,9569,38400,115200
immediate_advantage_dqn__lambda_0p3_immediate__seed_812.pth,3124ba6ec61480e82f834666423466532edf5a864f1408a08b2aac239eca2292,immediate_advantage_dqn,812,600,64,38400,24,target_network_max_not_double_dqn,uniform_one_step,42.38217600004282,9569,38400,115200
immediate_advantage_dqn__lambda_0p3_immediate__seed_813.pth,98113fe0835a5f1e95b43dbdb5ec8bc22f5aad016b07e1cfddb7a8272635fc7e,immediate_advantage_dqn,813,600,64,38400,24,target_network_max_not_double_dqn,uniform_one_step,44.66801080002915,9569,38400,115200
immediate_advantage_dqn__lambda_0p3_immediate__seed_814.pth,bf56e78dc010c86eed741e06732bf4f99e0d9409069b154b69bdd17883f4d354,immediate_advantage_dqn,814,600,64,38400,24,target_network_max_not_double_dqn,uniform_one_step,44.397213499993086,9569,38400,115200
immediate_advantage_dqn__lambda_0p3_immediate__seed_815.pth,e7e2287ce2a0dc1d39bf7ff5cfe34569ccc0cdaa34e563549c84320935b479af,immediate_advantage_dqn,815,600,64,38400,24,target_network_max_not_double_dqn,uniform_one_step,42.63669489999302,9569,38400,115200
immediate_advantage_dqn__lambda_0p3_immediate__seed_816.pth,e230b078cadaf454bcc59a70ff5339d1fe834142d09eea0d3a1bdf221c4741b6,immediate_advantage_dqn,816,600,64,38400,24,target_network_max_not_double_dqn,uniform_one_step,42.240784500027075,9569,38400,115200
immediate_advantage_dqn__lambda_0p3_immediate__seed_817.pth,e94518e76500b56e124d20e2cd49856fbed09141638958916ae2d574abc206e7,immediate_advantage_dqn,817,600,64,38400,24,target_network_max_not_double_dqn,uniform_one_step,45.20624830003362,9569,38400,115200
immediate_advantage_dqn__lambda_0p3_immediate__seed_818.pth,5f34578449f682c54d1f2b68214445c221af9441acda741ea567613cc315b910,immediate_advantage_dqn,818,600,64,38400,24,target_network_max_not_double_dqn,uniform_one_step,44.81462249998003,9569,38400,115200
immediate_advantage_dqn__lambda_0p3_immediate__seed_819.pth,0803df4e706a5992687d620aa8593e44eb4a23f47ad1ca9b9eef98bf5e58c416,immediate_advantage_dqn,819,600,64,38400,24,target_network_max_not_double_dqn,uniform_one_step,43.015450799954124,9569,38400,115200
standard_dqn__standard__seed_800.pth,51c09662e249fa02379dcd95b694b38caf3c98354d6df8b29d6eb3b63b3d1d5a,standard_dqn,800,600,64,38400,24,target_network_max_not_double_dqn,uniform_one_step,76.96542989998125,9569,0,0
standard_dqn__standard__seed_801.pth,e4496887481b5965ef60985d45ebc68bbb1560dae3342376aeddfbc9ef0a83e4,standard_dqn,801,600,64,38400,24,target_network_max_not_double_dqn,uniform_one_step,34.281407799921,9569,0,0
standard_dqn__standard__seed_802.pth,fdb1ef32691e0877532276a47cac02603e8732b57dd62efe79547a2d2423745e,standard_dqn,802,600,64,38400,24,target_network_max_not_double_dqn,uniform_one_step,34.490515000070445,9569,0,0
standard_dqn__standard__seed_803.pth,ccd4b311ec5a691c4baa11e048e3df8a897a40110d75bfa8e3e47c31fed68222,standard_dqn,803,600,64,38400,24,target_network_max_not_double_dqn,uniform_one_step,34.486143499962054,9569,0,0
standard_dqn__standard__seed_804.pth,8d46fa328815dab89a79adfb8ce97fb615d5b6378f54238c8249d9cf6d6dde76,standard_dqn,804,600,64,38400,24,target_network_max_not_double_dqn,uniform_one_step,34.298722699983045,9569,0,0
standard_dqn__standard__seed_805.pth,5bc835df7d1234293713b6581667aa68c255fb661d65f4e207e2125db3e0520c,standard_dqn,805,600,64,38400,24,target_network_max_not_double_dqn,uniform_one_step,34.32693290000316,9569,0,0
standard_dqn__standard__seed_806.pth,314c052d5164bbe68968cd5aace0513d259fb948facf7818ae642ae8189611cd,standard_dqn,806,600,64,38400,24,target_network_max_not_double_dqn,uniform_one_step,34.2434254999971,9569,0,0
standard_dqn__standard__seed_807.pth,9d42f07d0166f940150ec8c7a51aacfb7355ebde737ed5d91380d5b96cdf35d8,standard_dqn,807,600,64,38400,24,target_network_max_not_double_dqn,uniform_one_step,34.23656179988757,9569,0,0
standard_dqn__standard__seed_808.pth,ce15c7fa9a44cc2da368006b7b74c3c77736285b3eb16b537b4d442cec16af71,standard_dqn,808,600,64,38400,24,target_network_max_not_double_dqn,uniform_one_step,34.204137700027786,9569,0,0
standard_dqn__standard__seed_809.pth,9b768c32f3a5a14c7945c66b398d4fe313fb22c100c84c293db41bcf7b8076bc,standard_dqn,809,600,64,38400,24,target_network_max_not_double_dqn,uniform_one_step,34.34255589998793,9569,0,0
standard_dqn__standard__seed_810.pth,319ba7a4bb1d859549efb4507c04c33e01baed68dd3c6f497076cff34a67f929,standard_dqn,810,600,64,38400,24,target_network_max_not_double_dqn,uniform_one_step,34.23402029997669,9569,0,0
standard_dqn__standard__seed_811.pth,8a3180d0a7449f4607f7c370ba54c6c32302051d1dda11c9c8a36722913c959e,standard_dqn,811,600,64,38400,24,target_network_max_not_double_dqn,uniform_one_step,34.451352300005965,9569,0,0
standard_dqn__standard__seed_812.pth,0422084034b6b42f0b4f1de70c7b9dd568935d73ca2962d8f9f5d7be05d16c51,standard_dqn,812,600,64,38400,24,target_network_max_not_double_dqn,uniform_one_step,34.40760189993307,9569,0,0
standard_dqn__standard__seed_813.pth,81ccdb71d10979158a96cc34413b08d626ec12cbd0907f563d13895dbe5b528e,standard_dqn,813,600,64,38400,24,target_network_max_not_double_dqn,uniform_one_step,33.36091980000492,9569,0,0
standard_dqn__standard__seed_814.pth,4a07d32037489dcae601df692d38e38efc9d0cfdfaaa4d09b8d8f491826a4abf,standard_dqn,814,600,64,38400,24,target_network_max_not_double_dqn,uniform_one_step,32.14482569997199,9569,0,0
standard_dqn__standard__seed_815.pth,ad47047a03e8011108c972b1074b231c7c4a5f37ff38478ab36a39f5be73de0f,standard_dqn,815,600,64,38400,24,target_network_max_not_double_dqn,uniform_one_step,35.526198200066574,9569,0,0
standard_dqn__standard__seed_816.pth,94d86e75b61d3f23739497ed51e9595b58315aa31c408ad91e2f5365b02b5a91,standard_dqn,816,600,64,38400,24,target_network_max_not_double_dqn,uniform_one_step,32.94686180003919,9569,0,0
standard_dqn__standard__seed_817.pth,92a35ceb95d81eb9b0e6b84e1fd05e5f226ce994eaec38a68786e46dba08d49e,standard_dqn,817,600,64,38400,24,target_network_max_not_double_dqn,uniform_one_step,35.15099600004032,9569,0,0
standard_dqn__standard__seed_818.pth,f98f392670770f429d2cf23bc9d9579070e491b0f6d40c2003bd19cf13d6fbc9,standard_dqn,818,600,64,38400,24,target_network_max_not_double_dqn,uniform_one_step,34.324949000030756,9569,0,0
standard_dqn__standard__seed_819.pth,c8ba13ebf8d5c78e5dc7646a00c37dc5cc8f63363b7a7d5612a9719f19d224fa,standard_dqn,819,600,64,38400,24,target_network_max_not_double_dqn,uniform_one_step,54.727669700048864,9569,0,0
