planner_horizon,trace_seed,total_cost,planning_ms_per_decision
1,3300000,108.42291456426024,0.12836093446821906
2,3300000,97.06941995551671,0.49122030759463087
4,3300000,91.16891210194566,4.729053120172466
6,3300000,91.04932802915573,42.05505156642175
1,3300001,87.89209084765953,0.12604062430909835
2,3300001,81.89813547134399,0.4910343759547686
4,3300001,79.5761423587799,4.709543742137612
6,3300001,79.5761423587799,41.81739061823464
1,3300002,85.0105217523386,0.12838125076086726
2,3300002,81.34520760327578,0.4898921888525365
4,3300002,80.86474648267031,4.7531031177641125
6,3300002,78.43972213715315,41.64095157284464
1,3300003,119.39849656092939,0.12904531104140915
2,3300003,105.17943014482346,0.5029890617151977
4,3300003,102.56644274157536,4.770553123307764
6,3300003,102.41844166939292,42.63577655547124
1,3300004,102.15925734511472,0.1317343758273637
2,3300004,100.65876759877543,0.5005921902920818
4,3300004,98.58888146281242,4.846846873988397
6,3300004,98.55447942182128,42.737470314023085
1,3300005,98.8134324059451,0.14228593863663264
2,3300005,85.55159568190575,0.48921875531959813
4,3300005,84.56115978360177,4.76035469728231
6,3300005,82.69794336855412,42.58395937176829
1,3300006,92.66497932019699,0.1274250043934444
2,3300006,83.65334675958721,0.5012593828723766
4,3300006,82.29986935257912,4.698887505583116
6,3300006,82.24788122773171,42.266334376108716
1,3300007,88.8730973004617,0.12842968862969428
2,3300007,86.88574329916271,0.494807813083753
4,3300007,84.44440135438782,4.742771878227359
6,3300007,83.73770982176066,42.4934968668822
1,3300008,131.7955019221418,0.1262062487512594
2,3300008,114.01878010706044,0.48554843306192197
4,3300008,119.02793174224085,4.763760938658379
6,3300008,114.52196311455522,42.79292967839865
1,3300009,94.85290970598948,0.12575781693158206
2,3300009,88.49942980079314,0.49962968842010014
4,3300009,88.66965602338314,4.77149063408433
6,3300009,82.94485528767109,42.04409843441681
1,3300010,93.65556621315054,0.12272812455194071
2,3300010,92.38712478413052,0.4930468767270213
4,3300010,91.66677295315264,4.8644968737789895
6,3300010,88.9979439407587,42.42044063175854
1,3300011,96.33620628973995,0.1339078098681057
2,3300011,88.89980548024178,0.5184578185435385
4,3300011,83.63990415036679,4.77778125241457
6,3300011,80.83487387895585,42.64833280649327
1,3300012,110.52246831907809,0.12860156493843533
2,3300012,101.14008058357436,0.5180468688195106
4,3300012,99.25055491680499,4.790835948369931
6,3300012,97.61916026195541,42.31307812551677
1,3300013,91.52410232456259,0.12390469055389985
2,3300013,80.62737814635038,0.4883874989900505
4,3300013,79.45459709614515,4.767287493450567
6,3300013,78.21616193950176,42.138112510656356
1,3300014,93.70147485827886,0.12812187196686864
2,3300014,89.58025600547637,0.5052687447459903
4,3300014,82.98921789228916,4.7898234388412675
6,3300014,81.16237001121044,42.06184530812607
1,3300015,95.56214986663753,0.12996406258025672
2,3300015,93.52661489936523,0.49940155804506503
4,3300015,91.0651985257864,4.909195315121906
6,3300015,91.0651985257864,43.13750624714885
1,3300016,95.31876814203812,0.13094531277602073
2,3300016,82.60013462958945,0.483853129480849
4,3300016,81.5491748675704,4.699759385403013
6,3300016,81.5491748675704,42.07047343879822
1,3300017,99.19324313551682,0.12270624756638426
2,3300017,97.03676800690016,0.4831671885767719
4,3300017,95.67690809475306,4.744868747366127
6,3300017,94.72365616261959,41.81247343876748
1,3300018,106.58253360578088,0.13045312698523048
2,3300018,100.3080622815697,0.481864057292114
4,3300018,98.14900805467751,4.761189067721716
6,3300018,97.27685639066874,42.06492499906744
1,3300019,101.06762100558984,0.13328905697562732
2,3300019,93.10543634300558,0.49409375060349703
4,3300019,91.4617925286293,4.751064072479494
6,3300019,91.01558817923069,41.88345938200655
1,3301000,126.43120551455077,0.12774063179676887
2,3301000,110.96528856939138,0.48322344082407653
4,3301000,109.81897690026824,4.69724844697339
6,3301000,102.30487125092017,42.02827656263253
1,3301001,99.35012267011516,0.13132812273397576
2,3301001,93.26236877922113,0.482599994938937
4,3301001,89.2624985665083,4.721482830063906
6,3301001,88.61717164570953,41.91497344436357
1,3301002,106.21057076705833,0.12467499072954524
2,3301002,104.21068497592981,0.483831254314282
4,3301002,106.10145536555768,4.743345310998848
6,3301002,104.22272143661976,41.98529062705347
1,3301003,98.85055287971736,0.12969374256499577
2,3301003,92.13451234624779,0.5159484444448026
4,3301003,88.14487977860237,4.773128126544179
6,3301003,86.73663859963418,42.196568749204744
1,3301004,89.00613001470302,0.13048594337305985
2,3301004,82.37936094616221,0.5022875011491124
4,3301004,80.75826501417238,4.730834385554772
6,3301004,78.98227628636438,41.82777655842074
1,3301005,110.25983980868997,0.12509687257988844
2,3301005,108.74302284733187,0.48999687533068936
4,3301005,103.00915348515339,4.77835937817872
6,3301005,97.03611309230328,42.22054220372229
1,3301006,86.94398671037241,0.12158906974946149
2,3301006,84.37571886464647,0.4774718763655983
4,3301006,83.4119451966213,4.6521921849489445
6,3301006,83.32980475091207,42.58990937341878
1,3301007,121.4781290080007,0.12831249659939203
2,3301007,108.71095381063346,0.4979453169653425
4,3301007,106.52968386417986,4.793753121703048
6,3301007,106.534220492903,42.63020937287365
1,3301008,88.09420963841285,0.1280109408980934
2,3301008,86.04173924686447,0.489500005642185
4,3301008,83.37045807540417,4.796085935595329
6,3301008,80.92484141290188,42.19804999411281
1,3301009,110.44521861591771,0.12514219270087779
2,3301009,106.62512262838328,0.4960515670973109
4,3301009,105.50348609272297,4.74303750161198
6,3301009,104.51862977720755,42.55144843409653
1,3301010,113.9655042880963,0.1251531302841613
2,3301010,109.4654491157876,0.48512812281842344
4,3301010,106.12050029751373,4.823068753466941
6,3301010,100.65786394605928,42.425484369232436
1,3301011,66.56104923337698,0.12359062566247303
2,3301011,61.867126980423926,0.49185000170837156
4,3301011,61.97487414777279,4.8167578079301165
6,3301011,61.97487414777279,42.11187501095992
1,3301012,104.98534443659,0.1258312495338032
2,3301012,97.77109359094399,0.503118748383713
4,3301012,95.02231948214552,4.800992177479202
6,3301012,91.6383401453495,42.11181249957008
1,3301013,100.64634830371807,0.1191953124362044
2,3301013,95.68780689756382,0.4910687439405592
4,3301013,93.70561864875508,4.833132807107177
6,3301013,89.91448682844639,42.43555311768432
1,3301014,102.27287468676911,0.13058750664640684
2,3301014,96.30920308399935,0.5016703180444892
4,3301014,94.42955655953872,4.809148433196242
6,3301014,94.21990594267845,42.70467812784773
1,3301015,94.8668592995237,0.12435156531864777
2,3301015,84.4308817178011,0.5007593772461405
4,3301015,78.31151450574399,4.790153121575713
6,3301015,78.31151450574399,41.93479530295008
1,3301016,95.04635564278664,0.13252969074528664
2,3301016,79.12855109357129,0.4960421883879462
4,3301016,77.24674246609212,4.764032817547559
6,3301016,74.25408831983805,42.099860938833444
1,3301017,97.1574499968516,0.12524374687927775
2,3301017,85.99563431739807,0.476268751299358
4,3301017,85.99563431739807,4.806424993148539
6,3301017,82.29998752474785,42.27007344343292
1,3301018,103.09210402585371,0.12460780817491468
2,3301018,99.14101649133607,0.4956765624228865
4,3301018,97.49518473446369,4.785395316503127
6,3301018,95.88476687173514,42.479607813220355
1,3301019,118.30545727907362,0.12786562365363352
2,3301019,110.65595945535853,0.49718750778993126
4,3301019,106.20566191374492,4.802731245945324
6,3301019,101.16262710988522,42.786640628037276
1,3302000,95.98927363548893,0.13323750135896262
2,3302000,93.56018815312711,0.5093078107165638
4,3302000,91.70281830563665,4.862612500801333
6,3302000,90.14512275904417,42.592795312884846
1,3302001,112.67391915267231,0.12648280790017452
2,3302001,103.76013075581784,0.4942812429362675
4,3302001,104.04394983832788,4.86423749680398
6,3302001,103.83738786037351,42.83177968318341
1,3302002,99.19416619520426,0.12660624997806735
2,3302002,94.35211793886663,0.4904109318886185
4,3302002,93.82191936062932,4.739542189781787
6,3302002,93.82191936062932,42.29141874930065
1,3302003,98.05137028367845,0.12100624917366076
2,3302003,94.31716973737446,0.48191250061790925
4,3302003,94.13020323336562,4.7516453105345136
6,3302003,94.1394660025835,42.47265155936475
1,3302004,117.35150678655187,0.13185312309360597
2,3302004,106.58847241712371,0.5018328229198232
4,3302004,103.95313248912728,4.7981093757698545
6,3302004,100.88439630270004,42.332667186201434
1,3302005,84.67100823680549,0.1330562499788357
2,3302005,82.99078604578972,0.4919062503176974
4,3302005,82.87787792086601,4.7944999914761866
6,3302005,82.76157519221306,43.46598749543773
1,3302006,114.55764801164347,0.12508437430369668
2,3302006,109.60840175912632,0.4901859356323257
4,3302006,101.7929928403609,4.777745307364967
6,3302006,101.79218392378196,42.19757656028378
1,3302007,113.19149471167894,0.121178121844423
2,3302007,101.39929117920276,0.49609843335929327
4,3302007,94.61119725043176,4.753717184939887
6,3302007,93.74568462477382,42.393032812469755
1,3302008,111.40720396421361,0.12998438069189433
2,3302008,103.48503928085194,0.4886562546744244
4,3302008,101.38643967753221,4.736956238048151
6,3302008,99.32204912751914,42.82129062448803
1,3302009,88.75236915796995,0.12287187564652413
2,3302009,83.20427165180445,0.5051937496318715
4,3302009,82.80849839001894,4.790571872945293
6,3302009,77.18115250021219,42.40575780750078
1,3302010,100.76809589276124,0.12394061923259869
2,3302010,98.15563217699528,0.48498281103093177
4,3302010,96.5732798665762,4.760032814374426
6,3302010,93.70886916816235,42.29336718344712
1,3302011,86.9883866067211,0.12497500210884027
2,3302011,76.67127864062786,0.5091265647934051
4,3302011,73.88487236201763,4.80237188457977
6,3302011,73.88487236201763,42.03534842963563
1,3302012,100.01453376183031,0.12991406038054265
2,3302012,91.87531246794329,0.4953609368385514
4,3302012,85.56537468135357,4.8056250052468386
6,3302012,85.52623398005963,42.978546875019674
1,3302013,103.50338364933462,0.12456249169190414
2,3302013,97.38864497292464,0.4937281246384373
4,3302013,84.8562827333808,4.737921877676854
6,3302013,84.8562827333808,41.99364218584378
1,3302014,104.2656668006889,0.12221718679938931
2,3302014,95.66871515818109,0.5011578159610508
4,3302014,93.44478892683983,4.742889062981703
6,3302014,90.7112413585186,42.74570468442107
1,3302015,95.76434940654897,0.13141874842403922
2,3302015,82.94560813903809,0.5001187510060845
4,3302015,82.5094055980444,4.75447343342239
6,3302015,80.24834036827087,41.881143750288174
1,3302016,98.63079488024712,0.12412812975526322
2,3302016,93.15949674515481,0.47916405856085476
4,3302016,92.54246665899383,4.746943744976306
6,3302016,91.49812118089577,42.72620000119787
1,3302017,89.93854692886886,0.12517812865553424
2,3302017,86.67378506968728,0.48680468898965046
4,3302017,85.20029948949814,4.835931249544956
6,3302017,85.20029948949814,42.36360000868444
1,3302018,103.21121238986389,0.12193593647680245
2,3302018,96.52639282685573,0.49312656119582243
4,3302018,94.64387929227422,4.738435929539264
6,3302018,94.3936942011118,41.988965625932906
1,3302019,95.80761333514347,0.11960624760831706
2,3302019,87.68664779663087,0.4893609420832945
4,3302019,85.50916829109192,4.718085925560445
6,3302019,85.50916829109192,41.84678125056962
1,3303000,88.90807131221773,0.12438593694241717
2,3303000,88.66476263178791,0.5001374993298668
4,3303000,88.46226599652752,4.773634380399017
6,3303000,88.38588255870441,42.010146882603294
1,3303001,78.60677226632833,0.12311093632888515
2,3303001,76.97143588960171,0.5004328068025643
4,3303001,75.86571191251278,4.80228124979476
6,3303001,73.40048860013485,41.66266250649642
1,3303002,99.9674736897214,0.1280218712054193
2,3303002,97.0713804882653,0.4969453057128703
4,3303002,96.92890636793507,4.776203117216937
6,3303002,98.79582179059572,42.167164052443695
1,3303003,96.50480156171648,0.13080000280751847
2,3303003,84.96108192002154,0.4945187502016779
4,3303003,84.6871417477727,4.720095314041828
6,3303003,84.33648190051318,42.130815623750095
1,3303004,76.44816228747368,0.12999999671592377
2,3303004,72.6707733720541,0.4908187511318829
4,3303004,72.6707733720541,4.715975008366513
6,3303004,72.64818790555,41.98001250551897
1,3303005,118.49301818053667,0.127664063256816
2,3303005,110.19477703424518,0.48084999980346765
4,3303005,103.51925789139479,4.80523906480812
6,3303005,102.30814197063447,42.57894374495663
1,3303006,96.77621054806124,0.12362812776700594
2,3303006,94.99778202761965,0.49482656140753534
4,3303006,90.88165191236797,4.802984378329711
6,3303006,90.78827026907268,42.48820469001657
1,3303007,102.89991728258617,0.1276843777304748
2,3303007,101.4936368571341,0.4965218795405235
4,3303007,98.94531661272049,4.784982817000127
6,3303007,96.5438949227333,42.341795304309926
1,3303008,108.50430971320897,0.12397187856549863
2,3303008,104.61272618197617,0.4984062470612116
4,3303008,104.51954657733441,4.775357811013237
6,3303008,104.46891696155072,42.62442969775293
1,3303009,97.80268325346685,0.12812187196686864
2,3303009,92.70090074471801,0.5013781192246825
4,3303009,90.50165686766017,4.780179689987563
6,3303009,90.23263990410979,42.80608437329647
1,3303010,92.08845636369549,0.12783905913238414
2,3303010,89.926851195074,0.4853781265410362
4,3303010,87.34477387368679,4.824496880246443
6,3303010,87.03940676152706,42.450209368325886
1,3303011,100.48743798715824,0.12053437421855051
2,3303011,84.4459138981868,0.5184328147151973
4,3303011,80.01529742777348,4.778559368787683
6,3303011,80.01529742777348,42.19489998831705
1,3303012,94.14866165784464,0.13161250353732612
2,3303012,83.04886722117662,0.4983078088116599
4,3303012,83.04886722117662,4.890359363344032
6,3303012,82.26912700682878,42.60194061862421
1,3303013,99.96640331241193,0.13094844871375244
2,3303013,93.37373510128181,0.504381254359032
4,3303013,92.8504284067145,4.864820308284834
6,3303013,92.8504284067145,42.88698437085259
1,3303014,91.48673794415562,0.13631249748868868
2,3303014,87.4797527364506,0.49480624875286594
4,3303014,78.5941596776247,4.797776557097677
6,3303014,78.72466019151756,42.51528592976683
1,3303015,107.19578109828467,0.1388687414873857
2,3303015,102.13729708785826,0.5185265545151196
4,3303015,100.78675689007062,4.828212502616225
6,3303015,99.77672396982136,42.564707808196545
1,3303016,71.3930274322629,0.12485781189752743
2,3303016,66.48664154857397,0.49138906615553424
4,3303016,64.14168434590101,4.751210939502926
6,3303016,63.61105873435736,42.43872655752057
1,3303017,99.83053255975811,0.126151557196863
2,3303017,95.8924971818924,0.4873515572398901
4,3303017,95.11526891589165,4.725551558294683
6,3303017,94.54163181781769,42.052390626849956
1,3303018,82.39868901337444,0.13532655793824233
2,3303018,80.99519745867907,0.5045109319326002
4,3303018,78.97122652083635,4.74281093920581
6,3303018,78.39019817858934,42.62115938217903
1,3303019,131.27878568870764,0.1409359338140348
2,3303019,113.83457256383802,0.495578129630303
4,3303019,108.93870470184196,4.801496879736078
6,3303019,107.88194636404515,43.751715626058285
1,3304000,106.09270559121023,0.12548437734949403
2,3304000,94.65605325496799,0.5114609375596046
4,3304000,94.62187831861849,4.806132817975595
6,3304000,92.27345602254215,42.8954265662469
1,3304001,98.18805861816344,0.130579686810961
2,3304001,94.32287361537527,0.527543747011805
4,3304001,93.71761031837863,5.004035958336317
6,3304001,93.1299113124609,42.92522343712335
1,3304002,91.91194262681877,0.1304203069594223
2,3304002,91.30184988086951,0.5046421902079601
4,3304002,90.86954788267613,4.851493747992208
6,3304002,90.38681233842976,42.7325937544083
1,3304003,94.1939486720554,0.12380000043776818
2,3304003,82.58924441688164,0.4867046845902223
4,3304003,81.0203274667263,4.8682750057196245
6,3304003,80.39722000360489,42.61757343556383
1,3304004,77.47618756552943,0.13431718980427831
2,3304004,75.37109820097685,0.5218296828388702
4,3304004,67.4683083474636,4.876170309216832
6,3304004,66.95166828781366,42.326335937104886
1,3304005,103.30051983676618,0.12989062452106737
2,3304005,97.9879592670989,0.49320937432639766
4,3304005,97.12602356970311,4.767690628796117
6,3304005,97.3293688684702,42.085203120223014
1,3304006,111.15203725254796,0.1564421836519614
2,3304006,99.70279240852364,0.4876671919191722
4,3304006,97.0200408041402,4.787796864548
6,3304006,94.14765152968364,42.33637031938997
1,3304007,122.58753850501866,0.12353906276985072
2,3304007,113.13639753210128,0.5061765623395331
4,3304007,112.29285843174583,4.775445309860515
6,3304007,112.16591870480886,42.34791718045017
1,3304008,81.33464396959461,0.12582188173837494
2,3304008,77.17326514422894,0.4799218750122236
4,3304008,77.16915027797222,4.757151562444051
6,3304008,76.00321917235851,42.0403281259496
1,3304009,103.06338490972026,0.13187968579586595
2,3304009,98.79961391705253,0.4909562503598863
4,3304009,97.52311683592278,4.76341406465508
6,3304009,97.50668455061394,42.311259374400834
1,3304010,99.99107481143362,0.13084374768368434
2,3304010,91.96120835244656,0.49063594451581594
4,3304010,91.56676090657712,4.773646871399251
6,3304010,89.32799125611783,42.129724997721496
1,3304011,108.70465747994652,0.12311875070736278
2,3304011,104.29413928197286,0.49056874740927014
4,3304011,99.40791563689709,4.822543740374385
6,3304011,99.33537785708904,42.24785155747668
1,3304012,97.13349978694677,0.12490938570408616
2,3304012,91.42486284749245,0.48685156616556924
4,3304012,91.06523824514672,4.778342181452899
6,3304012,90.84950008392335,42.23612187342951
1,3304013,105.73339465849111,0.13869999929738697
2,3304013,100.33011535926448,0.5008468797313981
4,3304013,92.21705487710722,4.742321876619826
6,3304013,88.55071284768215,41.98382500180742
1,3304014,78.86662950105597,0.12430313108779956
2,3304014,76.01601621806621,0.48181406964431517
4,3304014,75.6136840313673,4.8288984326063655
6,3304014,75.6136840313673,42.430123441590695
1,3304015,104.6997701115503,0.12310938109294511
2,3304015,90.14581776670902,0.49330000547342934
4,3304015,89.05189611315727,4.780037508680834
6,3304015,84.29850456416607,42.47919844056014
1,3304016,96.49163381530987,0.12397343925840687
2,3304016,92.21909073772856,0.5061953088443261
4,3304016,86.9066643938847,4.759003117214888
6,3304016,84.43149055540562,42.69669063251058
1,3304017,82.25508663635287,0.12881406655651517
2,3304017,80.31652989611132,0.48472343769390136
4,3304017,79.54869730596133,4.842832808208186
6,3304017,78.8678701522968,42.32143750232353
1,3304018,120.34759210926346,0.12249218161741737
2,3304018,108.69281279988131,0.4838281238335185
4,3304018,105.05176277208483,4.842271864617942
6,3304018,105.05176277208483,42.35023906585411
1,3304019,109.02908548275953,0.1303828103118576
2,3304019,102.3351620848908,0.5083312425995246
4,3304019,100.14190126538277,4.889453122814302
6,3304019,94.25803750753403,42.473020310353604
1,3305000,109.82470623930818,0.12387343849695753
2,3305000,102.81603755686865,0.5150671931914985
4,3305000,101.36010310280534,4.897115619314718
6,3305000,100.16751984520722,42.754423438964295
1,3305001,108.45127848074259,0.1332953070232179
2,3305001,103.59798626128821,0.4900765579805011
4,3305001,103.59798626128821,4.858575010075583
6,3305001,101.27939797627793,42.61029687586415
1,3305002,71.50375977158546,0.12032656741212122
2,3305002,67.8642545118928,0.4806265606021043
4,3305002,67.68394044041634,4.822092183530913
6,3305002,67.68394044041634,42.140946878134855
1,3305003,99.19278968817251,0.12861562936450355
2,3305003,94.8443848521608,0.4895375022897497
4,3305003,92.35623555556533,4.8672468819859205
6,3305003,91.85617554187775,42.446825000297395
1,3305004,122.53423833460212,0.12965156383870635
2,3305004,114.31653527659304,0.48984374734573066
4,3305004,114.45302059018046,4.887337492618826
6,3305004,112.17600790831546,42.64709687595314
1,3305005,104.00778191552726,0.12522968791017774
2,3305005,100.84944527236937,0.488062500153319
4,3305005,98.60026283609429,4.83470780091011
6,3305005,96.16477379202843,42.54239374677127
1,3305006,108.4775954330297,0.1372671904391609
2,3305006,98.21023341521182,0.49508281517773867
4,3305006,97.14869168400764,4.752778129841317
6,3305006,94.17196217179298,42.844329687795835
1,3305007,108.52892348158082,0.1268906216864707
2,3305007,102.22079536809704,0.49898280667548534
4,3305007,101.71381558060278,4.855457811572705
6,3305007,99.88335765742906,42.53628125479736
1,3305008,110.37652936738418,0.12285312914173119
2,3305008,104.83132098613729,0.4861375018663239
4,3305008,100.26299628422461,4.805996883078478
6,3305008,99.10888192148157,42.81218280993926
1,3305009,95.23456039071205,0.1327859517914476
2,3305009,84.75840772688389,0.5053796812717337
4,3305009,83.07908757030964,4.804792179129436
6,3305009,83.07908757030964,42.103162508283276
1,3305010,101.43482975951544,0.12827656064473558
2,3305010,96.33176056444645,0.49299061902274843
4,3305010,95.85618236172235,4.941746874465025
6,3305010,93.56462896764279,42.980149995855754
1,3305011,80.40520153340873,0.13030468653596472
2,3305011,77.35976918488741,0.4999828142899787
4,3305011,76.43766744881869,4.832748443732271
6,3305011,72.54924291223287,42.25803906774672
1,3305012,87.53323195360545,0.13047343963989988
2,3305012,86.25823094790442,0.48126562251127325
4,3305012,80.81154692637551,4.751753123855451
6,3305012,80.38930533826351,42.10207812138833
1,3305013,121.14702924239758,0.1229593763127923
2,3305013,103.76399047829325,0.5061921838205308
4,3305013,101.19519174098969,4.743585946926032
6,3305013,95.34174251556396,42.17206717839872
1,3305014,82.29727213585574,0.12584531214088202
2,3305014,76.70355983214283,0.4854437502217479
4,3305014,70.28939072191716,4.755132818900165
6,3305014,69.46305140256882,42.32465936729568
1,3305015,101.26329368485985,0.12481094199756626
2,3305015,95.19862466792202,0.4931156199745601
4,3305015,92.23206456154585,4.7367843817482935
6,3305015,90.74030746668578,42.08035156807455
1,3305016,96.92267989655014,0.12407187568896916
2,3305016,95.88578721887129,0.49300468162982725
4,3305016,92.03791853508926,4.785467173860525
6,3305016,90.76335926502944,42.10149687787634
1,3305017,85.74785802284427,0.1251296871487284
2,3305017,77.66453123092651,0.4901140582660446
4,3305017,77.66453123092651,4.706382811491494
6,3305017,77.66453123092651,42.15602499061788
1,3305018,131.82452923708385,0.12349531789368484
2,3305018,113.02466744232571,0.5018625106458785
4,3305018,109.652238521423,4.750489064463181
6,3305018,109.40065843630207,42.36393125029281
1,3305019,89.81143675765094,0.12659687854466029
2,3305019,82.9880305543542,0.4806093784281984
4,3305019,82.9880305543542,4.724634371086722
6,3305019,82.01625865846873,41.927284370103735
1,3306000,123.77766729478591,0.1230031302839052
2,3306000,108.06802756051586,0.4917046808259329
4,3306000,104.23767276179403,4.805698443306028
6,3306000,103.0906575024128,42.94730311630701
1,3306001,95.80056135149884,0.12829843399231322
2,3306001,95.45938005393168,0.5030468764744
4,3306001,95.45938005393168,4.788321875821566
6,3306001,91.01703307620244,42.0903625072242
1,3306002,104.6989160365586,0.1218796860484872
2,3306002,96.55386875201685,0.4993156235286733
4,3306002,95.48245377242566,4.754889056130196
6,3306002,95.59166854788286,41.908707811671775
1,3306003,86.3795044994815,0.12561874609673396
2,3306003,72.3234875202179,0.48715468801674433
4,3306003,68.72040748596191,4.756720312798279
6,3306003,64.97003456950188,41.94701249798527
1,3306004,98.15797848001668,0.126362499941024
2,3306004,93.65890719267459,0.5106203152536182
4,3306004,92.58591219782829,4.786306257301476
6,3306004,90.58427531166299,42.00740781197965
1,3306005,111.71728021196088,0.14291093793872278
2,3306005,100.2291095713357,0.5124453164171427
4,3306005,96.26373504003695,4.766532809298951
6,3306005,95.85103569738095,42.15580312666134
1,3306006,108.86283075862255,0.12090155905752908
2,3306006,104.01966811323888,0.5016406230424764
4,3306006,102.06728414082617,4.8273624961439054
6,3306006,99.92743356504927,42.503415626924834
1,3306007,132.73416084825755,0.12476875053835101
2,3306007,108.26196876893349,0.49333437345921993
4,3306007,107.1100429577579,4.825589063329971
6,3306007,105.28499205499449,42.3966703183396
1,3306008,99.96481317636061,0.13113124441588297
2,3306008,89.01298654335504,0.4874734386248747
4,3306008,88.76033855974674,4.826260928894044
6,3306008,88.6868858486414,42.05289531273593
1,3306009,100.47814313385517,0.12249062638147734
2,3306009,96.96007417617716,0.49317499906464946
4,3306009,95.0473483002337,4.753448427436524
6,3306009,90.63002950698137,41.93108594699879
1,3306010,98.930595861849,0.12714063086605165
2,3306010,98.64722442960678,0.49099375428340863
4,3306010,101.07758768066724,4.74152968308772
6,3306010,97.59719796478748,42.34829843881016
1,3306011,77.09665031206863,0.12461093501769938
2,3306011,72.44837437868118,0.4817609369638376
4,3306011,72.45322214365005,4.71418437336979
6,3306011,72.45322214365005,42.17075155975181
1,3306012,82.31181564321493,0.12431093637133017
2,3306012,79.51688054514577,0.5002781235816656
4,3306012,79.17431648820639,4.803767187695485
6,3306012,77.72414185851812,42.33253905113088
1,3306013,97.51051854775967,0.12989374772587325
2,3306013,89.62520948030371,0.5073281245131511
4,3306013,85.1403566673398,4.782767182405223
6,3306013,83.03894624859095,42.17727812465455
1,3306014,112.48656879994803,0.12882812370662577
2,3306014,109.971688759481,0.47946563245204743
4,3306014,108.29100184950521,4.801632812814205
6,3306014,106.42276880758111,43.064839072030736
1,3306015,94.9890142426714,0.1380437515763333
2,3306015,89.93278256355096,0.5146078092366224
4,3306015,89.93278256355096,5.02043436972599
6,3306015,92.32417844043748,42.77195468603168
1,3306016,90.89181246494577,0.12697812235273886
2,3306016,85.81482937335969,0.4873406269325642
4,3306016,85.08742814660073,4.835262492633774
6,3306016,84.0020442545414,42.48836718579696
1,3306017,87.4837716232663,0.1265296868950827
2,3306017,85.30445689707994,0.4940859307680512
4,3306017,85.30445689707994,4.982478138117585
6,3306017,84.77628279477358,42.75609843352868
1,3306018,94.33283360438554,0.12430937204044312
2,3306018,90.53578589151965,0.5024093807151075
4,3306018,90.26858708400057,4.808501560546574
6,3306018,85.97885324209929,42.11025624681497
1,3306019,99.75918207107063,0.13066250721749384
2,3306019,89.02789243233465,0.5021624983783113
4,3306019,87.82973704636098,4.795182800080511
6,3306019,86.69812528192998,42.11545468933764
1,3307000,95.40924023844465,0.12388906179694459
2,3307000,89.67092313112761,0.4965921907569282
4,3307000,85.55581545978785,4.797459370820434
6,3307000,80.32205277830363,42.00460625179403
1,3307001,104.23757813257025,0.14053437371330801
2,3307001,99.52064759668023,0.49943594058277085
4,3307001,98.18964639835689,4.746990634885151
6,3307001,94.90391786396503,42.06754687038483
1,3307002,105.5769466775487,0.13295937969814986
2,3307002,102.6675782956213,0.4928156213281909
4,3307002,98.41490714401007,4.755976560772979
6,3307002,98.53663771003485,42.06210625670792
1,3307003,78.4076995678575,0.12777031042787712
2,3307003,75.82867428064347,0.5002531215723138
4,3307003,74.56605308651925,4.7658546864113305
6,3307003,70.70824373662472,42.00076250344864
1,3307004,125.58605778086168,0.13112343549437355
2,3307004,108.41097029995275,0.49264999324805103
4,3307004,108.38225186825187,4.7837468700890895
6,3307004,107.07398859078248,42.50702031822584
1,3307005,116.96929240822283,0.12808749852410983
2,3307005,111.59923996031284,0.49544687135494314
4,3307005,107.13985766470432,4.80646250252903
6,3307005,104.27711844444275,42.22586562354991
1,3307006,107.3078778512437,0.12932343634020071
2,3307006,99.71585088112262,0.5057734306319617
4,3307006,98.86626085788012,4.761837501064292
6,3307006,98.01382246762515,42.172639068667195
1,3307007,91.60060287920149,0.12355625767668243
2,3307007,87.59146428191661,0.4905359419353772
4,3307007,86.88872718323502,4.7687859423604095
6,3307007,84.50738870880942,42.30992656448507
1,3307008,114.72863818639303,0.12276562301849481
2,3307008,107.69250628940951,0.5023531284678029
4,3307008,105.52868439034864,4.847551559578278
6,3307008,104.93864730008808,42.65903905616142
1,3307009,111.72656347244268,0.1394812461512629
2,3307009,105.98453872219814,0.49642969861452
4,3307009,104.36452237916069,4.834123437831295
6,3307009,104.00019560878779,42.45237968461879
1,3307010,100.21765143743058,0.1300109361181967
2,3307010,94.09052623831536,0.4900937383354176
4,3307010,92.26220827177764,4.817424989596475
6,3307010,90.86979684233665,42.18274687445955
1,3307011,71.84241683781147,0.13040469275438227
2,3307011,70.34161259233952,0.48245780635625124
4,3307011,67.16759560257196,4.783839056472061
6,3307011,67.06797640770674,42.1762546775426
1,3307012,98.04804507118097,0.122485937026795
2,3307012,93.28743574526759,0.4890484342467971
4,3307012,91.2548402747199,4.75873592949938
6,3307012,91.10609831419438,42.19736719096545
1,3307013,103.98130657444757,0.13070468594378326
2,3307013,96.29025211768962,0.49839686835184693
4,3307013,95.41625377684832,4.852570320508676
6,3307013,91.38824217170477,42.05127812019782
1,3307014,86.68022758038725,0.12407031317707151
2,3307014,84.52132643880356,0.5013609370507766
4,3307014,84.3807703399118,4.854100016018492
6,3307014,82.22538686406898,42.27793125028256
1,3307015,89.1572941640576,0.13628125816467218
2,3307015,87.89820723339022,0.49917030628421344
4,3307015,86.45610932409764,4.806832816029782
6,3307015,84.545524635911,42.1538328173483
1,3307016,101.40874494523479,0.12548280938062817
2,3307016,94.72694339157347,0.47539686966047157
4,3307016,94.72152082828796,4.817054677914712
6,3307016,88.46809281408787,42.24615156999789
1,3307017,92.06315372935731,0.1255078132089693
2,3307017,89.82429643585621,0.4891843709629029
4,3307017,80.46198751926423,4.904084369627526
6,3307017,77.79503827691079,42.080565632204525
1,3307018,108.76622171165657,0.12005155986116733
2,3307018,101.42548230768254,0.5040281139372382
4,3307018,98.91921439021826,4.7734187446621945
6,3307018,98.53682678192854,42.24087499460438
1,3307019,82.3614997605244,0.1234906267200131
2,3307019,78.65704178704789,0.4809140573343029
4,3307019,78.70998032513177,4.814879685000051
6,3307019,78.00205179754289,42.175923439572216
1,3308000,98.10781569309977,0.13536874212149996
2,3308000,91.41575019061565,0.5072906242276076
4,3308000,87.34275521337986,4.93354217542219
6,3308000,84.97025889158249,42.16813593484403
1,3308001,94.11611655890543,0.12034844075969886
2,3308001,90.13335761073373,0.49140937881020363
4,3308001,89.79334553721688,4.778284375788644
6,3308001,89.58940634131432,42.71806249016663
1,3308002,110.46649528473725,0.12549218627100345
2,3308002,102.77917983308001,0.4966031247022329
4,3308002,101.8219266897863,4.778465623530792
6,3308002,100.9480415135622,42.389828129671514
1,3308003,111.01303000437142,0.12089687879779376
2,3308003,109.13927942366385,0.49453749670647085
4,3308003,106.3982404240172,4.719695323728956
6,3308003,106.10729322293959,42.90578436848591
1,3308004,117.9938963385204,0.13475156993081328
2,3308004,111.57663182667956,0.5000124911020976
4,3308004,110.41364994495947,4.829714071092894
6,3308004,109.26896535865654,42.72657812543912
1,3308005,116.29892856753547,0.1310781135543948
2,3308005,105.45475024434079,0.4913734446745366
4,3308005,105.09803953078926,4.751724984089378
6,3308005,103.92720109812295,42.90876718550862
1,3308006,122.13480818543606,0.12713125215668697
2,3308006,96.77836158782188,0.49951093751587905
4,3308006,95.8073481745949,4.851389063333045
6,3308006,95.14883895150143,42.19797343648679
1,3308007,94.50689104926045,0.13415781177172903
2,3308007,89.44617512973312,0.48642030742485076
4,3308007,85.28096268475056,4.840706245886395
6,3308007,84.68523848950863,42.38944843018544
1,3308008,101.37344007580741,0.12834061999456026
2,3308008,96.10805025592009,0.5441328175948001
4,3308008,94.30910296142102,4.970179685187759
6,3308008,93.06691745817662,42.44858281163033
1,3308009,107.56564228502242,0.12113125012547243
2,3308009,103.97654275793468,0.4962124985468108
4,3308009,101.7456562162914,4.787196872712229
6,3308009,99.65042298450848,42.80393125554838
1,3308010,101.7297988671449,0.1469109374738764
2,3308010,98.95880255135856,0.5022640598326689
4,3308010,96.07586691144854,4.921204692436731
6,3308010,95.377282589674,42.31229687502491
1,3308011,66.98014205098153,0.1432218723493861
2,3308011,63.33852022886276,0.6323218876786996
4,3308011,63.33852022886276,4.851434379816055
6,3308011,63.33852022886276,42.79665155263501
1,3308012,97.97946742724787,0.11952030945394654
2,3308012,94.30987978634543,0.5171875000087311
4,3308012,92.37427715382472,4.840512490773108
6,3308012,90.80350863188505,42.727542189823
1,3308013,100.96915284249715,0.12999218597542495
2,3308013,97.30549296993567,0.5131078123667976
4,3308013,94.8841849538297,4.858351559960283
6,3308013,94.54623682449142,42.747376566694584
1,3308014,102.21785573082042,0.13736718210566323
2,3308014,88.86139422655106,0.49081406177720055
4,3308014,77.91371156275272,4.752579692649306
6,3308014,77.53613211214542,42.29843906250608
1,3308015,106.60845113743859,0.13846718684362713
2,3308015,95.80879582464695,0.5052453052485362
4,3308015,94.52794615924358,4.811053129742504
6,3308015,94.0310957878828,42.0705593751336
1,3308016,84.16962924224305,0.12128281377954409
2,3308016,77.68845290607436,0.4883828114543576
4,3308016,75.65218954682351,4.730687494884478
6,3308016,75.65218954682351,41.97266250048415
1,3308017,101.68609702570384,0.12459999743441585
2,3308017,98.67211466891601,0.49593124640523456
4,3308017,97.64774777889252,4.789779681232176
6,3308017,97.4375473958514,42.18134687107522
1,3308018,101.04335772566742,0.12806406266463455
2,3308018,93.63754620094221,0.4847656273341272
4,3308018,92.41440349775274,4.818404688194278
6,3308018,91.51549192693874,42.150289062192314
1,3308019,97.59552684710756,0.12009687452518847
2,3308019,93.75162130631985,0.4810109367099358
4,3308019,93.24592807306811,4.792584371898556
6,3308019,92.44318173527718,41.88362031345605
1,3309000,123.70910242780397,0.13310155736689921
2,3309000,107.08761098922503,0.4918031263514422
4,3309000,106.42269785912518,4.831126560020493
6,3309000,105.22999413521771,41.98875311885786
1,3309001,92.0187385369032,0.1297828112001298
2,3309001,90.5961479360873,0.49783124813984614
4,3309001,87.20681269125113,4.718870304714073
6,3309001,86.8915975872518,42.21163593501842
1,3309002,114.30867161607583,0.12119061648263596
2,3309002,108.07827330188735,0.5008953121432569
4,3309002,110.20262914346189,4.8145015480258735
6,3309002,107.00258724112955,42.49581562362437
1,3309003,95.1678171038284,0.1207624936796492
2,3309003,86.3832162336312,0.5227515666774707
4,3309003,83.9307439510554,4.790764060089714
6,3309003,82.66329542696477,42.59735157575051
1,3309004,133.93172715437595,0.1330874947598204
2,3309004,114.41823651602711,0.5023140674893511
4,3309004,112.75229936554813,4.886851558694616
6,3309004,112.74863081887149,43.25631562824128
1,3309005,87.65171065910947,0.13354218936001416
2,3309005,83.42108671367168,0.49418593516747933
4,3309005,82.80477129545187,4.853893755353056
6,3309005,82.7143505414763,42.50292500000796
1,3309006,95.41763051100217,0.12240312207723036
2,3309006,87.89166004258068,0.48592187340545934
4,3309006,87.69416564106942,4.759518747960101
6,3309006,85.99611773490906,42.42124687698379
1,3309007,95.34988524167333,0.13087186744087376
2,3309007,94.16775573130809,0.4892874931101687
4,3309007,89.57932313943154,4.867754689257708
6,3309007,90.9935909435153,42.799557817488676
1,3309008,112.1198458932897,0.12288280595385004
2,3309008,102.42014897259277,0.49302812658424955
4,3309008,102.19725666979123,4.858028130911407
6,3309008,102.18424368763466,42.67599843660719
1,3309009,99.3704942836768,0.13390624553721864
2,3309009,86.19826388922152,0.4840000001422595
4,3309009,85.09687294126104,4.774200002430007
6,3309009,84.97046347239761,42.21308749583841
1,3309010,118.25959837656438,0.12570312537718564
2,3309010,105.62014277834072,0.4912921867799014
4,3309010,104.55355307583154,4.860578117586556
6,3309010,103.46949220599751,42.93001873702451
1,3309011,94.15463899257111,0.13332499838725198
2,3309011,93.87774480581284,0.5218499936745502
4,3309011,84.37488919198513,4.841907806621748
6,3309011,84.37488919198513,42.38835469186597
1,3309012,116.77433565913705,0.13169687008485198
2,3309012,101.68495824618803,0.5056734389654594
4,3309012,98.20543807301465,4.799012494913768
6,3309012,97.64773095548153,42.64994375080278
1,3309013,94.77086709021515,0.12171249363746028
2,3309013,92.07581445683647,0.48868437625060324
4,3309013,92.4662333290143,4.859620310526225
6,3309013,89.77399398748085,42.76857343575102
1,3309014,87.02281887973814,0.12672969023697078
2,3309014,82.98203251659871,0.49814375779533293
4,3309014,82.02691636383534,4.818610939764767
6,3309014,79.40183138251305,42.42006249842234
1,3309015,89.37433165732877,0.12812812565243803
2,3309015,81.19559682905674,0.48643593618180603
4,3309015,81.1931513696909,4.782004685694119
6,3309015,78.48928923904896,42.89432344012312
1,3309016,114.95802716530261,0.13307031804288272
2,3309016,108.24777634984008,0.5150796823727433
4,3309016,108.52115312107958,4.909876559395343
6,3309016,107.88854029207654,43.648992188536795
1,3309017,89.12504337800266,0.12179218356322963
2,3309017,86.79227400785228,0.485493752421462
4,3309017,82.4056686937809,4.85261718131369
6,3309017,79.89792150557041,42.34170156632899
1,3309018,92.47910772786442,0.1364484451187309
2,3309018,87.45183643271633,0.49322187442157883
4,3309018,83.65254898369312,4.710156252258457
6,3309018,82.05069287121296,42.46506250638049
1,3309019,104.57368317827664,0.12383281318761874
2,3309019,95.34136103481423,0.5258515593595803
4,3309019,95.34136103481423,4.778748438184266
6,3309019,92.1374287635088,42.60658437124221
1,3310000,96.74205642435362,0.13082501573080663
2,3310000,89.42037908136845,0.5019531254220055
4,3310000,87.94839508235455,4.885157823082409
6,3310000,87.94839508235455,42.67629062269407
1,3310001,95.39758303054893,0.13836249854648486
2,3310001,87.09368282421305,0.5063859352958389
4,3310001,83.07085950858551,4.879476558926399
6,3310001,83.07085950858551,41.83296562587202
1,3310002,113.10044806216727,0.12762187907355838
2,3310002,105.37258187960467,0.4939578066114336
4,3310002,102.38939082947361,4.760107811307535
6,3310002,100.36904606063206,42.22703281266149
1,3310003,105.5346028832357,0.12300469279580284
2,3310003,102.04067682605427,0.5043515648139874
4,3310003,99.83770100213182,4.797854688149528
6,3310003,94.70564957409842,42.361848425571225
1,3310004,78.29530879925049,0.1309203180426266
2,3310004,75.60751658678055,0.49760625006456394
4,3310004,74.0530397593975,4.852639061937225
6,3310004,73.90305644273758,42.31055312084209
1,3310005,95.96194773310155,0.1242265643668361
2,3310005,91.5046268559198,0.48268280988850165
4,3310005,90.58739708831297,4.795595310497447
6,3310005,90.15151315781875,42.22611718432745
1,3310006,97.57041426858133,0.1281609384022886
2,3310006,97.37573104500771,0.4960109363310039
4,3310006,93.50571710765362,4.74954687160789
6,3310006,89.61190306544304,42.34735624231689
1,3310007,100.1558898941025,0.12503281868703198
2,3310007,95.91535618288069,0.5211375009821495
4,3310007,94.45606627533901,4.8074765618366655
6,3310007,93.19547408243831,42.1330203062098
1,3310008,87.92632044379998,0.13790312368655577
2,3310008,81.04557175242395,0.5091781222290592
4,3310008,79.93163742711717,4.752453127366607
6,3310008,79.4747803002596,42.202789067232516
1,3310009,110.91772179865617,0.1246078190888511
2,3310009,107.1032871901989,0.4877796854998451
4,3310009,103.97640436887741,4.72465468737937
6,3310009,102.37759238481522,42.300560940930154
1,3310010,86.40477021656798,0.1330734357907204
2,3310010,75.37896287590266,0.49936094001168385
4,3310010,74.51050070077181,4.752810929858242
6,3310010,71.62326315194369,41.96087655873271
1,3310011,89.7188584733761,0.1213203195220558
2,3310011,87.88584509921688,0.4946515564370202
4,3310011,86.08265486359596,4.754681254780735
6,3310011,85.96456518769264,42.76483281864785
1,3310012,95.48106032791429,0.1246015599463135
2,3310012,87.45658325552941,0.4820468784600962
4,3310012,85.824078643322,4.746590624563396
6,3310012,82.96946453452111,42.27612655995472
1,3310013,115.48232861731981,0.1359921916446183
2,3310013,100.48171175158583,0.5007515665056417
4,3310013,99.16187354888193,4.863181253313087
6,3310013,98.44670838150599,42.79086249880493
1,3310014,89.28861233957707,0.1263046851818217
2,3310014,87.55416439139533,0.5019406253268244
4,3310014,84.27636133432388,4.839714063564315
6,3310014,82.98073885142803,42.481974995098426
1,3310015,95.37584997543817,0.12532499931694474
2,3310015,89.45526851270756,0.49679687072057277
4,3310015,86.34029042720795,4.824479685339611
6,3310015,83.06054477393627,42.27598594115989
1,3310016,94.38317484419987,0.12813906141673215
2,3310016,92.53758006803191,0.5016406284994446
4,3310016,91.3449946299233,4.871281249506865
6,3310016,91.40627498924732,42.329987500124844
1,3310017,89.39156716868472,0.12436562064976897
2,3310017,84.58682795763016,0.5026562484999886
4,3310017,82.25151128470898,4.838109380216338
6,3310017,81.30985010564328,42.51243593353138
1,3310018,97.3032542981147,0.1269000058528036
2,3310018,90.32098275705076,0.5140781267982675
4,3310018,89.71511339396238,4.911603125947295
6,3310018,89.71511339396238,44.43946717583458
1,3310019,104.63165073400296,0.13751718870480545
2,3310019,104.31489585052145,0.5160781311133178
4,3310019,105.67546759257925,5.041687492848723
6,3310019,100.1242995351553,43.95888281760563
1,3311000,85.42498796421425,0.13022030543652363
2,3311000,85.24683318936687,0.5053281238360796
4,3311000,82.25029496753078,5.000903116524569
6,3311000,80.65264617800713,44.527362511871615
1,3311001,115.92462591390195,0.1354546839138493
2,3311001,107.46534608331277,0.5327015769580612
4,3311001,105.97460445520016,5.017043742554961
6,3311001,105.97460445520016,45.06409843816073
1,3311002,104.55167561780513,0.13978906099509913
2,3311002,98.46913434500703,0.521367188412114
4,3311002,96.34045979919922,5.246951553999679
6,3311002,96.26937532640704,44.80878437789215
1,3311003,110.16324342665901,0.15054062168928795
2,3311003,104.67079311731104,0.5280499935906846
4,3311003,103.41913064185341,5.000259367079707
6,3311003,100.98917693325234,44.635437514443765
1,3311004,108.139419722247,0.13642030535265803
2,3311004,94.37120413740756,0.5039187435613712
4,3311004,91.86263126669706,5.131229692779016
6,3311004,89.65107876597227,45.198815620096866
1,3311005,92.4971335911574,0.14152968833514024
2,3311005,83.57468573673702,0.5349234306777362
4,3311005,82.27181738615036,5.117560936923837
6,3311005,77.97280464321375,45.0749062547402
1,3311006,102.35412383191718,0.15095937851583585
2,3311006,93.878484780158,0.5201468666200526
4,3311006,88.48870441317558,5.041654696469777
6,3311006,87.99082830778701,44.22723593233968
1,3311007,97.73448243362867,0.1339390601060586
2,3311007,86.45900829136372,0.5277734435367165
4,3311007,84.51638503372669,5.056182812040788
6,3311007,82.46675799787045,45.08045937473071
1,3311008,108.21396634950007,0.138204677568865
2,3311008,99.64402743898572,0.5548953286051983
4,3311008,97.60182924568653,5.157901567145018
6,3311008,94.80595184862614,45.18256561641465
1,3311009,119.15181952699689,0.13459218826028518
2,3311009,89.89051291860167,0.5153828133188654
4,3311009,85.95593509227038,5.091879680549027
6,3311009,84.98851123601199,43.997812492307276
1,3311010,127.33723127431401,0.1340406233794056
2,3311010,117.80826375149006,0.5163000005268259
4,3311010,111.71223933424938,4.946539056618349
6,3311010,110.56308982696521,43.09142031161173
1,3311011,90.40352474557534,0.12813125067623332
2,3311011,85.1113618479721,0.48812500790518243
4,3311011,83.48183446229295,4.8371703196608
6,3311011,83.18720235079527,42.48028437177709
1,3311012,94.27260214052332,0.13534687604987994
2,3311012,85.82438739110471,0.49946718354476616
4,3311012,84.94170058957992,4.823021874472033
6,3311012,83.97790737450123,42.42838437494356
1,3311013,110.0863497305388,0.12866717952420004
2,3311013,100.85264305229833,0.4922843745589489
4,3311013,99.25059570126388,4.8580968723399565
6,3311013,99.25544107153847,42.40956406283658
1,3311014,115.9585619562404,0.12756406613334548
2,3311014,111.35071209157306,0.49930624663829803
4,3311014,109.56365786332825,4.83195467859332
6,3311014,108.71717383595617,42.56714374969306
1,3311015,103.88666210457512,0.12941250315634534
2,3311015,97.52353000852631,0.488615622089128
4,3311015,97.12755156365492,4.789993745362153
6,3311015,96.96142933106096,42.24884999530332
1,3311016,88.22766607684481,0.12546562356874347
2,3311016,83.32033863372665,0.4902468717773445
4,3311016,81.33868635768752,4.778750000696164
6,3311016,78.37994495332241,42.10189687910315
1,3311017,106.44246373037059,0.12315468484302983
2,3311017,97.71985963881016,0.4960624992236262
4,3311017,97.52286747536249,4.7659781248512445
6,3311017,97.52286747536249,42.44310000285623
1,3311018,85.0262262606318,0.13379843949223869
2,3311018,84.4582870731051,0.49047656284528784
4,3311018,82.13557301461697,4.9004500015144
6,3311018,78.34357644617558,42.62744374864269
1,3311019,98.01158104284563,0.12918750144308433
2,3311019,93.96880954871128,0.4892390606983099
4,3311019,93.2103893485016,4.76599686408008
6,3311019,92.92529613830214,42.58904219568649
1,3312000,86.08151292278743,0.13413906162895728
2,3312000,78.34069952368736,0.49235313053941354
4,3312000,78.34069952368736,4.857378118686029
6,3312000,77.10602569580078,42.50042500098061
1,3312001,121.77185072253775,0.1337406283710152
2,3312001,113.55901705493349,0.49889843648998067
4,3312001,109.27807512198432,4.847404685278889
6,3312001,108.86393392086029,42.39819530812383
1,3312002,116.46653091989722,0.14314688087324612
2,3312002,103.46200712939766,0.5093921845400473
4,3312002,102.94406933445147,4.841570318603772
6,3312002,102.05242014903706,42.737929690702
1,3312003,86.93263935400536,0.12589063226187136
2,3312003,80.07488315701485,0.4898203133052448
4,3312003,78.00295143723488,4.775739063916262
6,3312003,78.00295143723488,42.84198282766738
1,3312004,88.24072085181888,0.1299765608564485
2,3312004,77.17654747664929,0.529745317180641
4,3312004,77.0637284681201,4.779826567755663
6,3312004,77.0637284681201,42.41252655265271
1,3312005,89.78205656534604,0.12857188266934827
2,3312005,84.68987754200381,0.48554062777839135
4,3312005,84.4735143503992,4.8589625002932735
6,3312005,84.4735143503992,43.035848437284585
1,3312006,70.19990698248148,0.13437656525638886
2,3312006,68.99223885685205,0.5508843660209095
4,3312006,68.99223885685205,5.055534375060233
6,3312006,68.66905779391527,43.14223750043311
1,3312007,108.32861958114154,0.12897186388727278
2,3312007,95.78357121748564,0.49138749091071077
4,3312007,95.78357121748564,4.805656257303781
6,3312007,95.47600496662496,42.47567813581554
1,3312008,84.83229732987584,0.13035311712883413
2,3312008,69.42251918613911,0.4895937418041285
4,3312008,68.08337140977383,4.791851557456539
6,3312008,68.08337140977383,42.263614070179756
1,3312009,115.62143654451715,0.12620468805835117
2,3312009,107.45177850598097,0.4968656230630586
4,3312009,106.52899828070403,4.824442195968004
6,3312009,106.52899828070403,42.413026556459954
1,3312010,100.60638711586519,0.13284063425089698
2,3312010,99.26136234807024,0.5004921858926537
4,3312010,94.01799072881994,4.7903359391057165
6,3312010,89.80702963471413,42.09631251069368
1,3312011,102.21173720868259,0.12657968727580737
2,3312011,93.0383359506362,0.4877874962403439
4,3312011,91.98062762726735,4.807398438060773
6,3312011,91.50127471983433,42.27741718750622
1,3312012,120.65479182281172,0.12985624925931916
2,3312012,115.25058321279403,0.5124999916006345
4,3312012,112.83561110712785,4.858239055465674
6,3312012,106.45455524402625,42.30440469291352
1,3312013,97.95740650472123,0.12768594206136186
2,3312013,94.73346944153309,0.5149593762325821
4,3312013,94.03703208267689,4.851498435527901
6,3312013,93.68276335299015,42.34826563515526
1,3312014,93.3221696730119,0.12665312715398613
2,3312014,87.57954989373684,0.4977859316568356
4,3312014,85.26579390466213,4.842885929974727
6,3312014,82.423784121871,42.15406249568332
1,3312015,84.75631432492268,0.1285296857531648
2,3312015,72.81634102546336,0.5148625059518963
4,3312015,72.70811459422112,4.805553115147632
6,3312015,70.66274535353642,41.89436875458341
1,3312016,100.24861531929501,0.12567343583214097
2,3312016,95.937099860643,0.49841093641589396
4,3312016,93.12141245603561,4.775564066221705
6,3312016,93.12141245603561,42.35832655467675
1,3312017,104.37194818434425,0.12749531379085965
2,3312017,88.73202228546143,0.5027156203141203
4,3312017,88.57713377475739,4.7809203115321
6,3312017,84.14322499930859,42.21391718965606
1,3312018,87.42240335486125,0.13180156020098366
2,3312018,78.87731912732124,0.5032765620853752
4,3312018,78.87731912732124,4.825042178708827
6,3312018,77.20831722021103,42.54209218379401
1,3312019,83.9676330778484,0.12104061715945136
2,3312019,82.31361998210052,0.5054515695519513
4,3312019,80.2307475373149,4.832678123420919
6,3312019,78.57398907989264,42.69487655983539
1,3313000,102.92622914015757,0.12085624803148676
2,3313000,94.65960057622787,0.5006250048609218
4,3313000,90.33377320364296,4.834181258047465
6,3313000,86.80243888497353,42.42620937657193
1,3313001,83.8345988337703,0.13848749404132832
2,3313001,78.2376262485981,0.49579843653191347
4,3313001,78.21269577145577,4.852057818425237
6,3313001,75.29870154857636,42.448787491593976
1,3313002,98.59163312048497,0.12518906260083895
2,3313002,97.2038090132394,0.4919234343105927
4,3313002,94.40642182818348,4.860284372625756
6,3313002,94.3463479578495,42.53151562807034
1,3313003,96.69554176061436,0.1234124993061414
2,3313003,93.81342156231403,0.5008562457078369
4,3313003,90.41622816026211,4.790298438820173
6,3313003,90.41622816026211,42.21363750730234
1,3313004,106.6319351510024,0.1224484367412515
2,3313004,90.36063863877669,0.530509381860611
4,3313004,90.07237295824585,4.842970320169115
6,3313004,90.07237295824585,42.49928750323306
1,3313005,86.11371921915861,0.13561249943450093
2,3313005,82.67546003282087,0.4909859362669522
4,3313005,76.004209138453,4.848170319746714
6,3313005,75.6550353243947,42.434545308424276
1,3313006,119.3299792624593,0.12324843919486739
2,3313006,108.74345127629745,0.506757814946468
4,3313006,95.66542270183564,4.811617181985639
6,3313006,94.64302722513676,42.47076093452051
1,3313007,112.85234044791409,0.12294218504393939
2,3313007,110.64314149427148,0.5060218645667192
4,3313007,106.464068592928,4.841932821364026
6,3313007,106.25231498613174,42.654014063373324
1,3313008,101.23372487957194,0.12960781350557227
2,3313008,94.20185967087745,0.4957921828463441
4,3313008,92.37123997807502,4.801840617801645
6,3313008,87.51541108191013,42.94617968662351
1,3313009,90.06110693288814,0.1281000004382804
2,3313009,81.84236178547144,0.4936796885885997
4,3313009,81.74331235140562,4.796340614120709
6,3313009,81.74331235140562,42.336037495260825
1,3313010,109.12131273896176,0.1272859371965751
2,3313010,94.96169449489008,0.49870781003846787
4,3313010,94.91650781587288,4.790051558302366
6,3313010,87.26606388614691,42.400667181937024
1,3313011,89.95969372557194,0.12918437278131023
2,3313011,88.32644374845162,0.4971312519046478
4,3313011,85.3723653063178,4.862625000896514
6,3313011,85.36083946618905,42.20644686029118
1,3313012,90.44567894189102,0.13372343164519407
2,3313012,89.10530459284783,0.4981296951882541
4,3313012,88.59053011725524,4.8143015628738794
6,3313012,86.46724274158478,42.472528124562814
1,3313013,96.45597311796422,0.1316468697041273
2,3313013,94.39710920159558,0.5012203055230202
4,3313013,93.35863543881489,4.820434372959426
6,3313013,90.07042689621449,42.34018750139512
1,3313014,94.7123657413927,0.12462968516047113
2,3313014,91.42981266449473,0.4988078198948642
4,3313014,91.00674324683632,4.8467062533745775
6,3313014,90.78771723442111,42.51420467880962
1,3313015,102.40377295841714,0.1301781230722554
2,3313015,99.9822121837421,0.49807344475993887
4,3313015,87.14123123884201,4.84888593746291
6,3313015,82.44776546955109,42.516167184658116
1,3313016,102.7228471337593,0.13338281132746488
2,3313016,99.77291571461633,0.48712812713347375
4,3313016,99.2822004749858,4.877003126239288
6,3313016,90.79707875629171,42.29003905675199
1,3313017,90.50980203078704,0.12886093099950813
2,3313017,81.4684664607048,0.4741781176562654
4,3313017,78.12198439985514,4.789506248926045
6,3313017,76.64489019662142,42.66863282464328
1,3313018,110.981697851217,0.1349703179585049
2,3313018,110.46240558800021,0.5097171979286941
4,3313018,104.38742524295529,4.830396881516208
6,3313018,103.38443011582288,42.29241718167032
1,3313019,104.26555239656622,0.13076249888399616
2,3313019,96.77656335575368,0.506268754179473
4,3313019,94.96158828139305,4.7793578160053585
6,3313019,94.96158828139305,42.12274843666819
1,3314000,79.08827290982008,0.13177968685340602
2,3314000,76.58916930407285,0.4791203173226677
4,3314000,74.30065120309591,4.792090630871826
6,3314000,67.5601566389203,42.022215622637304
1,3314001,73.65758022069932,0.1294593694183277
2,3314001,71.53219678401948,0.49051093992602546
4,3314001,70.18073765337468,4.750662506921799
6,3314001,68.83811345100403,42.49217656615656
1,3314002,122.18290697543573,0.12449218593246769
2,3314002,114.86324918855018,0.5084984441054985
4,3314002,113.14510693872586,4.832776561670471
6,3314002,106.22743354737759,42.32273125307984
1,3314003,109.9253191257014,0.1272281206183834
2,3314003,94.03462250657698,0.4951453156536445
4,3314003,93.5883193954125,4.82637655477447
6,3314003,95.43259214356259,42.504651564740925
1,3314004,88.65330107016628,0.12974374840268865
2,3314004,81.04240373969078,0.5008328134863405
4,3314004,81.04240373969078,4.777706250024494
6,3314004,81.04512366532683,42.202665621516644
1,3314005,86.52099368258379,0.12938906002091244
2,3314005,82.74738001545919,0.496573438795167
4,3314005,81.74577833116055,4.767337508383207
6,3314005,80.0883703917265,42.0346031205554
1,3314006,91.00611700574238,0.12449375572032295
2,3314006,89.33341376940103,0.5065015684522223
4,3314006,88.23034468310837,4.820514062885195
6,3314006,89.1589986473322,42.22077657141199
1,3314007,97.96193036281237,0.13385469173954334
2,3314007,83.0614063218236,0.48655312457412947
4,3314007,82.25772232562304,4.738209376228042
6,3314007,80.1172508597374,42.26262031443184
1,3314008,102.58833499484754,0.13245624904811848
2,3314008,93.22284634384432,0.48334687744500116
4,3314008,86.03443040698767,4.774564053150243
6,3314008,86.03443040698767,42.44049218686996
1,3314009,91.25197248011705,0.12744687410304323
2,3314009,86.10964580726623,0.49166875032824464
4,3314009,83.69299339312687,4.830265623240848
6,3314009,83.69299339312687,42.34715156235325
1,3314010,100.6489149722896,0.1295343754463829
2,3314010,96.07938675801651,0.49051405767386314
4,3314010,93.88399099707604,4.895573441899614
6,3314010,93.31249200701714,42.381271878184634
1,3314011,91.38048735757684,0.12793437235814054
2,3314011,88.6723602737782,0.49941874749492854
4,3314011,87.48873177773727,4.835284378714277
6,3314011,87.48873177773727,42.81908280790958
1,3314012,78.77150647572736,0.13083281737635843
2,3314012,75.97090747207403,0.5033718807680998
4,3314012,75.86126806586981,4.9381859389541205
6,3314012,70.45361035317183,43.06122812704416
1,3314013,111.17845600284761,0.13053125258011278
2,3314013,104.30517997447112,0.4982328046025941
4,3314013,103.89305456727743,4.856412495428231
6,3314013,104.10662374494751,42.29354687049636
1,3314014,122.04064819388344,0.13545937144954223
2,3314014,110.02845209262145,0.5056828140368452
4,3314014,102.9935703753471,4.787124997164938
6,3314014,100.63784819841385,42.19380312679277
1,3314015,122.27769006611128,0.12508593863458373
2,3314015,116.2224080253809,0.5081609342596494
4,3314015,113.36346567821502,4.780074992595473
6,3314015,110.38039419353008,42.42274062562501
1,3314016,81.73394210047609,0.12942188004672062
2,3314016,80.35685860065256,0.49327031592838466
4,3314016,79.03042233650052,4.729596870674868
6,3314016,78.98433456814621,42.079476563230855
1,3314017,91.68182735384853,0.13099999887344893
2,3314017,89.21477762950785,0.5009328033338534
4,3314017,86.99032890796661,4.812726569070946
6,3314017,86.99032890796661,42.042218752612825
1,3314018,92.13473865449164,0.12344218521320727
2,3314018,86.4679959744215,0.4939156187901972
4,3314018,86.21514103710652,4.863473433943
6,3314018,86.21514103710652,42.762839068018366
1,3314019,108.43967497438216,0.1246937463292852
2,3314019,99.47835510189074,0.4937828107358655
4,3314019,99.14843265841374,4.865174987571663
6,3314019,97.83840723421119,42.53786094704992
1,3315000,99.67694331633815,0.13305157335707918
2,3315000,97.82625983990292,0.49857030899147503
4,3315000,94.57496623098851,4.853984381043119
6,3315000,94.513462343812,42.82125938152603
1,3315001,83.01916941270163,0.12400781270116568
2,3315001,79.94512871652842,0.5058749993622769
4,3315001,79.94512871652842,4.787898453287198
6,3315001,79.94512871652842,42.60738437187683
1,3315002,91.12188517643061,0.13348749416763894
2,3315002,83.0890427104832,0.5081984418211505
4,3315002,82.35150978356485,4.858395315750386
6,3315002,83.15019330588477,42.83526561812323
1,3315003,110.65589734135914,0.1312343702011276
2,3315003,107.48243599086341,0.538254682396655
4,3315003,106.82346357323739,5.2064375013287645
6,3315003,106.5145752621034,45.088045320881065
1,3315004,109.58331104426901,0.1444546869606711
2,3315004,94.60354205622244,0.5312109260557918
4,3315004,92.8408317670226,5.077757807157468
6,3315004,92.8408317670226,45.00672343237966
1,3315005,98.63974193668587,0.1423047015123302
2,3315005,95.60285383493613,0.5185468744457467
4,3315005,94.98232951015234,5.1127109363733325
6,3315005,94.98205567377806,45.352273433309165
1,3315006,111.6396619491815,0.12914062426716555
2,3315006,109.623650731398,0.5388687422964722
4,3315006,105.22996811568737,5.128409367898712
6,3315006,104.61444507539272,44.80752343806671
1,3315007,84.16346679627895,0.1370656318613328
2,3315007,80.75733464956284,0.5401093731052242
4,3315007,77.03603166341782,5.057687496446306
6,3315007,76.93637520074844,44.12799531019118
1,3315008,112.49385207701665,0.12887500270153396
2,3315008,106.88363264711926,0.5193390661588637
4,3315008,100.64015792310238,5.030092190281721
6,3315008,99.97068617560456,44.28663125872845
1,3315009,102.78815689279125,0.13573126489063725
2,3315009,94.26592125101497,0.5153500078449724
4,3315009,94.10963800756464,4.934637492624461
6,3315009,93.8558040112257,44.5966703191516
1,3315010,103.49027174625694,0.1367765562463319
2,3315010,101.56836280590899,0.5162875004316447
4,3315010,102.49798083439914,5.07848749657569
6,3315010,92.69178391993046,42.84670625202125
1,3315011,76.77046490567,0.1328281250607688
2,3315011,76.37903110099168,0.5019609398004832
4,3315011,76.04294083416463,4.8895468753471505
6,3315011,76.04294083416463,42.694290621511755
1,3315012,98.6319306247822,0.12656874969252385
2,3315012,95.45363652659023,0.4974484400008805
4,3315012,89.50515593588352,4.841734362344141
6,3315012,89.50515593588352,42.67820156564994
1,3315013,92.50350590905695,0.12277031237317715
2,3315013,86.8560736011266,0.5002515645173844
4,3315013,86.73444294117233,4.844620303629199
6,3315013,86.44079372435809,42.930496883855085
1,3315014,108.41573553418654,0.1288796865992481
2,3315014,101.70873023881524,0.4924265667796135
4,3315014,98.66988957822323,4.884835923803621
6,3315014,97.13353025317193,42.62789375206921
1,3315015,90.06364058906075,0.1385171854053624
2,3315015,82.77768799160422,0.4869015683652833
4,3315015,82.09145661535833,4.846065634410479
6,3315015,81.11918351054192,42.3415781242511
1,3315016,84.72110522072343,0.13026874694332946
2,3315016,80.13086622953415,0.5110390666231979
4,3315016,80.13086622953415,4.851879681154969
6,3315016,80.13086622953415,42.66803750215331
1,3315017,143.53123369135704,0.1242640610144008
2,3315017,114.89734467887425,0.5110750062158331
4,3315017,113.47007711713728,4.812556253455114
6,3315017,112.38083956663164,42.37227187513781
1,3315018,102.42887837910891,0.1341734368907055
2,3315018,96.18416512051957,0.505751557284384
4,3315018,95.50990897605497,4.798457805009093
6,3315018,95.20820353190601,42.34521249964018
1,3315019,74.92707463623418,0.13532343655242585
2,3315019,71.18620826601982,0.512387499838951
4,3315019,71.14744188189506,4.764704681292642
6,3315019,69.9260612681508,42.27823906330741
1,3316000,107.48623721240685,0.12637812506000046
2,3316000,100.60651033158413,0.5028359391872073
4,3316000,100.0509525452426,4.822659368073801
6,3316000,96.55681940515639,42.4408234503062
1,3316001,113.60754516749402,0.12446093387552537
2,3316001,92.03857003048704,0.5052312480984256
4,3316001,93.96119643078451,4.781268733495381
6,3316001,93.96119643078451,42.42591093498049
1,3316002,87.18415660501927,0.12539999625005294
2,3316002,77.4987450838089,0.49583593317947816
4,3316002,77.4987450838089,4.813618745174608
6,3316002,77.4987450838089,42.49716875347076
1,3316003,90.74184963447891,0.1302562432101695
2,3316003,77.29173696786165,0.5018843767174985
4,3316003,78.73841988295317,4.812718752873479
6,3316003,77.15301208943129,41.885445314619574
1,3316004,99.575277769061,0.12787344167008996
2,3316004,95.22388310040958,0.48305468226317316
4,3316004,88.74814633751151,4.793831261849846
6,3316004,88.22499497234821,42.36373280946282
1,3316005,79.32892290369959,0.12266093654034194
2,3316005,78.35147645241892,0.48944843729259446
4,3316005,77.96694569587707,4.828379685932305
6,3316005,77.96694569587707,42.253734383848496
1,3316006,84.89624117463828,0.12740625061269384
2,3316006,80.31963904947042,0.4945296877849614
4,3316006,78.55241449922323,4.844945320655825
6,3316006,75.88660811632872,42.2331093759567
1,3316007,98.71570001292116,0.12955625606991816
2,3316007,96.74795817136764,0.49794374717748724
4,3316007,95.61067976355552,4.823421862965915
6,3316007,94.6995678126812,42.79377499733528
1,3316008,98.50207211960509,0.12775156210409477
2,3316008,88.76459649737745,0.48620781126373913
4,3316008,85.81208424270153,4.851607809541747
6,3316008,84.93586370593609,42.3239281262795
1,3316009,110.8433074371984,0.13287031651998404
2,3316009,107.49322812152147,0.5119859397382243
4,3316009,104.06746123689787,4.830810941712116
6,3316009,101.08906195256188,42.59395625012985
1,3316010,95.1070897103447,0.1259703167306725
2,3316010,92.40423765272939,0.5048890707257669
4,3316010,90.2506365403533,4.731221872134483
6,3316010,82.60750212520361,42.366039069747785
1,3316011,72.96600121628546,0.13682500684808474
2,3316011,70.76278350502253,0.511143758558319
4,3316011,70.18557510524988,4.896512502455153
6,3316011,69.78991585224867,42.46046092885081
1,3316012,83.1098404337182,0.13341562225832604
2,3316012,80.22359152933234,0.49207812662643846
4,3316012,79.5613988283497,4.8373359477409394
6,3316012,77.3092251420021,42.56022343724908
1,3316013,82.76032527592781,0.12810156113118865
2,3316013,81.51428161200182,0.49916718671738636
4,3316013,79.09598895162344,4.793996866283123
6,3316013,79.08496185392141,42.41563281175331
1,3316014,113.50679698495576,0.1262124969798606
2,3316014,105.63031723322649,0.5027171901019756
4,3316014,103.02329997801748,4.840860934564262
6,3316014,95.65397375822067,42.92361250190879
1,3316015,97.6944936562778,0.1397265605191933
2,3316015,89.47239970487563,0.5071874948043842
4,3316015,88.49076523982092,4.866107810812537
6,3316015,86.29939642548561,42.75350938041811
1,3316016,106.55182451997557,0.12337969383224845
2,3316016,91.2451545521617,0.4946812496200437
4,3316016,88.97301118820906,4.832134372918517
6,3316016,88.5211495384574,42.51378125445626
1,3316017,105.49651435341582,0.12183125181763899
2,3316017,100.06777094316546,0.4820750054932432
4,3316017,96.46704862439574,4.789421871464583
6,3316017,95.42828517556191,43.02794688010181
1,3316018,92.37676590595993,0.13928593944001477
2,3316018,84.09400655846984,0.5042609409429133
4,3316018,82.65081860546564,4.831570307942457
6,3316018,80.53383792936802,43.14041719044326
1,3316019,99.24689265097008,0.13504063099389896
2,3316019,96.43486334934342,0.5234500004007714
4,3316019,96.92469745785257,4.961731245202827
6,3316019,90.98380969464779,42.38103749776201
1,3317000,115.51192457868795,0.12436718679964542
2,3317000,107.25630931913341,0.47840780462138355
4,3317000,105.98566684650581,4.8886140721151605
6,3317000,104.08944043275957,42.57762812267174
1,3317001,104.49982341881534,0.13073750415060204
2,3317001,97.89214731007814,0.4954999985784525
4,3317001,96.79583810269833,4.798303119969205
6,3317001,94.38235734403133,42.18966250300582
1,3317002,107.53849258808319,0.13461406160786282
2,3317002,99.27650111455632,0.487028124553035
4,3317002,97.70326176434756,4.778821870786487
6,3317002,91.8079636707902,42.332074999649194
1,3317003,91.65213020663732,0.13055781346338335
2,3317003,85.25232543164492,0.49715625027602073
4,3317003,84.45094990732653,4.807881259694113
6,3317003,83.85810992121696,42.08671251035412
1,3317004,91.80612510932121,0.12571093429869507
2,3317004,85.4960885733366,0.49874218166223727
4,3317004,85.34966008514166,4.788532802194823
6,3317004,84.89110741913319,42.14756562942057
1,3317005,113.83051900851513,0.1273500001843786
2,3317005,108.5386672315561,0.5458718769659754
4,3317005,106.65573291727817,4.823265624509077
6,3317005,107.03097138171395,42.58053906232817
1,3317006,88.59457008980242,0.11983281365246512
2,3317006,83.39312525987626,0.5156453098607017
4,3317006,82.98226308971644,4.805021870197379
6,3317006,80.29354959875346,42.411814063598285
1,3317007,111.04929743251482,0.12883594172308221
2,3317007,102.98677185907003,0.5025781283620745
4,3317007,102.56682087697399,4.831374999412219
6,3317007,98.63791462410056,42.071114057762315
1,3317008,96.55767162522271,0.13782031419395935
2,3317008,92.73699398426763,0.48691718802729156
4,3317008,91.85358147323132,4.866317185587832
6,3317008,91.70556025207043,42.09086718583421
1,3317009,59.622145886719224,0.12458124911063351
2,3317009,57.968590752780436,0.49375625530956313
4,3317009,57.5412275955081,4.923589054669719
6,3317009,56.83385174125433,42.394570309625124
1,3317010,93.9829271451652,0.12797187264368404
2,3317010,90.2742991060233,0.48510781380173285
4,3317010,86.60300712267961,4.7954375004337635
6,3317010,86.05417647313097,41.984809380664956
1,3317011,103.9121858582261,0.12417968173394911
2,3317011,101.44515549998198,0.5151421810296597
4,3317011,98.72087159271979,4.7416000088560395
6,3317011,96.8875816213912,42.17368436729885
1,3317012,111.77758286603816,0.1299422019656049
2,3317012,101.4958094977983,0.48962186883727554
4,3317012,99.86390037311622,4.844489063543733
6,3317012,99.79368807512769,42.12786249991041
1,3317013,122.72921369427124,0.12344218521320727
2,3317013,108.53693682924751,0.5092468691145768
4,3317013,106.2733042538166,4.8545421868766425
6,3317013,104.61477768421173,42.45796562827309
1,3317014,103.80889822504706,0.1256265659321798
2,3317014,93.8687523376664,0.4941125007462688
4,3317014,91.41532318144212,4.791350016603246
6,3317014,91.0228523015976,42.25168437733373
1,3317015,114.82340493376469,0.12928593969263602
2,3317015,99.2287077987222,0.4926968722429592
4,3317015,98.92294668543147,4.749801561047207
6,3317015,97.40440660106944,42.261270309609245
1,3317016,101.59324283918293,0.12945312846568413
2,3317016,99.4127970960519,0.504987501699361
4,3317016,98.83325337251716,4.750471876832307
6,3317016,97.59136838465929,42.34576406997803
1,3317017,100.34239637452878,0.12672499906329904
2,3317017,98.90549862843909,0.5131687485118164
4,3317017,95.46619705855846,4.764114059071289
6,3317017,96.26919629161215,42.081064068042906
1,3317018,102.18152399255011,0.12518281437223777
2,3317018,99.0581452947589,0.4989359385945136
4,3317018,97.32698577666282,4.8016703130997485
6,3317018,94.30111791026046,42.21918437178829
1,3317019,82.904150738026,0.127268749565701
2,3317019,78.71949913312665,0.4923921915178653
4,3317019,74.51918020248414,4.730248441774165
6,3317019,74.51918020248414,42.421309370183735
1,3318000,92.0880890596575,0.12286250421311706
2,3318000,84.33813658653206,0.5036078073317185
4,3318000,84.25536189377308,4.76749217887118
6,3318000,82.977198587358,42.06988905571052
1,3318001,92.621139904232,0.12054687613272108
2,3318001,84.3486351916069,0.5019578111387091
4,3318001,84.02384839162217,4.770695306433481
6,3318001,83.74998081773519,42.34840000026452
1,3318002,97.05166628362007,0.13490781930158846
2,3318002,89.30019326028669,0.49228906391363125
4,3318002,87.16893730997613,4.818814057216514
6,3318002,84.79708527922631,42.283017186491634
1,3318003,106.5531905261152,0.13135468361724634
2,3318003,97.7799550741911,0.5087765675853007
4,3318003,97.41369567245776,4.8188343753281515
6,3318003,91.56424863636494,42.40340000433207
1,3318004,99.5747457977312,0.12696719022642355
2,3318004,91.45706601440907,0.49556562953512184
4,3318004,90.55323173105717,4.825265614272212
6,3318004,90.55323173105717,42.499259376199916
1,3318005,87.32061527537674,0.1290062518819468
2,3318005,84.12977156040097,0.49448280697106384
4,3318005,78.42336119399823,4.842204692977248
6,3318005,77.78494387022626,41.97761561954394
1,3318006,107.61823326430276,0.13030625268584117
2,3318006,103.8831910795118,0.5086718792881584
4,3318006,99.3574615046382,4.803126552360482
6,3318006,99.3574615046382,42.1142718714691
1,3318007,82.7026676750452,0.12964531015313696
2,3318007,80.00407197475434,0.5333968802005984
4,3318007,78.86632810200366,4.763200002344092
6,3318007,78.28216061890126,41.95921250175161
1,3318008,98.09089074456809,0.14193437709764112
2,3318008,93.21461230407213,0.4966437481925823
4,3318008,91.97752556672172,4.788615629877313
6,3318008,89.82540928360326,42.00309062252927
1,3318009,105.06568566194592,0.13164688061806373
2,3318009,93.37512660038134,0.5127703079779167
4,3318009,91.10163140429094,4.758021868838114
6,3318009,90.70114006592263,42.07986406436248
1,3318010,93.17560802650927,0.1278921863558935
2,3318010,91.2006317752774,0.49696563291945495
4,3318010,88.85306336371417,4.851581250477466
6,3318010,87.18992902338505,42.02852344678831
1,3318011,102.84275553352359,0.12627499927475583
2,3318011,95.68635117936677,0.49167500401381403
4,3318011,95.54983638375998,4.792823439856875
6,3318011,93.15685500353575,42.121220318222186
1,3318012,122.5930064452297,0.1288562489207834
2,3318012,113.00596545271424,0.49265000052400865
4,3318012,113.00596545271424,4.806453127457644
6,3318012,111.61163626775149,42.125224998017075
1,3318013,87.7394455701795,0.1231640599144157
2,3318013,87.11202991068424,0.5020703192712972
4,3318013,87.16234303934968,4.804507811059011
6,3318013,86.56243248283863,42.36392969323788
1,3318014,110.12071596968946,0.12785938088200055
2,3318014,106.79865687649271,0.5060156272520544
4,3318014,104.7316695535325,4.775376568431966
6,3318014,101.14126912653447,42.51022655444103
1,3318015,83.87304033637047,0.1315374975092709
2,3318015,83.73388086557388,0.49592343930271454
4,3318015,82.95634713321924,4.814748434000649
6,3318015,82.3446949377656,42.31934530980652
1,3318016,74.37863504290581,0.12454062198230531
2,3318016,69.31070638597012,0.49270469207840506
4,3318016,65.858238594234,4.853121865380672
6,3318016,65.62463738173247,42.24363592948066
1,3318017,78.9333752052059,0.12121249710617121
2,3318017,77.30355968475342,0.49137968744616956
4,3318017,76.25197633504868,4.886993743639323
6,3318017,76.25197633504868,42.09333906692336
1,3318018,112.50722073087692,0.13154687258065678
2,3318018,109.79448204048761,0.48993437667377293
4,3318018,105.72086437046528,4.77643125486793
6,3318018,104.41597895706234,42.213843737044954
1,3318019,106.04113977003747,0.14000000010128133
2,3318019,102.6422109889953,0.4891062490059994
4,3318019,102.43034719916241,4.853606258620857
6,3318019,99.24991879126623,42.32447968934139
1,3319000,97.26622954607633,0.12466093176044524
2,3319000,89.15777257398908,0.508673441800056
4,3319000,84.71055021203556,4.897351569525199
6,3319000,81.1791592091322,42.450335935427574
1,3319001,105.26687934464881,0.12871249964518938
2,3319001,101.54627343210447,0.4948218647768954
4,3319001,99.91987966949802,4.87740625430888
6,3319001,99.85637796702065,42.86390625020431
1,3319002,98.55115044796865,0.12848124424635898
2,3319002,92.36000241777084,0.49158749970956706
4,3319002,90.04990004771072,4.861915620494983
6,3319002,85.90669899898369,43.16442344497773
1,3319003,84.56718275552673,0.1287234354094835
2,3319003,82.63898444071634,0.5026296948926756
4,3319003,80.72762090076495,4.765343755934737
6,3319003,80.77516415715218,42.52277188061271
1,3319004,109.06867414064446,0.13189687160775065
2,3319004,103.2077384035749,0.5351234376576031
4,3319004,102.53160450409345,4.921801557429717
6,3319004,95.64377940247945,43.23024219047511
1,3319005,90.4394728885162,0.12763906124746427
2,3319005,84.90865418328065,0.5151953082531691
4,3319005,81.35829552371311,5.062078123955871
6,3319005,79.52596847116948,42.67643282400968
1,3319006,86.15786469273688,0.12795781185559463
2,3319006,81.62265108823776,0.5057859489170369
4,3319006,79.59393973946571,4.970404697814956
6,3319006,79.51297231316566,42.528603134996956
1,3319007,111.46920902111779,0.12210312524985056
2,3319007,107.25970483969984,0.49276875142822973
4,3319007,106.00667974532988,4.779275001055794
6,3319007,104.87183341236813,42.52555000493885
1,3319008,96.71651955633672,0.13658437819685787
2,3319008,91.64760310362831,0.5121312497067265
4,3319008,91.64760310362831,4.781165631356998
6,3319008,90.82321185171226,42.55561718673562
1,3319009,106.8751320124696,0.13480624511430506
2,3319009,100.51547858128677,0.49725624921848066
4,3319009,94.10174643993378,4.82568281404383
6,3319009,94.10174643993378,42.06283906205499
1,3319010,96.52407534535857,0.12483905993576627
2,3319010,91.06421369664001,0.49097812552645337
4,3319010,89.72082594633656,4.765524998219917
6,3319010,89.60685605555773,42.22176562871027
1,3319011,106.95145180232886,0.12913437421957497
2,3319011,86.27881189977285,0.48646406321495306
4,3319011,85.12793432026847,4.7715249929751735
6,3319011,82.4276606887579,42.00152812518354
1,3319012,93.2686887762813,0.12369531577860471
2,3319012,87.4761621342576,0.498282810440287
4,3319012,84.3369605615735,4.78424219545559
6,3319012,78.83561889082193,42.25304218925885
1,3319013,90.87299473526818,0.12259844152140431
2,3319013,89.33220978826284,0.492967195896199
4,3319013,88.84803339093924,4.7395921810675645
6,3319013,88.84803339093924,42.30662343616132
1,3319014,100.10269664456834,0.12719375808956102
2,3319014,88.48061309729047,0.4920734372717561
4,3319014,84.09626373648643,4.797223444256815
6,3319014,82.06826598039672,42.02272812472074
1,3319015,101.47921230976284,0.12440624050213955
2,3319015,99.48748018628243,0.5030390584579436
4,3319015,99.81634693701047,4.798342191861593
6,3319015,99.20235568213187,41.960796879720874
1,3319016,85.68560057110007,0.12718280959234107
2,3319016,73.64961841859247,0.4959078196407063
4,3319016,73.51049466431141,4.762048431075527
6,3319016,72.53525508195162,42.094489062947105
1,3319017,95.53725202224243,0.12745155800075736
2,3319017,85.90552380979061,0.4963984356436413
4,3319017,85.90552380979061,4.784732818734483
6,3319017,82.78083899915218,42.030345315652085
1,3319018,84.14779027551413,0.1372500009892974
2,3319018,82.07384755462408,0.5191781256144168
4,3319018,81.23936352878809,4.718318743471173
6,3319018,80.40861955434085,42.144059369093156
1,3319019,97.91549206840128,0.12871562466898467
2,3319019,92.2810333975589,0.49901406237040646
4,3319019,85.22771376528601,4.792164070750005
6,3319019,83.50201454162598,42.09372968398384
