scenario,policy,model_seed,total_cost,immediate_cost,penalty,energy_use,latency_ms,transmitted_mbit,thermal_violation,energy_violation,queue_violation,contact_violation,planning_time_ms,maximum_heat,minimum_energy,threshold_free_episode,onboard_fraction,ground_fraction,hybrid_fraction
burst,centered_full_action_dqn_exact,800,97.16056155517698,31.287079279497267,65.87348223134875,1.57140978355892,17648.159368228913,978.2054040409624,0.0,28.85,0.0,1.3,0.0,0.19192990362644197,0.0,0.0,0.003125,0.29765625,0.69921875
burst,centered_full_action_dqn_exact,801,98.79253335513175,32.45066540502012,66.34186798438431,1.5906298537738621,18171.389021873474,832.5384620219469,0.0,29.0,0.0,1.4,0.0,0.19268070310354232,0.0,0.0,0.0015625,0.21640625,0.78203125
burst,centered_full_action_dqn_exact,802,96.43604034528137,31.57845879793167,64.8575815641135,1.5849099696613849,17957.451481056214,1043.0209946155549,0.0,28.7,0.0,1.4,0.0,0.19062386229634284,0.0,0.0,0.0,0.33125,0.66875
burst,centered_full_action_dqn_exact,803,93.69841762751341,30.828770089894533,62.86964747577906,1.561438739206642,17426.379067611695,963.337097710371,0.0,28.15,0.0,0.85,0.0,0.19201093912124634,0.0,0.0,0.0,0.29375,0.70625
burst,centered_full_action_dqn_exact,804,96.7576671256125,31.343078062310816,65.41458900257945,1.5737874490208923,17681.064892196657,922.8400467738509,0.0,29.15,0.0,1.5,0.0,0.19290023520588875,0.0,0.0,0.00390625,0.25859375,0.7375
burst,centered_full_action_dqn_exact,805,98.06914503157138,32.18097225539386,65.8881726424396,1.604148287512362,18285.161117362975,1029.6344319522382,0.0,28.85,0.0,1.65,0.0,0.1904309667646885,0.0,0.0,0.003125,0.309375,0.6875
burst,centered_full_action_dqn_exact,806,97.25504975654185,31.812877284735443,65.44217250198126,1.5846168471500277,17929.25883016586,1069.3254038900136,0.0,28.5,0.0,1.55,0.0,0.1917778104543686,0.0,0.0,0.00078125,0.33203125,0.6671875
burst,centered_full_action_dqn_exact,807,97.75443693310022,32.3873202253133,65.36711655244231,1.5851951186079531,17937.553869724274,786.5644022166729,0.0,28.55,0.0,1.0,0.0,0.19236071035265923,0.0,0.0,0.0,0.17578125,0.82421875
burst,centered_full_action_dqn_exact,808,98.53017394840717,32.073455864936115,66.45671799629926,1.582101134536788,17939.661026763915,881.4053931325674,0.0,29.2,0.0,1.1,0.0,0.19237195923924447,0.0,0.0,0.0,0.2296875,0.7703125
burst,centered_full_action_dqn_exact,809,100.9721283581853,32.25167137496173,68.72045713037252,1.599668507371098,18264.781196784974,1051.0266594320535,0.0,30.0,0.0,1.55,0.0,0.19066757336258888,0.0,0.0,0.0,0.3296875,0.6703125
burst,centered_full_action_dqn_exact,810,95.22215262271465,30.58709013275802,64.63506252087653,1.5757897000294179,17623.886202526093,1118.2694064706563,0.0,28.35,0.0,1.3,0.0,0.19124685004353523,0.0,0.0,0.0046875,0.36875,0.6265625
burst,centered_full_action_dqn_exact,811,99.0085504361987,32.0517403755337,66.95681014820933,1.585986602352932,17967.43017549515,908.230340245366,0.0,29.2,0.0,1.7,0.0,0.1912330262362957,0.0,0.0,0.0,0.24296875,0.75703125
burst,centered_full_action_dqn_exact,812,93.65987975180148,31.064605720341206,62.595273997932665,1.580326819140464,17915.76020555496,1142.7920452803373,0.0,27.95,0.0,1.85,0.0,0.1916298560798168,0.0,0.0,0.0,0.38828125,0.61171875
burst,centered_full_action_dqn_exact,813,97.97947231516243,31.844745783507825,66.13472653128207,1.5885759517084808,18025.471439170837,996.2422896504402,0.0,29.05,0.0,1.45,0.0,0.19133980050683022,0.0,0.0,0.003125,0.30546875,0.69140625
burst,centered_full_action_dqn_exact,814,96.52497905127704,31.819677708297966,64.705301303491,1.5871899741701783,18066.864647102357,1118.7769762091339,0.0,28.65,0.0,1.5,0.0,0.1919008530676365,0.0,0.0,0.01796875,0.36796875,0.6140625
burst,centered_full_action_dqn_exact,815,97.16506685007364,31.283436450921,65.88163030564786,1.5846307954750956,17889.26789417267,1008.6305754065513,0.0,28.9,0.0,0.75,0.0,0.19287444427609443,0.0,0.0,0.0,0.30390625,0.69609375
burst,centered_full_action_dqn_exact,816,93.17137848772109,30.842332129925488,62.329046328365806,1.5595256362576038,17459.94965877533,978.9715714722872,0.0,27.7,0.0,0.95,0.0,0.19127045348286628,0.0,0.0,0.0,0.2984375,0.7015625
burst,centered_full_action_dqn_exact,817,96.42698187306523,31.699405743181707,64.72757607623934,1.5748828127514571,17866.879413700102,953.9923313945532,0.0,28.4,0.0,1.25,0.0,0.19125127121806146,0.0,0.0,0.0,0.28125,0.71875
burst,centered_full_action_dqn_exact,818,97.64800329685212,31.34360522516072,66.30439820654689,1.58119565541856,17838.423192501068,1054.827058827877,0.0,28.95,0.0,1.35,0.0,0.19142053574323653,0.0,0.0,0.0,0.34375,0.65625
burst,centered_full_action_dqn_exact,819,95.46395205020904,32.29608744997531,63.167864644005896,1.5746609366964548,17946.191415786743,828.9348291873932,0.0,28.05,0.0,0.95,0.0,0.19242409914731978,0.0,0.0,0.0,0.21875,0.78125
burst,centered_full_action_dqn_preview_0p85,800,97.14183112077416,31.107825914025305,66.03400522202253,1.574544224375859,17672.775028324126,1049.3358370631934,0.0,28.85,0.0,1.45,0.0,0.19192990362644197,0.0,0.0,0.0,0.3296875,0.6703125
burst,centered_full_action_dqn_preview_0p85,801,98.84396602466703,32.35020592957735,66.4937601196766,1.592241554101929,18124.408234977724,845.0847801178694,0.0,29.15,0.0,1.3,0.0,0.19220687672495843,0.0,0.0,0.0,0.21875,0.78125
burst,centered_full_action_dqn_preview_0p85,802,96.23169951237739,31.898580008372665,64.33311959825457,1.5798286339268088,17978.18339147568,967.9200659453869,0.0,28.55,0.0,1.4,0.0,0.19062342420220374,0.0,0.0,0.0,0.29921875,0.70078125
burst,centered_full_action_dqn_preview_0p85,803,93.71624609649182,30.990496492013335,62.72574950650335,1.5600296476390212,17427.894249916077,928.7583927839994,0.0,28.15,0.0,0.75,0.0,0.19228143692016603,0.0,0.0,0.0,0.27421875,0.72578125
burst,centered_full_action_dqn_preview_0p85,804,97.120527760759,31.726838421449067,65.39368924990296,1.5740566107444465,17756.604119300842,857.3980609029531,0.0,29.1,0.0,1.3,0.0,0.19290023520588875,0.0,0.0,0.0,0.225,0.775
burst,centered_full_action_dqn_preview_0p85,805,98.12406775504351,32.11504385098815,66.00902385488152,1.6099382938351483,18435.231556320192,1100.693298319727,0.0,28.85,0.0,1.7,0.0,0.1904309667646885,0.0,0.0,0.00546875,0.35703125,0.6375
burst,centered_full_action_dqn_preview_0p85,806,97.21044012881815,31.867216643318535,65.34322353467346,1.5840153784491122,17901.843175983427,1026.0955859810115,0.0,28.45,0.0,1.4,0.0,0.19115734621882438,0.0,0.0,0.0,0.3046875,0.6953125
burst,centered_full_action_dqn_preview_0p85,807,97.2445966462046,32.05465786978603,65.1899388743937,1.5794920227956026,17860.541410827638,858.1355580180883,0.0,28.55,0.0,1.15,0.0,0.19271523058414458,0.0,0.0,0.0,0.21953125,0.78046875
burst,centered_full_action_dqn_preview_0p85,808,98.99286237083376,32.244035528600214,66.74882691860199,1.5839458181522788,17982.640381336212,835.77496329844,0.0,29.2,0.0,1.05,0.0,0.19237195923924447,0.0,0.0,0.0,0.20703125,0.79296875
burst,centered_full_action_dqn_preview_0p85,809,101.03558279834688,32.406596697121856,68.6289861291647,1.5958440025802703,18217.04269275665,962.2138615518809,0.0,29.85,0.0,1.45,0.0,0.19230415523052216,0.0,0.0,0.0,0.2828125,0.7171875
burst,centered_full_action_dqn_preview_0p85,810,95.50190336547793,30.921030264720322,64.5808731175214,1.5759581338148565,17751.395982837676,1089.7225292682647,0.0,28.3,0.0,1.0,0.0,0.19167643263936043,0.0,0.0,0.02734375,0.36015625,0.6125
burst,centered_full_action_dqn_preview_0p85,811,100.31202437862754,32.69427556172013,67.6177489040792,1.596581244794652,18075.684346675873,766.3162426143884,0.0,29.45,0.0,1.35,0.0,0.19103515669703483,0.0,0.0,0.0,0.15546875,0.84453125
burst,centered_full_action_dqn_preview_0p85,812,93.32950301259756,31.139389019086956,62.19011397078633,1.575012243213132,17835.56867570877,1059.19715718925,0.0,27.9,0.0,1.7,0.0,0.19224330335855483,0.0,0.0,0.0,0.3453125,0.6546875
burst,centered_full_action_dqn_preview_0p85,813,97.73069291390479,31.80485855601728,65.92583447523415,1.5861529116518795,17982.61203622818,980.6011331684888,0.0,28.9,0.0,1.3,0.0,0.19133980050683022,0.0,0.0,0.00078125,0.2953125,0.70390625
burst,centered_full_action_dqn_preview_0p85,814,96.63382316462696,32.002494213730095,64.63132899783552,1.5845620529726148,18077.943303775788,1084.431026148051,0.0,28.65,0.0,1.35,0.0,0.19197046682238578,0.0,0.0,0.02578125,0.346875,0.62734375
burst,centered_full_action_dqn_preview_0p85,815,96.88479836381973,31.473714335635304,65.41108392387629,1.5835181882604956,17970.676914691925,1024.6130586531012,0.0,28.9,0.0,0.85,0.0,0.1920544259250164,0.0,0.0,0.00703125,0.32265625,0.6703125
burst,centered_full_action_dqn_preview_0p85,816,93.13244656547904,30.863977320492268,62.26846922785044,1.5598975935485213,17436.84300403595,967.687331110239,0.0,27.7,0.0,0.9,0.0,0.19172897338867187,0.0,0.0,0.0,0.28671875,0.71328125
burst,centered_full_action_dqn_preview_0p85,817,96.40099419474602,31.53386242650449,64.86713180214167,1.5783327762968837,17899.744960308075,996.8006086461246,0.0,28.45,0.0,1.35,0.0,0.19111417084932328,0.0,0.0,0.0046875,0.30546875,0.68984375
burst,centered_full_action_dqn_preview_0p85,818,97.68464100018144,31.5796883713454,66.1049528016895,1.575671839946881,17818.0075340271,1006.1643166579306,0.0,28.9,0.0,1.35,0.0,0.19136463329195977,0.0,0.0,0.00390625,0.32265625,0.6734375
burst,centered_full_action_dqn_preview_0p85,819,95.78456104502081,32.47825209181756,63.30630888558924,1.576838043006137,17948.574939727783,795.776492446661,0.0,28.2,0.0,0.9,0.0,0.19242409914731978,0.0,0.0,0.0,0.19296875,0.80703125
burst,centered_full_action_dqn_preview_1p15,800,96.91146808408202,31.162778743356466,65.74868929676711,1.5711622648872434,17628.212208747864,1014.4674455024302,0.0,28.75,0.0,1.5,0.0,0.1919506959617138,0.0,0.0,0.00234375,0.3125,0.68515625
burst,centered_full_action_dqn_preview_1p15,801,98.80173409670591,32.4454080298543,66.35632616966963,1.5910925761330872,18199.18686695099,839.9509511142969,0.0,29.05,0.0,1.2,0.0,0.19209709241986275,0.0,0.0,0.0,0.2265625,0.7734375
burst,centered_full_action_dqn_preview_1p15,802,96.26652750015259,31.76173702776432,64.50479043997824,1.5884878267068416,18121.84728050232,1060.580473935604,0.0,28.6,0.0,1.5,0.0,0.19062386229634284,0.0,0.0,0.0,0.3546875,0.6453125
burst,centered_full_action_dqn_preview_1p15,803,93.72279144756496,30.769349528104065,62.95344182223082,1.5616864183917643,17399.716119766235,980.9712850213051,0.0,28.25,0.0,0.8,0.0,0.19213239401578902,0.0,0.0,0.0,0.2984375,0.7015625
burst,centered_full_action_dqn_preview_1p15,804,96.74086914159358,31.353968612849712,65.38690047845245,1.5739894893020392,17669.70214958191,914.7692582875491,0.0,29.05,0.0,1.4,0.0,0.19290023520588875,0.0,0.0,0.0,0.2515625,0.7484375
burst,centered_full_action_dqn_preview_1p15,805,98.65243419662117,32.32188598550856,66.33054824389517,1.609313384629786,18433.914346027374,1074.237081106007,0.0,28.9,0.0,1.5,0.0,0.19050010815262794,0.0,0.0,0.0203125,0.340625,0.6390625
burst,centered_full_action_dqn_preview_1p15,806,97.40829839974643,31.640009513124824,65.76828886315226,1.5877050084527582,17877.627953243256,1111.4634224146605,0.0,28.6,0.0,1.65,0.0,0.19138013869524,0.0,0.0,0.0,0.34140625,0.65859375
burst,centered_full_action_dqn_preview_1p15,807,97.76261304192245,32.39021323621273,65.3723998425901,1.5837745250668376,17970.505348682404,800.0425189852715,0.0,28.55,0.0,1.05,0.0,0.19232528731226922,0.0,0.0,0.0,0.1890625,0.8109375
burst,centered_full_action_dqn_preview_1p15,808,98.07913185164333,31.3374885071069,66.74164337173104,1.597817462682724,18068.81467523575,1162.39290099293,0.0,29.2,0.0,1.6,0.0,0.19162835106253623,0.0,0.0,0.01796875,0.38125,0.60078125
burst,centered_full_action_dqn_preview_1p15,809,100.92851577103139,32.31743694543839,68.61107897982001,1.5970938415732234,18200.65371656418,1008.7662434488535,0.0,29.75,0.0,1.65,0.0,0.1920953206717968,0.0,0.0,0.0,0.30390625,0.69609375
burst,centered_full_action_dqn_preview_1p15,810,95.48151557728649,30.72706757262349,64.75444794841111,1.5749865854158998,17678.96505470276,1106.478194871545,0.0,28.4,0.0,1.1,0.0,0.19110961481928826,0.0,0.0,0.01484375,0.36875,0.61640625
burst,centered_full_action_dqn_preview_1p15,811,99.23701146133244,32.182254603132606,67.05475699082017,1.5866354248020798,18028.10749578476,891.6943430811167,0.0,29.2,0.0,1.6,0.0,0.19096107184886932,0.0,0.0,0.0,0.2421875,0.7578125
burst,centered_full_action_dqn_preview_1p15,812,93.15338737390935,31.073228646069765,62.080158799737696,1.577827772544697,17875.33136873245,1113.9101358681917,0.0,27.9,0.0,1.7,0.0,0.1920882284641266,0.0,0.0,0.0,0.3734375,0.6265625
burst,centered_full_action_dqn_preview_1p15,813,97.79861963793635,31.555460321158172,66.24315940804779,1.5883887364063412,17940.24938287735,1043.1783217072486,0.0,29.15,0.0,1.45,0.0,0.1909714326262474,0.0,0.0,0.0046875,0.32265625,0.67265625
burst,centered_full_action_dqn_preview_1p15,814,95.84434322789312,31.408259876444937,64.43608328811824,1.5789432710502296,17809.273254776002,1085.5299921564758,0.0,28.6,0.0,1.35,0.0,0.19202678874135018,0.0,0.0,0.00625,0.33828125,0.65546875
burst,centered_full_action_dqn_preview_1p15,815,97.41791480436922,31.330241168290378,66.08767342224716,1.5908742355182768,18123.190352535246,1135.4305437624455,0.0,29.0,0.0,1.0,0.0,0.19287444427609443,0.0,0.0,0.0,0.38828125,0.61171875
burst,centered_full_action_dqn_preview_1p15,816,93.48378423683346,30.590829837322236,62.89295435331762,1.565449316194281,17527.03790330887,1080.814950287342,0.0,27.85,0.0,1.25,0.0,0.1906631827354431,0.0,0.0,0.0,0.35546875,0.64453125
burst,centered_full_action_dqn_preview_1p15,817,96.59840425595641,31.97404897324741,64.62435524433852,1.5773684336803853,17948.16923570633,934.1194860287011,0.0,28.35,0.0,1.25,0.0,0.19151063412427902,0.0,0.0,0.01796875,0.26953125,0.7125
burst,centered_full_action_dqn_preview_1p15,818,97.71747896656395,31.704382422566415,66.01309668965638,1.5745831500738858,17785.183043956757,956.251432722807,0.0,28.9,0.0,1.3,0.0,0.19130750074982644,0.0,0.0,0.0,0.29140625,0.70859375
burst,centered_full_action_dqn_preview_1p15,819,95.51349736586214,32.270692742429674,63.242804555073384,1.5752762382850052,17933.656569194794,841.9590686500072,0.0,28.15,0.0,0.9,0.0,0.19235188588500024,0.0,0.0,0.0,0.22421875,0.77578125
burst,standard_dqn,800,97.03856827266515,31.06114929020405,65.97741903685034,1.5747275528497995,17671.898674678803,1039.418385693431,0.0,28.95,0.0,1.45,0.0,0.1916680082678795,0.0,0.0,0.0,0.3296875,0.6703125
burst,standard_dqn,801,99.41188851371408,32.6710585270077,66.74082996398211,1.5940537863876671,18230.552324676515,778.7007483750582,0.0,29.15,0.0,1.05,0.0,0.19310179874300956,0.0,0.0,0.0,0.1875,0.8125
burst,standard_dqn,802,96.59198571704329,31.90501275807619,64.68697296641767,1.5850280337966978,18054.255360889434,969.0048796445132,0.0,28.65,0.0,1.25,0.0,0.1906548783183098,0.0,0.0,0.0109375,0.3,0.6890625
burst,standard_dqn,803,94.13376725882293,31.214179573208092,62.91958768486977,1.564166213804856,17525.53865337372,907.39451443851,0.0,28.15,0.0,0.7,0.0,0.19290004447102546,0.0,0.0,0.01484375,0.26328125,0.721875
burst,standard_dqn,804,97.38097784869373,31.756783655658364,65.62419409692288,1.5762485604267567,17781.636888217927,851.9715486317873,0.0,29.1,0.0,1.45,0.0,0.19259915575385095,0.0,0.0,0.0,0.2234375,0.7765625
burst,standard_dqn,805,98.65294636487961,32.68087099231779,65.9720753196627,1.6011091008316725,18300.43702316284,950.436136507243,0.0,28.9,0.0,1.5,0.0,0.19086370766162872,0.0,0.0,0.00859375,0.26640625,0.725
burst,standard_dqn,806,97.69617857165635,32.61329823993147,65.08288023039698,1.5859114489518107,18064.98033504486,899.5301672361791,0.0,28.35,0.0,1.3,0.0,0.19242013916373252,0.0,0.0,0.01484375,0.23984375,0.7453125
burst,standard_dqn,807,98.1028061813116,32.583783810958266,65.51902231037617,1.5858484386932106,18014.538565158844,773.8393095850945,0.0,28.6,0.0,1.05,0.0,0.19283272624015807,0.0,0.0,0.0,0.171875,0.828125
burst,standard_dqn,808,99.35404984213412,32.50047463960946,66.85357526361943,1.5937965740449727,18135.359615135192,927.0860667906702,0.0,29.25,0.0,1.2,0.0,0.1917292967438698,0.0,0.0,0.04375,0.24375,0.7125
burst,standard_dqn,809,100.83976252779364,32.09087141118944,68.74889107748865,1.5976974490098654,18123.59281787872,1024.9584233015776,0.0,29.8,0.0,1.7,0.0,0.1920953206717968,0.0,0.0,0.0,0.3015625,0.6984375
burst,standard_dqn,810,96.00106098711491,30.357603074610232,65.64345789015293,1.5815580699592828,17648.09985227585,1197.665012806654,0.0,28.7,0.0,1.45,0.0,0.19124685004353523,0.0,0.0,0.0,0.41015625,0.58984375
burst,standard_dqn,811,99.68045126058162,32.46975702047348,67.21069431349636,1.5918690146878363,18047.62392053604,812.8094380944967,0.0,29.25,0.0,1.6,0.0,0.1912330262362957,0.0,0.0,0.0,0.18828125,0.81171875
burst,standard_dqn,812,93.69485625527798,31.420854226872326,62.27400200754404,1.5716688321903347,17834.16755361557,1023.1648218005896,0.0,27.95,0.0,1.55,0.0,0.19255728870630265,0.0,0.0,0.0,0.32734375,0.67265625
burst,standard_dqn,813,97.97628220379353,31.681437131017447,66.2948450537771,1.592103232583031,18046.88922739029,1055.530258089304,0.0,29.0,0.0,1.5,0.0,0.19142150655388832,0.0,0.0,0.0,0.33515625,0.66484375
burst,standard_dqn,814,96.89587778605521,31.448171024397016,65.44770672552288,1.5904101716354488,18071.129929447176,1200.7412235945462,0.0,28.85,0.0,1.55,0.0,0.19139211252331734,0.0,0.0,0.00078125,0.4140625,0.58515625
burst,standard_dqn,815,99.63800997320563,32.81379286758602,66.82421696797013,1.5953181880991907,18131.735137844087,759.8291206430644,0.0,29.3,0.0,0.7,0.0,0.19248755499720574,0.0,0.0,0.0140625,0.15703125,0.82890625
burst,standard_dqn,816,93.6693640895933,30.433250097185372,63.23611410751939,1.5856213683262468,17799.561883068083,1200.8556495577097,0.0,27.8,0.0,1.45,0.0,0.19139884933829307,0.0,0.0,0.00546875,0.41953125,0.575
burst,standard_dqn,817,96.6889693620801,31.845779988542198,64.8431893903017,1.5759394041262567,17867.68510465622,892.8564005225896,0.0,28.5,0.0,1.05,0.0,0.19133182913064956,0.0,0.0,0.0,0.2421875,0.7578125
burst,standard_dqn,818,97.96929009780288,32.126312140375376,65.84297787435352,1.5753726839553566,17839.72731027603,847.1019832715392,0.0,28.7,0.0,1.15,0.0,0.1920064315199852,0.0,0.0,0.00234375,0.2296875,0.76796875
burst,standard_dqn,819,95.79560728117823,32.40233090166002,63.393276380822066,1.5768425525631755,17951.42629814148,793.8574415355921,0.0,28.25,0.0,0.8,0.0,0.19215555638074874,0.0,0.0,0.0,0.1953125,0.8046875
energy_limited,centered_full_action_dqn_exact,800,119.68275651879608,28.187278006225824,91.49547842726112,1.4736245734617115,15859.441923522949,813.4732662774622,0.0,39.1,0.0,1.05,0.0,0.19240895733237268,0.0,0.0,0.003125,0.24296875,0.75390625
energy_limited,centered_full_action_dqn_exact,801,120.08535002879799,29.52309042327106,90.56225966215133,1.4951892378274352,16392.86293182373,666.7665710389614,0.0,38.5,0.0,1.2,0.0,0.19363974407315254,0.0,0.0,0.0015625,0.15234375,0.84609375
energy_limited,centered_full_action_dqn_exact,802,119.2715214484185,28.19056693688035,91.08095439754428,1.4860943030565976,16137.591081619263,922.4597014576196,0.0,38.95,0.0,1.45,0.0,0.19153287410736083,0.0,0.0,0.0,0.3046875,0.6953125
energy_limited,centered_full_action_dqn_exact,803,117.45303940199315,28.01824897453189,89.43479047104717,1.465262975730002,15747.02506160736,784.7915188670158,0.0,38.35,0.0,0.7,0.0,0.19376712292432785,0.0,0.0,0.0,0.2375,0.7625
energy_limited,centered_full_action_dqn_exact,804,120.03649887233973,28.56202143356204,91.47447753414511,1.4774924352299421,15987.527993392945,742.9338155455887,0.0,38.8,0.0,1.35,0.0,0.19290023520588875,0.0,0.0,0.00703125,0.2046875,0.78828125
energy_limited,centered_full_action_dqn_exact,805,117.66982400521636,28.16500119753182,89.50482283040881,1.501050387043506,16253.540838241577,961.3960120528936,0.0,38.05,0.0,1.6,0.0,0.19184841811656952,0.0,0.0,0.003125,0.30625,0.690625
energy_limited,centered_full_action_dqn_exact,806,117.60049393512308,28.183627131953834,89.4168667666614,1.4791433216538281,16040.069596481324,913.5196055799722,0.0,38.3,0.0,1.35,0.0,0.19300064519047738,0.0,0.0,0.0,0.29609375,0.70390625
energy_limited,centered_full_action_dqn_exact,807,121.02935215689243,29.662305365130305,91.36704677760602,1.4975233714561909,16350.339760303497,630.8620069354772,0.0,38.85,0.0,0.9,0.0,0.19326547309756278,0.0,0.0,0.0,0.1265625,0.8734375
energy_limited,centered_full_action_dqn_exact,808,121.1596271969378,29.023889219947158,92.1357380695641,1.4877351641189307,16174.139703464509,726.393633762002,0.0,39.55,0.0,0.85,0.0,0.19314716383814812,0.0,0.0,0.0,0.17734375,0.82265625
energy_limited,centered_full_action_dqn_exact,809,121.5215359055251,28.43971278965473,93.08182331591846,1.4976066058967263,16330.692072868347,960.9413863837719,0.0,39.55,0.0,1.45,0.0,0.1933676518499851,0.0,0.0,0.0,0.3171875,0.6828125
energy_limited,centered_full_action_dqn_exact,810,116.67856939442456,27.206925712898375,89.47164368823171,1.4825051363091917,15947.008539009094,1061.7260444313288,0.0,38.3,0.0,1.05,0.0,0.1921002060174942,0.0,0.0,0.015625,0.3828125,0.6015625
energy_limited,centered_full_action_dqn_exact,811,120.48198369883,28.86005682274699,91.6219270645827,1.4894827051088213,16117.203928661347,740.0013962328434,0.0,38.9,0.0,1.4,0.0,0.19162164032459258,0.0,0.0,0.0,0.1859375,0.8140625
energy_limited,centered_full_action_dqn_exact,812,116.60029771462082,27.656885144487024,88.94341244384647,1.4874307449907065,16207.365733242035,1085.1828806966544,0.0,38.5,0.0,1.6,0.0,0.19263138249516487,0.0,0.0,0.0,0.39921875,0.60078125
energy_limited,centered_full_action_dqn_exact,813,119.90248437263071,28.735765613988043,91.16671876646578,1.4881421807222068,16190.475255012512,819.0655944362283,0.0,38.9,0.0,1.3,0.0,0.19301798790693284,0.0,0.0,0.00625,0.2453125,0.7484375
energy_limited,centered_full_action_dqn_exact,814,117.4138889554143,28.18625369295478,89.22763526245951,1.490670739579946,16310.628654575348,1054.718243419379,0.0,38.35,0.0,1.1,0.0,0.19197046682238578,0.0,0.0,0.02890625,0.3859375,0.58515625
energy_limited,centered_full_action_dqn_exact,815,119.7621468662098,28.35867807921022,91.4034688216448,1.4833931126631796,16180.462571525573,863.316709291935,0.0,39.3,0.0,0.8,0.0,0.19287444427609443,0.0,0.0,0.0,0.28359375,0.71640625
energy_limited,centered_full_action_dqn_exact,816,116.16721045061945,28.13363580480218,88.03357474416495,1.4647268778178841,15744.704508781433,762.6819478660822,0.0,38.05,0.0,0.9,0.0,0.19314824417233467,0.0,0.0,0.0,0.215625,0.784375
energy_limited,centered_full_action_dqn_exact,817,119.00407302401959,28.3408234462142,90.66324939638376,1.4782484023831786,16081.797964572906,861.6605203583837,0.0,39.15,0.0,1.25,0.0,0.19202126935124397,0.0,0.0,0.0015625,0.27421875,0.72421875
energy_limited,centered_full_action_dqn_exact,818,118.10635648079217,28.018018333241343,90.0883382216841,1.4763818237464874,16006.270960044862,894.7226043723524,0.0,38.75,0.0,1.1,0.0,0.1922142758965492,0.0,0.0,0.00078125,0.303125,0.69609375
energy_limited,centered_full_action_dqn_exact,819,120.28934960663318,29.52653394583613,90.76281574442983,1.489129572873935,16271.33674736023,641.059306114912,0.0,38.7,0.0,0.8,0.0,0.19255851060152054,0.0,0.0,0.0,0.13515625,0.86484375
energy_limited,centered_full_action_dqn_preview_0p85,800,118.91710619807243,27.811608854681253,91.10549738436939,1.4742340352386236,15782.293407535553,878.9997979670763,0.0,38.85,0.0,1.3,0.0,0.19240895733237268,0.0,0.0,0.0,0.27109375,0.72890625
energy_limited,centered_full_action_dqn_preview_0p85,801,119.97581791914999,29.34738887138665,90.62842909097671,1.495006722724065,16319.497954940796,687.6963752269745,0.0,38.5,0.0,1.1,0.0,0.19363974407315254,0.0,0.0,0.0,0.1578125,0.8421875
energy_limited,centered_full_action_dqn_preview_0p85,802,120.44872185386717,28.939520913362504,91.50920091256499,1.4883994178380817,16330.877807712555,800.8142981439829,0.0,39.15,0.0,1.1,0.0,0.1911793015897274,0.0,0.0,0.0,0.246875,0.753125
energy_limited,centered_full_action_dqn_preview_0p85,803,117.58956944227218,28.100658795237543,89.48891063660383,1.4649488214869053,15707.247933769226,747.9393974900246,0.0,38.35,0.0,0.65,0.0,0.19376712292432785,0.0,0.0,0.0,0.2109375,0.7890625
energy_limited,centered_full_action_dqn_preview_0p85,804,120.5755680357665,28.9167536213994,91.65881433427333,1.4799265836831181,16054.067932510376,684.6530685454607,0.0,38.8,0.0,1.15,0.0,0.19290023520588875,0.0,0.0,0.0015625,0.16953125,0.82890625
energy_limited,centered_full_action_dqn_preview_0p85,805,117.72386878818274,28.22842591702938,89.49544273555279,1.5081945036072284,16492.262471199036,1065.4112355403602,0.0,38.05,0.0,1.8,0.0,0.1920203983783722,0.0,0.0,0.0078125,0.3796875,0.6125
energy_limited,centered_full_action_dqn_preview_0p85,806,117.82169338054955,28.34037814103067,89.48131527453661,1.477818379784003,16016.497637176513,870.8603867322206,0.0,38.3,0.0,1.3,0.0,0.19321633353829384,0.0,0.0,0.0,0.2703125,0.7296875
energy_limited,centered_full_action_dqn_preview_0p85,807,119.61682275503874,28.956768496334554,90.66005431309343,1.4848152060993016,16134.246887874604,732.6087512731552,0.0,38.8,0.0,1.1,0.0,0.19326547309756278,0.0,0.0,0.0,0.18984375,0.81015625
energy_limited,centered_full_action_dqn_preview_0p85,808,122.1866885086894,29.33041051570326,92.85627810269594,1.492479127738625,16270.30885887146,686.2235029548407,0.0,39.8,0.0,0.8,0.0,0.19327784180641175,0.0,0.0,0.0,0.15390625,0.84609375
energy_limited,centered_full_action_dqn_preview_0p85,809,122.70320157751442,29.006384966522454,93.6968166705966,1.4964138094335795,16385.775030899047,829.3034379184246,0.0,39.7,0.0,1.4,0.0,0.1933676518499851,0.0,0.0,0.0,0.24921875,0.75078125
energy_limited,centered_full_action_dqn_preview_0p85,810,117.368284965083,27.90766060054302,89.46062431648373,1.4854123624041677,16233.046616363525,1048.201416821778,0.0,38.25,0.0,1.05,0.0,0.19187453985214234,0.0,0.0,0.05625,0.38828125,0.55546875
energy_limited,centered_full_action_dqn_preview_0p85,811,123.13228996619583,30.056922806799413,93.07536719664931,1.5099843638949095,16423.525877952576,566.1254958212376,0.0,39.4,0.0,0.95,0.0,0.19140402376651763,0.0,0.0,0.0,0.07265625,0.92734375
energy_limited,centered_full_action_dqn_preview_0p85,812,117.22735603511333,27.955814991518857,89.27154101118445,1.4819789620582013,16113.156026649474,951.2821307748557,0.0,38.6,0.0,1.55,0.0,0.19371908158063889,0.0,0.0,0.0,0.325,0.675
energy_limited,centered_full_action_dqn_preview_0p85,813,120.00608207762241,28.66777939759195,91.33830280147494,1.4882539615500718,16165.343975543976,815.8277285292745,0.0,38.9,0.0,1.25,0.0,0.19293628185987471,0.0,0.0,0.00234375,0.240625,0.75703125
energy_limited,centered_full_action_dqn_preview_0p85,814,118.17757171981036,28.801663610339165,89.37590822979807,1.4897851096000523,16471.761204624177,1001.5998113241046,0.0,38.3,0.0,1.05,0.0,0.19201083481311798,0.0,0.0,0.04765625,0.3609375,0.59140625
energy_limited,centered_full_action_dqn_preview_0p85,815,120.67412642043084,28.885205339826644,91.78892119050026,1.4934835304506122,16368.394332790374,825.3411812681704,0.0,39.5,0.0,0.75,0.0,0.19287444427609443,0.0,0.0,0.021875,0.25546875,0.72265625
energy_limited,centered_full_action_dqn_preview_0p85,816,115.85795721806585,27.999545543640853,87.85841168671847,1.4632627080660314,15737.130712509155,801.2249111294747,0.0,37.95,0.0,0.85,0.0,0.19264752343297004,0.0,0.0,0.0,0.23984375,0.76015625
energy_limited,centered_full_action_dqn_preview_0p85,817,118.88703848220408,28.191761358454823,90.69527706712485,1.485554971313104,16251.167381763458,962.2109239093959,0.0,39.15,0.0,1.2,0.0,0.19159081131219863,0.0,0.0,0.00859375,0.33828125,0.653125
energy_limited,centered_full_action_dqn_preview_0p85,818,118.61089885875583,28.359276992455126,90.25162188641727,1.4752116489224136,16044.511691570282,838.640372017771,0.0,38.7,0.0,1.05,0.0,0.19266574531793595,0.0,0.0,0.00546875,0.27578125,0.71875
energy_limited,centered_full_action_dqn_preview_0p85,819,120.49725807756185,29.685691599361597,90.81156653836369,1.4922806116752327,16306.915307331084,613.7580515742302,0.0,38.75,0.0,0.7,0.0,0.19291035011410712,0.0,0.0,0.0,0.11640625,0.88359375
energy_limited,centered_full_action_dqn_preview_1p15,800,119.23611675456166,28.08667268194258,91.14944405175746,1.4736580948811024,15866.084394454956,858.5042758919299,0.0,38.9,0.0,1.35,0.0,0.19240895733237268,0.0,0.0,0.00390625,0.26953125,0.7265625
energy_limited,centered_full_action_dqn_preview_1p15,801,120.05895274020732,29.469052396714687,90.58990047723054,1.494963622186333,16384.8757144928,669.2935204803944,0.0,38.5,0.0,1.1,0.0,0.19363974407315254,0.0,0.0,0.0,0.1546875,0.8453125
energy_limited,centered_full_action_dqn_preview_1p15,802,119.44150079734622,28.353238378092648,91.08826234474779,1.4930483053438366,16365.051691818237,948.3710574448108,0.0,38.95,0.0,1.3,0.0,0.19062342420220374,0.0,0.0,0.0,0.3328125,0.6671875
energy_limited,centered_full_action_dqn_preview_1p15,803,117.05913006618619,27.858553681150077,89.20057647556067,1.463763336185366,15694.2970287323,810.8705908805132,0.0,38.15,0.0,0.75,0.0,0.19376712292432785,0.0,0.0,0.0,0.25,0.75
energy_limited,centered_full_action_dqn_preview_1p15,804,119.50510970301926,28.46264648102224,91.04246315941215,1.47375437929295,15907.71688299179,728.3528477758169,0.0,38.6,0.0,1.2,0.0,0.19290023520588875,0.0,0.0,0.0,0.19453125,0.80546875
energy_limited,centered_full_action_dqn_preview_1p15,805,117.99693677321076,28.514483077079056,89.48245366185904,1.507697750814259,16537.973483181,1038.9184438489378,0.0,38.1,0.0,1.65,0.0,0.1919550970196724,0.0,0.0,0.028125,0.36484375,0.60703125
energy_limited,centered_full_action_dqn_preview_1p15,806,117.53358988739551,28.036502250656486,89.49708752870559,1.480735365115106,15999.925588989257,946.1811001569033,0.0,38.4,0.0,1.45,0.0,0.19300064519047738,0.0,0.0,0.0,0.30859375,0.69140625
energy_limited,centered_full_action_dqn_preview_1p15,807,120.29691881656647,29.386061814427375,90.91085699468852,1.4900761309545487,16269.815709781647,657.080428943038,0.0,38.9,0.0,0.9,0.0,0.19336594715714456,0.0,0.0,0.0,0.1515625,0.8484375
energy_limited,centered_full_action_dqn_preview_1p15,808,119.74467384122313,28.263359677419068,91.481314265877,1.4958727062214165,16307.633016586304,975.8412881270051,0.0,39.15,0.0,1.25,0.0,0.1926097884774208,0.0,0.0,0.028125,0.3328125,0.6390625
energy_limited,centered_full_action_dqn_preview_1p15,809,121.55201195128261,28.52682481408119,93.02518717706204,1.4925263692159205,16244.270015716553,902.424828183651,0.0,39.6,0.0,1.55,0.0,0.19284960106015206,0.0,0.0,0.0,0.2828125,0.7171875
energy_limited,centered_full_action_dqn_preview_1p15,810,116.84395656608044,27.268984485045074,89.57497206538916,1.4802515293005853,15948.700774765015,1065.2772439137102,0.0,38.15,0.0,1.15,0.0,0.1921002060174942,0.0,0.0,0.028125,0.3890625,0.5828125
energy_limited,centered_full_action_dqn_preview_1p15,811,120.202579716295,28.765885028988123,91.43669484339655,1.4870903874281793,16058.939301872253,750.0546089708805,0.0,38.8,0.0,1.5,0.0,0.19203855469822884,0.0,0.0,0.0,0.190625,0.809375
energy_limited,centered_full_action_dqn_preview_1p15,812,116.79338310234247,27.776310196891426,89.01707291811705,1.4842685146257282,16151.045356464387,1032.49371162951,0.0,38.65,0.0,1.6,0.0,0.19310044273734092,0.0,0.0,0.0,0.36796875,0.63203125
energy_limited,centered_full_action_dqn_preview_1p15,813,119.31506603851915,28.32008851878345,90.99497757412493,1.4889348520431667,16129.212613391875,885.4918566212058,0.0,38.85,0.0,1.35,0.0,0.19265358299016952,0.0,0.0,0.009375,0.28125,0.709375
energy_limited,centered_full_action_dqn_preview_1p15,814,117.32746799141168,28.019868114590643,89.30759992599488,1.479697399586439,16106.902384281158,1018.4333894811571,0.0,38.3,0.0,1.1,0.0,0.1921501949429512,0.0,0.0,0.009375,0.359375,0.63125
energy_limited,centered_full_action_dqn_preview_1p15,815,119.3328584664315,28.350939559191467,90.98191893294454,1.488897952856496,16332.528228950501,936.7701153486967,0.0,39.25,0.0,0.95,0.0,0.19287444427609443,0.0,0.0,0.0,0.33203125,0.66796875
energy_limited,centered_full_action_dqn_preview_1p15,816,114.66379524491727,27.478225922212005,87.185569306314,1.4614092940464616,15727.974308204652,909.9189529120922,0.0,37.75,0.0,1.0,0.0,0.19226738512516023,0.0,0.0,0.0,0.3125,0.6875
energy_limited,centered_full_action_dqn_preview_1p15,817,119.29368185169994,28.652178590744732,90.64150312647223,1.4823535777628423,16212.177398872376,862.7026333771646,0.0,39.15,0.0,1.25,0.0,0.19166392162442208,0.0,0.0,0.021875,0.27265625,0.70546875
energy_limited,centered_full_action_dqn_preview_1p15,818,118.53907888233661,28.371911370381714,90.167167654261,1.4715795632917434,15944.448368644715,798.2372183538973,0.0,38.6,0.0,0.95,0.0,0.1925114192068577,0.0,0.0,0.0046875,0.24765625,0.74765625
energy_limited,centered_full_action_dqn_preview_1p15,819,120.44747110195458,29.62184525206685,90.82562583833933,1.4909113385248929,16305.05070066452,628.2743149995804,0.0,38.85,0.0,0.7,0.0,0.19242409914731978,0.0,0.0,0.0,0.12734375,0.87265625
energy_limited,standard_dqn,800,119.10691261015832,27.940700088068844,91.1662126185745,1.476753907231614,15870.692154502869,885.0335683912039,0.0,38.9,0.0,1.3,0.0,0.19240895733237268,0.0,0.0,0.0,0.28125,0.71875
energy_limited,standard_dqn,801,120.86348358981311,29.6509619705379,91.21252158164978,1.4988557489123195,16427.110181999207,637.0237525641918,0.0,38.75,0.0,1.05,0.0,0.19363974407315254,0.0,0.0,0.0,0.13203125,0.86796875
energy_limited,standard_dqn,802,120.3413718546927,28.989544382691385,91.35182746306063,1.4941396070178599,16457.528276348115,865.0795527890325,0.0,39.15,0.0,1.1,0.0,0.19153287410736083,0.0,0.0,0.02578125,0.2828125,0.69140625
energy_limited,standard_dqn,803,118.3198449844122,28.55462707579136,89.7652179980278,1.4712359611410648,15887.96559562683,728.3037326365709,0.0,38.35,0.0,0.55,0.0,0.19345005750656127,0.0,0.0,0.01796875,0.203125,0.77890625
energy_limited,standard_dqn,804,121.07997851870955,28.99251349307597,92.08746523723006,1.4828921507578343,16075.619404888153,678.6944459617138,0.0,38.95,0.0,1.25,0.0,0.19290023520588875,0.0,0.0,0.00390625,0.1625,0.83359375
energy_limited,standard_dqn,805,118.25361318022013,28.855276427976786,89.39833665221929,1.4945555478800088,16341.048163986206,873.486658448726,0.0,38.05,0.0,1.45,0.0,0.19149230197072029,0.0,0.0,0.01796875,0.265625,0.71640625
energy_limited,standard_dqn,806,119.26382680527865,29.477553853020073,89.78627295300365,1.4881614579819142,16285.180804061889,715.1418229065836,0.0,38.45,0.0,1.05,0.0,0.1934212364256382,0.0,0.0,0.02109375,0.18125,0.79765625
energy_limited,standard_dqn,807,120.59879852205515,29.576881071925165,91.02191741138697,1.4935338879935443,16326.960519695282,645.5387122809886,0.0,38.95,0.0,0.9,0.0,0.19336594715714456,0.0,0.0,0.0,0.14140625,0.85859375
energy_limited,standard_dqn,808,123.07995018541813,30.154784727469085,92.92516553357244,1.5064511423930527,16626.67606058121,705.2210605572909,0.0,39.8,0.0,0.8,0.0,0.19314716383814812,0.0,0.0,0.06171875,0.16015625,0.778125
energy_limited,standard_dqn,809,121.6356014086306,28.595169572159648,93.04043195754289,1.4926762389950454,16273.896222305299,910.5440854549408,0.0,39.5,0.0,1.55,0.0,0.1933676518499851,0.0,0.0,0.0,0.2921875,0.7078125
energy_limited,standard_dqn,810,116.68284620001911,26.745944272354244,89.93690200328828,1.4850858659949153,15893.42977361679,1145.7558840215206,0.0,38.25,0.0,1.4,0.0,0.19187453985214234,0.0,0.0,0.0,0.43359375,0.56640625
energy_limited,standard_dqn,811,121.92324509307741,29.540620321035384,92.38262476459145,1.499877941654995,16257.876848220825,629.0200539052487,0.0,39.2,0.0,1.25,0.0,0.19203855469822884,0.0,0.0,0.0,0.1140625,0.8859375
energy_limited,standard_dqn,812,117.49882720798254,28.17565338462591,89.32317386358976,1.4774178232531994,16088.855663776398,909.7089629620314,0.0,38.65,0.0,1.45,0.0,0.19385460242629052,0.0,0.0,0.0,0.30234375,0.69765625
energy_limited,standard_dqn,813,119.12468885727226,28.190990544110537,90.93369826547801,1.4902631517965346,16221.860584449769,977.1598612755537,0.0,38.8,0.0,1.5,0.0,0.19255452901124953,0.0,0.0,0.0,0.3375,0.6625
energy_limited,standard_dqn,814,117.89109291434288,27.769961175322532,90.1211317524314,1.4937047339510172,16311.22025899887,1177.6526682645083,0.0,38.55,0.0,1.5,0.0,0.19201083481311798,0.0,0.0,0.00078125,0.4578125,0.54140625
energy_limited,standard_dqn,815,123.55005578689277,30.073104854859412,93.47695099666714,1.5059241387527436,16526.81364336014,638.3188835378736,0.0,39.9,0.0,0.6,0.0,0.19358968436717988,0.0,0.0,0.025,0.1265625,0.8484375
energy_limited,standard_dqn,816,114.73728183880448,27.08588120751083,87.65140061154962,1.4955328332725912,16123.24363412857,1146.646611213684,0.0,37.8,0.0,1.5,0.0,0.19214790612459182,0.0,0.0,0.01328125,0.4359375,0.55078125
energy_limited,standard_dqn,817,119.33558696895838,28.42536189369857,90.91022483274341,1.4807431042660029,16102.75848531723,837.588553622365,0.0,39.2,0.0,1.05,0.0,0.19163858741521836,0.0,0.0,0.00078125,0.25390625,0.7453125
energy_limited,standard_dqn,818,119.47118332497776,28.99070901572704,90.48047441318631,1.4746937558520585,16011.113506412506,682.4061144806444,0.0,38.8,0.0,0.9,0.0,0.19320783838629724,0.0,0.0,0.0046875,0.17734375,0.81796875
energy_limited,standard_dqn,819,120.72655962109566,29.704583443142475,91.02197612076998,1.4926987997721881,16318.295445728301,610.3580181479454,0.0,38.9,0.0,0.75,0.0,0.19291949048638343,0.0,0.0,0.0,0.11484375,0.88515625
link_limited,centered_full_action_dqn_exact,800,101.7431568595022,31.362812775745986,70.38034418582916,1.6872689036652446,19561.27545557022,598.1990829743445,0.0,30.25,0.0,0.85,0.0,0.19290008693933486,0.0,0.0,0.0109375,0.11015625,0.87890625
link_limited,centered_full_action_dqn_exact,801,104.61250798135995,32.4936209294945,72.11888706415893,1.7100520207546652,20131.34728307724,536.1447305701673,0.0,30.65,0.0,0.75,0.0,0.19363974407315254,0.0,0.0,0.0125,0.06484375,0.92265625
link_limited,centered_full_action_dqn_exact,802,101.15520610712468,31.602496830001474,69.55270930841564,1.7070785416290164,19943.14350166321,650.7371686756611,0.0,30.1,0.0,1.0,0.0,0.1919820323586464,0.0,0.0,0.0,0.1390625,0.8609375
link_limited,centered_full_action_dqn_exact,803,98.93351683489979,31.06929306089878,67.86422390028835,1.6782033604104072,19414.83576889038,585.4067651927471,0.0,29.75,0.0,0.5,0.0,0.19376712292432785,0.0,0.0,0.0,0.1046875,0.8953125
link_limited,centered_full_action_dqn_exact,804,101.90182127818466,31.70970539562404,70.19211604759097,1.6915717937983572,19711.20181827545,563.2214870788157,0.0,30.35,0.0,1.1,0.0,0.19290023520588875,0.0,0.0,0.01171875,0.08671875,0.9015625
link_limited,centered_full_action_dqn_exact,805,102.00417162686587,31.987484046816824,70.01668762102723,1.7230794588569551,20185.18239850998,652.0331503674388,0.0,29.95,0.0,0.95,0.0,0.19182921051979065,0.0,0.0,0.00703125,0.125,0.86796875
link_limited,centered_full_action_dqn_exact,806,101.14213405974209,31.81001541875303,69.33211866557598,1.6957344814203679,19782.29833612442,632.0246819987893,0.0,29.85,0.0,1.05,0.0,0.1934212364256382,0.0,0.0,0.00390625,0.121875,0.87421875
link_limited,centered_full_action_dqn_exact,807,102.98293033622205,32.34221018441021,70.64072020173073,1.697331402823329,19844.32748670578,525.7989720314741,0.0,29.95,0.0,0.9,0.0,0.19368576407432556,0.0,0.0,0.0,0.0515625,0.9484375
link_limited,centered_full_action_dqn_exact,808,104.03673204563559,32.19980599023402,71.83692605689168,1.698890933021903,19878.67387371063,561.8512228816747,0.0,30.8,0.0,0.6,0.0,0.19337935522198677,0.0,0.0,0.0,0.0703125,0.9296875
link_limited,centered_full_action_dqn_exact,809,105.04896953299642,32.142759528383614,72.90620995879173,1.7178540145978332,20194.220286178588,650.5220326721668,0.0,31.1,0.0,1.2,0.0,0.1933676518499851,0.0,0.0,0.0,0.134375,0.865625
link_limited,centered_full_action_dqn_exact,810,100.7382151196152,30.975093356147408,69.7631217828393,1.704587790975347,19760.065763282775,716.0854215562343,0.0,30.1,0.0,0.8,0.0,0.19227258563041688,0.0,0.0,0.0171875,0.17734375,0.80546875
link_limited,centered_full_action_dqn_exact,811,103.61597028382123,31.906917030364276,71.70905326351524,1.699469179334119,19823.806013679503,551.9994113326072,0.0,30.45,0.0,1.0,0.0,0.19203855469822884,0.0,0.0,0.0,0.06953125,0.93046875
link_limited,centered_full_action_dqn_exact,812,99.83135680936277,31.19059301838279,68.64076372280718,1.7157033830881119,20035.163282012938,724.6574086397886,0.0,29.65,0.0,1.05,0.0,0.19385460242629052,0.0,0.0,0.0,0.184375,0.815625
link_limited,centered_full_action_dqn_exact,813,103.0313974931091,31.901761634647848,71.12963582791389,1.7024291386362165,19856.8290391922,632.7973734103143,0.0,30.7,0.0,1.0,0.0,0.19337305128574372,0.0,0.0,0.01328125,0.1203125,0.86640625
link_limited,centered_full_action_dqn_exact,814,101.619360377118,32.14483471252024,69.47452548354865,1.707847246946767,20143.189491271973,700.2511863280088,0.0,29.9,0.0,0.75,0.0,0.19209640249609947,0.0,0.0,0.0484375,0.1734375,0.778125
link_limited,centered_full_action_dqn_exact,815,101.51939549222588,31.72575871963054,69.79363689422607,1.699368591606617,19855.02348651886,611.9409760732203,0.0,30.2,0.0,0.55,0.0,0.19287444427609443,0.0,0.0,0.00390625,0.11328125,0.8828125
link_limited,centered_full_action_dqn_exact,816,97.97258393406868,31.071886770054697,66.90069719195365,1.6728938478976487,19347.590844249724,594.0900043100119,0.0,29.15,0.0,0.7,0.0,0.19264752343297004,0.0,0.0,0.0,0.1078125,0.8921875
link_limited,centered_full_action_dqn_exact,817,102.54974720858038,31.82197842411697,70.72776862576605,1.7047477114014327,19954.361837005614,612.4052142269909,0.0,30.45,0.0,0.6,0.0,0.19251176863908767,0.0,0.0,0.0046875,0.109375,0.8859375
link_limited,centered_full_action_dqn_exact,818,101.26776764221489,31.089306169375778,70.17846148923039,1.688602654216811,19543.657871246338,651.1629647195339,0.0,29.9,0.0,1.0,0.0,0.1923563502728939,0.0,0.0,0.0,0.1421875,0.8578125
link_limited,centered_full_action_dqn_exact,819,100.24961801096796,32.14550892617554,68.10410915240645,1.688705159164965,19717.7827290535,523.7247377455235,0.0,29.7,0.0,0.7,0.0,0.19291949048638343,0.0,0.0,0.0,0.04921875,0.95078125
link_limited,centered_full_action_dqn_preview_0p85,800,101.45806798771024,31.016919580847023,70.4411483591795,1.6867185708135366,19493.213879585266,633.4708684496582,0.0,30.25,0.0,0.9,0.0,0.19264742732048035,0.0,0.0,0.00078125,0.13203125,0.8671875
link_limited,centered_full_action_dqn_preview_0p85,801,104.06664178773761,32.24180543497205,71.82483654871584,1.706791694369167,20059.62704820633,546.4954155921936,0.0,30.55,0.0,0.8,0.0,0.19363974407315254,0.0,0.0,0.0,0.0703125,0.9296875
link_limited,centered_full_action_dqn_preview_0p85,802,101.69018018335103,31.816740126535297,69.873439797163,1.706350929522887,19969.475466918946,627.2684038639069,0.0,30.3,0.0,1.0,0.0,0.1921844594180584,0.0,0.0,0.0,0.12265625,0.87734375
link_limited,centered_full_action_dqn_preview_0p85,803,99.02551843434573,31.186528768390417,67.83898987680674,1.6745830840431153,19351.474901485442,566.1384118258953,0.0,29.8,0.0,0.5,0.0,0.19388239905238153,0.0,0.0,0.0,0.0875,0.9125
link_limited,centered_full_action_dqn_preview_0p85,804,101.99093483626842,31.8568178370595,70.134117090106,1.6888684634119273,19681.52825527191,531.8650325223804,0.0,30.35,0.0,1.05,0.0,0.19290023520588875,0.0,0.0,0.003125,0.0640625,0.9328125
link_limited,centered_full_action_dqn_preview_0p85,805,101.8705791181326,32.0458703044802,69.82470888704061,1.7327805694192648,20416.274133586885,704.8621769145132,0.0,29.9,0.0,1.1,0.0,0.19193588942289352,0.0,0.0,0.01796875,0.1671875,0.81484375
link_limited,centered_full_action_dqn_preview_0p85,806,101.00220606900751,31.82334308773279,69.17886308744549,1.6940095120109617,19744.16191740036,614.7172996789217,0.0,29.8,0.0,1.05,0.0,0.19321633353829384,0.0,0.0,0.0,0.11015625,0.88984375
link_limited,centered_full_action_dqn_preview_0p85,807,102.5215534054488,32.03652799092233,70.48502542346716,1.6942330814898015,19797.307231044768,559.8942331641913,0.0,30.0,0.0,0.9,0.0,0.19368576407432556,0.0,0.0,0.0,0.07734375,0.92265625
link_limited,centered_full_action_dqn_preview_0p85,808,104.28371266767383,32.334315770491955,71.94939687222242,1.699257033597678,19907.115184020997,545.073212698102,0.0,30.85,0.0,0.6,0.0,0.1935100331902504,0.0,0.0,0.0,0.06015625,0.93984375
link_limited,centered_full_action_dqn_preview_0p85,809,105.1714039516449,32.25187906511128,72.91952486082911,1.7121699499897658,20118.950375556946,601.968926000595,0.0,31.15,0.0,1.0,0.0,0.1933676518499851,0.0,0.0,0.0,0.10625,0.89375
link_limited,centered_full_action_dqn_preview_0p85,810,101.67783804260195,31.775114723294973,69.90272338747978,1.7066771117504687,20072.509890270234,694.0544222302735,0.0,30.15,0.0,0.5,0.0,0.19227258563041688,0.0,0.0,0.0625,0.1734375,0.7640625
link_limited,centered_full_action_dqn_preview_0p85,811,104.78372695751489,32.42382264770568,72.35990421146155,1.7056392335798591,19929.953108978272,500.6408133506775,0.0,30.65,0.0,0.9,0.0,0.19203855469822884,0.0,0.0,0.0,0.0296875,0.9703125
link_limited,centered_full_action_dqn_preview_0p85,812,99.19336225055159,31.272278740629552,67.92108340710402,1.703995279315859,19908.874339866637,665.7791370600462,0.0,29.35,0.0,0.9,0.0,0.19385460242629052,0.0,0.0,0.0,0.15,0.85
link_limited,centered_full_action_dqn_preview_0p85,813,102.71071145042777,31.82287931703031,70.8878320939094,1.6963677639141679,19768.488209342955,613.6128595087678,0.0,30.6,0.0,0.9,0.0,0.19301798790693284,0.0,0.0,0.00625,0.1078125,0.8859375
link_limited,centered_full_action_dqn_preview_0p85,814,102.00609476663172,32.64974745772779,69.35634719714523,1.7022482596337796,20210.16982650757,657.1864779893309,0.0,29.8,0.0,0.7,0.0,0.1921501949429512,0.0,0.0,0.07109375,0.14765625,0.78125
link_limited,centered_full_action_dqn_preview_0p85,815,102.12513316348195,32.1504587603733,69.97467451170087,1.7084560787305236,20098.107918167116,623.6848910812289,0.0,30.3,0.0,0.5,0.0,0.19287444427609443,0.0,0.0,0.034375,0.11953125,0.84609375
link_limited,centered_full_action_dqn_preview_0p85,816,97.70208646886051,31.037708485499024,66.66437807798386,1.6703775061760098,19320.49302148819,595.3552192837,0.0,29.05,0.0,0.65,0.0,0.19264752343297004,0.0,0.0,0.0,0.10859375,0.89140625
link_limited,centered_full_action_dqn_preview_0p85,817,102.68209584333003,31.86722667887807,70.8148690508306,1.7118349449709058,20085.458916664124,647.8029596835374,0.0,30.45,0.0,0.65,0.0,0.19202126935124397,0.0,0.0,0.01953125,0.13125,0.84921875
link_limited,centered_full_action_dqn_preview_0p85,818,101.4046039428562,31.338706237077712,70.0658976521343,1.6842456127982586,19564.394997787476,628.9466850750148,0.0,29.75,0.0,0.9,0.0,0.19266574531793595,0.0,0.0,0.0078125,0.1328125,0.859375
link_limited,centered_full_action_dqn_preview_0p85,819,100.46460721865296,32.26335285995155,68.20125437825918,1.690418211882934,19747.413702869417,513.1791705727577,0.0,29.75,0.0,0.7,0.0,0.19291035011410712,0.0,0.0,0.0,0.040625,0.959375
link_limited,centered_full_action_dqn_preview_1p15,800,101.4547885695845,31.227406099811198,70.22738250404596,1.6843773348722606,19501.802264595033,614.7966885440052,0.0,30.2,0.0,0.9,0.0,0.19290008693933486,0.0,0.0,0.00859375,0.12109375,0.8703125
link_limited,centered_full_action_dqn_preview_1p15,801,104.65410784326494,32.27220373041928,72.38190419703723,1.710027701361105,20098.813197612762,546.8868269503116,0.0,30.75,0.0,0.75,0.0,0.19363974407315254,0.0,0.0,0.00078125,0.0734375,0.92578125
link_limited,centered_full_action_dqn_preview_1p15,802,101.49382887244225,31.65063965804875,69.84318918794393,1.7155943014658988,20115.887398910523,678.6782802343369,0.0,30.35,0.0,1.1,0.0,0.1919820323586464,0.0,0.0,0.0,0.1609375,0.8390625
link_limited,centered_full_action_dqn_preview_1p15,803,98.99857311606408,31.07430004179478,67.924273134619,1.6784628928638994,19410.68534784317,591.9111032418907,0.0,29.75,0.0,0.5,0.0,0.1938383772969246,0.0,0.0,0.003125,0.10703125,0.88984375
link_limited,centered_full_action_dqn_preview_1p15,804,102.02026582412421,31.606218870356678,70.41404687702655,1.6895157421939075,19643.760660743712,559.2997572988272,0.0,30.45,0.0,1.05,0.0,0.19290023520588875,0.0,0.0,0.0,0.0828125,0.9171875
link_limited,centered_full_action_dqn_preview_1p15,805,102.76936149328947,32.574332892894745,70.19502864062785,1.73126319963485,20514.72175951004,675.762427995354,0.0,30.0,0.0,1.0,0.0,0.1919550970196724,0.0,0.0,0.04453125,0.15078125,0.8046875
link_limited,centered_full_action_dqn_preview_1p15,806,101.19557620830834,31.646189030259848,69.54938724994659,1.701530357124284,19802.486022281646,669.9523259282112,0.0,30.0,0.0,1.1,0.0,0.19321633353829384,0.0,0.0,0.0015625,0.1421875,0.85625
link_limited,centered_full_action_dqn_preview_1p15,807,102.7070520208031,32.20448547564447,70.50256641700864,1.6959518796764315,19826.72178812027,540.6759687691927,0.0,29.95,0.0,0.9,0.0,0.19336594715714456,0.0,0.0,0.0,0.06328125,0.93671875
link_limited,centered_full_action_dqn_preview_1p15,808,104.5607953645289,32.256040904670954,72.30475444942712,1.7233240135014056,20303.154189682005,696.2686246793717,0.0,31.05,0.0,0.85,0.0,0.1932420924305916,0.0,0.0,0.053125,0.16171875,0.78515625
link_limited,centered_full_action_dqn_preview_1p15,809,105.28432440295815,32.20485141612589,73.07947290673852,1.7108298945240676,20085.278235816957,621.1814377367497,0.0,31.15,0.0,1.25,0.0,0.1933676518499851,0.0,0.0,0.0,0.11328125,0.88671875
link_limited,centered_full_action_dqn_preview_1p15,810,101.12556651212275,31.173584615811706,69.95198199316859,1.7052483272273093,19830.54457426071,713.1607952967286,0.0,30.15,0.0,0.55,0.0,0.19227258563041688,0.0,0.0,0.03359375,0.17890625,0.7875
link_limited,centered_full_action_dqn_preview_1p15,811,103.55804818429053,31.84295188933611,71.71509634450078,1.6994006589986383,19822.60621986389,563.090498816967,0.0,30.45,0.0,1.0,0.0,0.19200242832303047,0.0,0.0,0.0,0.07734375,0.92265625
link_limited,centered_full_action_dqn_preview_1p15,812,99.39822950705886,31.295335523039103,68.10289388641715,1.7045110225211828,19924.835428810118,686.5898831158877,0.0,29.45,0.0,1.0,0.0,0.19385460242629052,0.0,0.0,0.0,0.1625,0.8375
link_limited,centered_full_action_dqn_preview_1p15,813,103.16187249079346,31.855784943699838,71.30608750201762,1.7074632487259804,19936.78989868164,648.3383848980069,0.0,30.6,0.0,1.05,0.0,0.19283601865172387,0.0,0.0,0.01953125,0.1328125,0.84765625
link_limited,centered_full_action_dqn_preview_1p15,814,101.26591321215034,31.684272499009968,69.58164067402483,1.6970840542111545,19819.407249069212,681.1520569078624,0.0,29.95,0.0,0.75,0.0,0.1921501949429512,0.0,0.0,0.0203125,0.15234375,0.82734375
link_limited,centered_full_action_dqn_preview_1p15,815,101.3886514160782,31.554293046146633,69.83435852527619,1.7075371419079601,19997.651690292358,672.3999780833722,0.0,30.2,0.0,0.55,0.0,0.19315293729305266,0.0,0.0,0.0,0.159375,0.840625
link_limited,centered_full_action_dqn_preview_1p15,816,98.51857571028174,30.831504430994393,67.68707119807601,1.6802990600001066,19412.25928373337,665.034156486392,0.0,29.4,0.0,0.75,0.0,0.1921604886651039,0.0,0.0,0.0,0.1546875,0.8453125
link_limited,centered_full_action_dqn_preview_1p15,817,103.07923451893032,32.474867013841866,70.60436748087406,1.707042491575703,20147.269379234313,580.8807048380374,0.0,30.4,0.0,0.5,0.0,0.19319644421339036,0.0,0.0,0.0359375,0.09453125,0.86953125
link_limited,centered_full_action_dqn_preview_1p15,818,101.69969659857452,31.36659175157547,70.33310484476388,1.6854868106544019,19544.76818675995,618.6994223430753,0.0,29.9,0.0,0.85,0.0,0.1920064315199852,0.0,0.0,0.00234375,0.1234375,0.87421875
link_limited,centered_full_action_dqn_preview_1p15,819,100.33863310478628,32.1331112543121,68.20552181825042,1.6897560126148163,19734.801725292207,528.4016564309597,0.0,29.7,0.0,0.7,0.0,0.19291035011410712,0.0,0.0,0.0,0.05390625,0.94609375
link_limited,standard_dqn,800,101.30437958747149,30.947104059904813,70.35727559611202,1.690451431600377,19526.570776176453,653.121975800395,0.0,30.25,0.0,0.9,0.0,0.19240895733237268,0.0,0.0,0.0,0.14375,0.85625
link_limited,standard_dqn,801,104.31064225465059,32.38725512847304,71.92338703751565,1.7065732358489185,20081.10821828842,524.5354429125786,0.0,30.55,0.0,0.8,0.0,0.19363974407315254,0.0,0.0,0.0,0.05703125,0.94296875
link_limited,standard_dqn,802,101.92701006360352,32.18517389968038,69.74183624103665,1.7090020685922354,20121.097430706024,615.9883895084262,0.0,30.25,0.0,1.0,0.0,0.19223363026976586,0.0,0.0,0.028125,0.1234375,0.8484375
link_limited,standard_dqn,803,99.81624539144337,31.800926684215664,68.01531869456173,1.6801982928998769,19575.133631324767,545.9287840344011,0.0,29.85,0.0,0.4,0.0,0.1939089462161064,0.0,0.0,0.034375,0.07734375,0.88828125
link_limited,standard_dqn,804,102.38117801748216,31.987935815379025,70.39324219837785,1.6911151667125524,19739.6592502594,529.4330719932914,0.0,30.5,0.0,1.0,0.0,0.19290023520588875,0.0,0.0,0.00859375,0.06484375,0.9265625
link_limited,standard_dqn,805,102.58733514308929,32.511065329238775,70.07626986265183,1.71865412062034,20248.359474277495,608.845475449413,0.0,29.9,0.0,0.9,0.0,0.19218797683715821,0.0,0.0,0.02734375,0.1015625,0.87109375
link_limited,standard_dqn,806,101.66141203202308,32.62626821361482,69.03514377146959,1.700053036864847,19953.376932907104,553.4584147132933,0.0,29.7,0.0,0.85,0.0,0.1934212364256382,0.0,0.0,0.03203125,0.06640625,0.9015625
link_limited,standard_dqn,807,102.91006020016968,32.287399196624754,70.62266094356775,1.6964658046141268,19837.21918516159,529.9274923354387,0.0,29.95,0.0,0.9,0.0,0.19368576407432556,0.0,0.0,0.0,0.05546875,0.94453125
link_limited,standard_dqn,808,105.63734720446169,33.500250450521705,72.13709684446454,1.7146303710062056,20441.54292640686,555.6062717426569,0.0,31.0,0.0,0.65,0.0,0.19316813126206397,0.0,0.0,0.0796875,0.071875,0.8484375
link_limited,standard_dqn,809,105.1006788802147,32.13084410615265,72.96983466267586,1.7156367395538836,20140.29415283203,632.7109162032605,0.0,31.2,0.0,1.2,0.0,0.1933676518499851,0.0,0.0,0.0,0.121875,0.878125
link_limited,standard_dqn,810,102.0500778208673,30.66766833513975,71.38240959897637,1.725293583329767,19894.069865989684,782.6328505128622,0.0,30.55,0.0,0.75,0.0,0.19227258563041688,0.0,0.0,0.0,0.21796875,0.78203125
link_limited,standard_dqn,811,104.2248809503019,32.188377036899325,72.03650388732552,1.7025359529536217,19876.34389896393,523.9521484971046,0.0,30.55,0.0,1.0,0.0,0.19200242832303047,0.0,0.0,0.0,0.046875,0.953125
link_limited,standard_dqn,812,99.57528724677861,31.44441277086735,68.1308744867146,1.7001730461139233,19897.053559684755,650.7996848016977,0.0,29.5,0.0,0.9,0.0,0.19385460242629052,0.0,0.0,0.0,0.14296875,0.85703125
link_limited,standard_dqn,813,102.40889412470162,31.495764824002983,70.91312932901084,1.7130743382964284,19956.21035900116,698.1898582756519,0.0,30.45,0.0,1.3,0.0,0.19325593188405038,0.0,0.0,0.0,0.16171875,0.83828125
link_limited,standard_dqn,814,101.96223226062953,31.37232697866857,70.5899052797258,1.7126171193551272,19996.748395729064,783.3791686296463,0.0,30.25,0.0,0.85,0.0,0.19201083481311798,0.0,0.0,0.00234375,0.2203125,0.77734375
link_limited,standard_dqn,815,103.49042123705149,32.997657562233506,70.49276372119785,1.708863067952916,20141.04297981262,517.5049473192543,0.0,30.55,0.0,0.5,0.0,0.19292430207133293,0.0,0.0,0.0328125,0.0421875,0.925
link_limited,standard_dqn,816,99.2405353499949,30.867068929225205,68.3734663708508,1.719881851412356,19929.933873844147,788.5831871017814,0.0,29.45,0.0,0.85,0.0,0.19214790612459182,0.0,0.0,0.02265625,0.22578125,0.7515625
link_limited,standard_dqn,817,102.65405878916383,31.902905343845486,70.75115339577198,1.7053566265385598,19950.922707366943,591.8320757940412,0.0,30.4,0.0,0.6,0.0,0.19319644421339036,0.0,0.0,0.0046875,0.0921875,0.903125
link_limited,standard_dqn,818,101.71283644467593,31.60238803550601,70.11044834807515,1.6820287483744323,19522.11750164032,565.267941339314,0.0,29.8,0.0,0.75,0.0,0.19305351227521897,0.0,0.0,0.00234375,0.0875,0.91015625
link_limited,standard_dqn,819,100.26340365819632,32.160220003686845,68.10318365246057,1.6887497821822763,19711.63360929489,519.8728522002697,0.0,29.75,0.0,0.7,0.0,0.19291949048638343,0.0,0.0,0.0,0.04609375,0.95390625
nominal,centered_full_action_dqn_exact,800,77.25185512438416,27.7411843046546,49.510670897960665,1.4682554427068681,15810.398146343232,901.5372635699808,0.0,23.45,0.0,1.35,0.0,0.19192990362644197,0.0,0.0,0.0015625,0.3046875,0.69375
nominal,centered_full_action_dqn_exact,801,78.9088074105233,28.77320588901639,50.135601473450656,1.4859938133507966,16219.661285018921,756.5995657622814,0.0,23.7,0.0,1.25,0.0,0.19268070310354232,0.0,0.0,0.00078125,0.21484375,0.784375
nominal,centered_full_action_dqn_exact,802,78.01332706838846,28.11721028573811,49.89611690148711,1.4860604614950716,16210.87391061783,984.2191298753023,0.0,23.35,0.0,1.45,0.0,0.19062386229634284,0.0,0.0,0.0,0.34921875,0.65078125
nominal,centered_full_action_dqn_exact,803,75.35915019258857,27.468898333981635,47.89025189101696,1.4617237199097872,15665.788292312622,891.8707656145095,0.0,22.75,0.0,0.8,0.0,0.19201093912124634,0.0,0.0,0.0,0.3046875,0.6953125
nominal,centered_full_action_dqn_exact,804,76.4011650147289,28.062479021027684,48.338685956448316,1.4705074705183505,15867.514531326295,798.3447942502796,0.0,23.3,0.0,1.3,0.0,0.19290023520588875,0.0,0.0,0.00234375,0.24296875,0.7546875
nominal,centered_full_action_dqn_exact,805,78.01120030514896,28.313413951173423,49.697786279469724,1.4987273624166846,16337.917092323303,972.8382892280817,0.0,23.55,0.0,1.65,0.0,0.1904309667646885,0.0,0.0,0.0015625,0.32421875,0.67421875
nominal,centered_full_action_dqn_exact,806,78.52125078111888,28.17062448710203,50.35062623143196,1.4842290190979839,16122.305619621276,993.5566895574332,0.0,23.7,0.0,1.5,0.0,0.1917778104543686,0.0,0.0,0.00078125,0.34140625,0.6578125
nominal,centered_full_action_dqn_exact,807,80.40230668723584,29.13622621446848,51.26608042284846,1.488351268460974,16199.416123867035,695.6303022295236,0.0,24.05,0.0,0.9,0.0,0.19236071035265923,0.0,0.0,0.0,0.1703125,0.8296875
nominal,centered_full_action_dqn_exact,808,79.21951768428087,28.594424077309668,50.62509362354875,1.480840057367459,16059.318428516388,794.5832076758146,0.0,24.05,0.0,1.05,0.0,0.19237195923924447,0.0,0.0,0.0,0.22265625,0.77734375
nominal,centered_full_action_dqn_exact,809,81.2651273151487,28.363209491595626,52.90191779896617,1.4968917957972736,16347.025464344024,995.394108775258,0.0,24.65,0.0,1.65,0.0,0.19066757336258888,0.0,0.0,0.0,0.34609375,0.65390625
nominal,centered_full_action_dqn_exact,810,74.42247374981642,27.017534844204782,47.40493885606527,1.4739284699782729,15796.663734054566,1044.1559115722775,0.0,23.25,0.0,1.2,0.0,0.19124685004353523,0.0,0.0,0.003125,0.3796875,0.6171875
nominal,centered_full_action_dqn_exact,811,79.14775791950524,28.42071869261563,50.72703936882317,1.4815640258602798,16066.269506168366,837.4974863380194,0.0,24.2,0.0,1.65,0.0,0.1912330262362957,0.0,0.0,0.0,0.253125,0.746875
nominal,centered_full_action_dqn_exact,812,75.22154981441795,27.608005445823075,47.6135443983972,1.4856859037652612,16181.567223072052,1109.9633459717036,0.0,22.55,0.0,1.9,0.0,0.1916298560798168,0.0,0.0,0.0,0.4140625,0.5859375
nominal,centered_full_action_dqn_exact,813,77.69517650730907,28.320491240918635,49.374685338661074,1.4863755024503917,16175.583526039123,909.1293452501297,0.0,23.85,0.0,1.4,0.0,0.19133980050683022,0.0,0.0,0.00078125,0.30625,0.69296875
nominal,centered_full_action_dqn_exact,814,77.85512629419566,28.217410446330906,49.637715882509944,1.4873727872036397,16280.281788825989,1055.0173828214406,0.0,23.25,0.0,1.4,0.0,0.1919008530676365,0.0,0.0,0.01328125,0.38828125,0.5984375
nominal,centered_full_action_dqn_exact,815,78.34889295574278,27.897411624528466,50.45148128688335,1.4823632004205138,16083.479790973663,925.264131078124,0.0,23.5,0.0,0.8,0.0,0.19287444427609443,0.0,0.0,0.00078125,0.3140625,0.68515625
nominal,centered_full_action_dqn_exact,816,74.15171079970897,27.488235341385007,46.663475283235314,1.4605129204690457,15709.093552017212,905.9724681049586,0.0,22.6,0.0,0.95,0.0,0.19127045348286628,0.0,0.0,0.0,0.3109375,0.6890625
nominal,centered_full_action_dqn_exact,817,77.8425140335411,28.347474003210664,49.49503997221589,1.4779422824736685,16130.801193714142,881.0278143048287,0.0,23.6,0.0,1.3,0.0,0.19125127121806146,0.0,0.0,0.0,0.29140625,0.70859375
nominal,centered_full_action_dqn_exact,818,77.69493287943304,27.680690809711813,50.01424226082862,1.476474193064496,15966.89584569931,992.0800234556198,0.0,23.8,0.0,1.45,0.0,0.19142053574323653,0.0,0.0,0.0,0.3609375,0.6390625
nominal,centered_full_action_dqn_exact,819,77.48816717013717,28.873381906747817,48.61478527642787,1.4765850720927118,16148.88134098053,765.559069147706,0.0,22.85,0.0,0.95,0.0,0.19242409914731978,0.0,0.0,0.0,0.2234375,0.7765625
nominal,centered_full_action_dqn_preview_0p85,800,77.11927753150464,27.45219633281231,49.667081221789125,1.4702298758085817,15772.535474014283,969.0881427079439,0.0,23.5,0.0,1.45,0.0,0.19192990362644197,0.0,0.0,0.0,0.33515625,0.66484375
nominal,centered_full_action_dqn_preview_0p85,801,79.28137239545585,28.73091835863888,50.55045412808657,1.4891263272613287,16197.58224773407,773.0872182428836,0.0,23.9,0.0,1.35,0.0,0.19220687672495843,0.0,0.0,0.0,0.21640625,0.78359375
nominal,centered_full_action_dqn_preview_0p85,802,78.10553614087402,28.3589934527874,49.746542701963335,1.4828113396652043,16217.9496134758,928.1810509473086,0.0,23.2,0.0,1.35,0.0,0.19062342420220374,0.0,0.0,0.0,0.321875,0.678125
nominal,centered_full_action_dqn_preview_0p85,803,75.46902960248292,27.578907437995078,47.890122147351505,1.461045795911923,15664.064866065979,867.6580623418092,0.0,22.75,0.0,0.85,0.0,0.19228143692016603,0.0,0.0,0.0,0.28984375,0.71015625
nominal,centered_full_action_dqn_preview_0p85,804,77.23264123655856,28.51587194055319,48.71676926881075,1.472586256871,15964.134455299378,735.508081895113,0.0,23.4,0.0,1.2,0.0,0.19290023520588875,0.0,0.0,0.0,0.20703125,0.79296875
nominal,centered_full_action_dqn_preview_0p85,805,78.27125835545361,28.27745474949479,49.99380349084735,1.506525609223172,16537.02266635895,1048.0927603162825,0.0,23.5,0.0,1.75,0.0,0.1904309667646885,0.0,0.0,0.00234375,0.378125,0.61953125
nominal,centered_full_action_dqn_preview_0p85,806,78.65176505208015,28.387333351001143,50.26443158224225,1.4830464360304176,16132.557543087005,932.2927909821271,0.0,23.7,0.0,1.3,0.0,0.19115734621882438,0.0,0.0,0.0,0.30859375,0.69140625
nominal,centered_full_action_dqn_preview_0p85,807,79.25117167882621,28.649456791952254,50.601714737862345,1.4803607968147845,16086.272820854187,785.2006379306316,0.0,23.9,0.0,1.1,0.0,0.19271523058414458,0.0,0.0,0.0,0.22734375,0.77265625
nominal,centered_full_action_dqn_preview_0p85,808,80.00317704766988,28.893040756322442,51.110136327296495,1.4840807436034082,16159.86008424759,753.2660942703485,0.0,24.3,0.0,0.95,0.0,0.19237195923924447,0.0,0.0,0.0,0.2015625,0.7984375
nominal,centered_full_action_dqn_preview_0p85,809,81.68645014956594,28.7553804282099,52.931069748550655,1.4922157476190478,16338.376721286773,880.7046085625886,0.0,24.75,0.0,1.5,0.0,0.19230415523052216,0.0,0.0,0.0,0.28515625,0.71484375
nominal,centered_full_action_dqn_preview_0p85,810,75.23237647481264,27.498509580641986,47.73386692732573,1.4747471229638904,15978.905661773682,1025.2648146495224,0.0,23.2,0.0,1.15,0.0,0.19167643263936043,0.0,0.0,0.02890625,0.37890625,0.5921875
nominal,centered_full_action_dqn_preview_0p85,811,81.31094940103591,29.12811583839357,52.18283363565803,1.494351192843169,16167.351618671417,687.008717250824,0.0,24.8,0.0,1.35,0.0,0.19103515669703483,0.0,0.0,0.0,0.15234375,0.84765625
nominal,centered_full_action_dqn_preview_0p85,812,74.76486822895706,27.71865123398602,47.04621692791581,1.4788332477211952,16067.01440973282,1004.6777256697417,0.0,22.5,0.0,1.75,0.0,0.19224330335855483,0.0,0.0,0.0,0.35859375,0.64140625
nominal,centered_full_action_dqn_preview_0p85,813,77.57287855796515,28.315001187846065,49.25787745468318,1.484245355706662,16143.697959804535,893.7983661651612,0.0,23.8,0.0,1.35,0.0,0.19133980050683022,0.0,0.0,0.0,0.296875,0.703125
nominal,centered_full_action_dqn_preview_0p85,814,78.0968510106951,28.486122978106142,49.61072807878256,1.4844169614836573,16304.401225948333,1009.2967082072049,0.0,23.2,0.0,1.3,0.0,0.19197046682238578,0.0,0.0,0.02109375,0.36328125,0.615625
nominal,centered_full_action_dqn_preview_0p85,815,78.02825105063617,27.774788335338236,50.253462649732825,1.4847205676138402,16107.124265098571,976.8519008431583,0.0,23.4,0.0,0.9,0.0,0.1920544259250164,0.0,0.0,0.00703125,0.34375,0.64921875
nominal,centered_full_action_dqn_preview_0p85,816,74.31693737320602,27.630957636609672,46.68597964346409,1.4603294342756272,15674.352563667297,867.2638800919055,0.0,22.55,0.0,0.9,0.0,0.19172897338867187,0.0,0.0,0.0,0.28125,0.71875
nominal,centered_full_action_dqn_preview_0p85,817,77.59544195383788,28.13288007862866,49.46256178766489,1.4811055777128785,16156.645602512359,929.3969288930297,0.0,23.55,0.0,1.35,0.0,0.19111417084932328,0.0,0.0,0.0015625,0.31796875,0.68046875
nominal,centered_full_action_dqn_preview_0p85,818,77.83754363071174,27.915916757099332,49.92162704460323,1.4735721210949122,15988.547586345672,958.8813613429666,0.0,23.7,0.0,1.5,0.0,0.19136463329195977,0.0,0.0,0.00234375,0.34765625,0.65
nominal,centered_full_action_dqn_preview_0p85,819,77.85394588038325,29.033069719932975,48.820876160264014,1.479651038860902,16147.930863189697,735.1587091118097,0.0,22.9,0.0,0.9,0.0,0.19242409914731978,0.0,0.0,0.0,0.19609375,0.80390625
nominal,centered_full_action_dqn_preview_1p15,800,77.1255316542834,27.630953730642794,49.494577909857036,1.46915891058743,15799.438027381897,934.019250742346,0.0,23.45,0.0,1.45,0.0,0.1919506959617138,0.0,0.0,0.0015625,0.32109375,0.67734375
nominal,centered_full_action_dqn_preview_1p15,801,78.77252603739501,28.724180902168154,50.04834512889385,1.4856811365578324,16247.921588897705,776.9331363677978,0.0,23.8,0.0,1.1,0.0,0.19209709241986275,0.0,0.0,0.0,0.23359375,0.76640625
nominal,centered_full_action_dqn_preview_1p15,802,78.14484998740257,28.233378296718,49.911471663489934,1.4922107026912272,16400.00435619354,1016.7987173318863,0.0,23.25,0.0,1.5,0.0,0.19062386229634284,0.0,0.0,0.0,0.38046875,0.61953125
nominal,centered_full_action_dqn_preview_1p15,803,75.28155774593354,27.42695929184556,47.85459848314524,1.4619106345344335,15656.327808189391,900.3449241131544,0.0,22.7,0.0,0.85,0.0,0.19213239401578902,0.0,0.0,0.0,0.30859375,0.69140625
nominal,centered_full_action_dqn_preview_1p15,804,76.19658355779947,27.971494349837304,48.22508922472596,1.4690130333416165,15810.192149162292,804.0098650664091,0.0,23.4,0.0,1.35,0.0,0.19290023520588875,0.0,0.0,0.0,0.2421875,0.7578125
nominal,centered_full_action_dqn_preview_1p15,805,78.53168203242123,28.396353447064758,50.13532853879035,1.5030781803652644,16456.394718265532,1025.5692589133978,0.0,23.6,0.0,1.65,0.0,0.19050010815262794,0.0,0.0,0.01328125,0.36015625,0.6265625
nominal,centered_full_action_dqn_preview_1p15,806,78.6044079155475,28.078602793440222,50.52580514743924,1.4862991841509938,16113.60554113388,1021.9524237066507,0.0,23.7,0.0,1.5,0.0,0.19138013869524,0.0,0.0,0.0,0.3546875,0.6453125
nominal,centered_full_action_dqn_preview_1p15,807,80.00841530434788,29.036943897232412,50.971471301317216,1.4846430497709662,16192.501653957366,717.1569943875074,0.0,23.95,0.0,0.95,0.0,0.19232528731226922,0.0,0.0,0.0,0.18984375,0.81015625
nominal,centered_full_action_dqn_preview_1p15,808,78.20367536000907,27.88664458207786,50.31703081667423,1.4931936231441796,16228.718369293212,1056.1068054541945,0.0,23.8,0.0,1.5,0.0,0.19162835106253623,0.0,0.0,0.0171875,0.378125,0.6046875
nominal,centered_full_action_dqn_preview_1p15,809,80.99615928493441,28.33383775688708,52.66232151016593,1.4908135191071779,16205.279499053955,956.6845746725797,0.0,24.45,0.0,1.75,0.0,0.1920953206717968,0.0,0.0,0.0,0.31875,0.68125
nominal,centered_full_action_dqn_preview_1p15,810,74.85921960234643,27.14419136941433,47.715028190463784,1.4750017238780857,15845.197053050995,1052.2494798853993,0.0,23.25,0.0,1.2,0.0,0.19110961481928826,0.0,0.0,0.01328125,0.38671875,0.6
nominal,centered_full_action_dqn_preview_1p15,811,79.25529607519508,28.48061461262405,50.77468141004444,1.4816769150085747,16089.968531513214,824.4946302682162,0.0,24.35,0.0,1.55,0.0,0.19096107184886932,0.0,0.0,0.0,0.25078125,0.74921875
nominal,centered_full_action_dqn_preview_1p15,812,74.72524339839816,27.668009942397475,47.05723344147205,1.4824726192746311,16153.35245332718,1068.2643971651792,0.0,22.45,0.0,1.8,0.0,0.1920882284641266,0.0,0.0,0.0,0.3953125,0.6046875
nominal,centered_full_action_dqn_preview_1p15,813,77.18507251508535,27.942690283432604,49.24238233707845,1.4870649947784842,16075.955596351623,966.5506773449481,0.0,23.75,0.0,1.5,0.0,0.1909714326262474,0.0,0.0,0.003125,0.32890625,0.66796875
nominal,centered_full_action_dqn_preview_1p15,814,77.23429361321033,27.866157463938,49.36813620179892,1.479304082179442,16032.103467082978,1028.4508540846407,0.0,23.3,0.0,1.25,0.0,0.19202678874135018,0.0,0.0,0.00390625,0.36015625,0.6359375
nominal,centered_full_action_dqn_preview_1p15,815,78.32937228314579,27.79872615300119,50.53064597517252,1.4883108427748084,16310.991957950591,1083.7917571276425,0.0,23.5,0.0,1.05,0.0,0.19287444427609443,0.0,0.0,0.0,0.41953125,0.58046875
nominal,centered_full_action_dqn_preview_1p15,816,74.11292767696082,27.1846352301538,46.92829240098596,1.4638868673704564,15731.424421215057,993.0338242411614,0.0,22.45,0.0,1.2,0.0,0.1906631827354431,0.0,0.0,0.0,0.36171875,0.63828125
nominal,centered_full_action_dqn_preview_1p15,817,77.96278753243386,28.528795086592435,49.43399230465293,1.4799385036341846,16182.69045381546,869.0809217728674,0.0,23.55,0.0,1.25,0.0,0.19151063412427902,0.0,0.0,0.0140625,0.28203125,0.70390625
nominal,centered_full_action_dqn_preview_1p15,818,77.84692234363408,28.088162136264145,49.7587604547292,1.470410779537633,15917.2623213768,879.0533572196961,0.0,23.7,0.0,1.3,0.0,0.19130750074982644,0.0,0.0,0.0,0.2984375,0.7015625
nominal,centered_full_action_dqn_preview_1p15,819,77.75344243235887,28.86903432775289,48.88440810404718,1.4780838258564473,16149.723502254486,774.0823256343604,0.0,22.9,0.0,0.95,0.0,0.19235188588500024,0.0,0.0,0.0,0.22578125,0.77421875
nominal,standard_dqn,800,77.29807608149946,27.494062585011125,49.80401345662773,1.4734710174612702,15858.65640258789,977.2656061500311,0.0,23.55,0.0,1.4,0.0,0.1916680082678795,0.0,0.0,0.0,0.34765625,0.65234375
nominal,standard_dqn,801,79.76664851345122,29.002376149594784,50.764272313565016,1.4899084586650133,16277.126272964477,719.3064850628376,0.0,24.1,0.0,1.1,0.0,0.19310179874300956,0.0,0.0,0.0,0.1890625,0.8109375
nominal,standard_dqn,802,78.29987280316651,28.424468102678656,49.87540467962622,1.4880950637161732,16306.028819370269,920.899780870974,0.0,23.25,0.0,1.2,0.0,0.1906548783183098,0.0,0.0,0.01015625,0.31953125,0.6703125
nominal,standard_dqn,803,75.72889950394631,27.833575862273573,47.895323621183636,1.4625634180381895,15726.828080749512,831.0681307457387,0.0,22.85,0.0,0.8,0.0,0.19290004447102546,0.0,0.0,0.00703125,0.271875,0.72109375
nominal,standard_dqn,804,77.61973749265074,28.512402921169997,49.10733443811536,1.4757813783828169,15971.220034122467,733.7495296895504,0.0,23.6,0.0,1.25,0.0,0.19259915575385095,0.0,0.0,0.0015625,0.20234375,0.79609375
nominal,standard_dqn,805,78.78940954260528,28.86685304157436,49.92255643360316,1.4953421897720545,16342.771356391906,870.8027156464756,0.0,23.6,0.0,1.5,0.0,0.19086370766162872,0.0,0.0,0.009375,0.26640625,0.72421875
nominal,standard_dqn,806,79.08225634798407,28.973649270460008,50.10860698327422,1.4836692672688514,16223.10333814621,829.6099385365844,0.0,23.5,0.0,1.2,0.0,0.19242013916373252,0.0,0.0,0.0140625,0.25234375,0.73359375
nominal,standard_dqn,807,80.3832605714351,29.169186743721365,51.21407371670008,1.487120098154992,16222.083222484589,703.1738913297653,0.0,24.0,0.0,1.0,0.0,0.19283272624015807,0.0,0.0,0.0,0.178125,0.821875
nominal,standard_dqn,808,80.26747271567584,28.996875670552253,51.27059718593955,1.4906637950800359,16253.471737289428,835.8601889126003,0.0,24.3,0.0,1.2,0.0,0.1917292967438698,0.0,0.0,0.034375,0.2375,0.728125
nominal,standard_dqn,809,81.08070160113274,28.39670588374138,52.683995737880466,1.4907988745719194,16228.894790935516,946.2389553576708,0.0,24.6,0.0,1.75,0.0,0.1920953206717968,0.0,0.0,0.0,0.3140625,0.6859375
nominal,standard_dqn,810,75.62964850462973,26.86433438062668,48.76531407780945,1.4812449976801871,15869.126160621643,1130.6511726081371,0.0,23.6,0.0,1.45,0.0,0.19124685004353523,0.0,0.0,0.0,0.42734375,0.57265625
nominal,standard_dqn,811,80.10420404337347,28.783845801651477,51.32035836316645,1.4873959442134947,16116.414775562287,756.555924141407,0.0,24.45,0.0,1.55,0.0,0.1912330262362957,0.0,0.0,0.0,0.2015625,0.7984375
nominal,standard_dqn,812,75.02579580925405,27.863599470630287,47.16219620451331,1.475626925099641,16054.663831233978,999.0051007181406,0.0,22.55,0.0,1.7,0.0,0.19255728870630265,0.0,0.0,0.0,0.35625,0.64375
nominal,standard_dqn,813,77.84965306133032,28.096774812042714,49.752878335341805,1.4903148777782917,16190.05846157074,982.7406237185002,0.0,23.8,0.0,1.5,0.0,0.19142150655388832,0.0,0.0,0.0,0.34140625,0.65859375
nominal,standard_dqn,814,78.36301472753287,27.84970379769802,50.51331086277962,1.4908440649975092,16270.761961364746,1139.8664142400025,0.0,23.5,0.0,1.4,0.0,0.19139211252331734,0.0,0.0,0.0,0.434375,0.565625
nominal,standard_dqn,815,81.34936801712959,29.246430672332643,52.102937264144416,1.4944425988011063,16252.519049263,706.6076161053031,0.0,24.15,0.0,0.7,0.0,0.19248755499720574,0.0,0.0,0.009375,0.165625,0.825
nominal,standard_dqn,816,75.17457325622439,26.975840162485838,48.198733083307744,1.4908405947964638,16068.518767929078,1149.7101396679877,0.0,22.7,0.0,1.45,0.0,0.19139884933829307,0.0,0.0,0.003125,0.44296875,0.55390625
nominal,standard_dqn,817,78.41849230334164,28.494197959825396,49.92429426714778,1.4812731401529162,16122.814036464692,825.1187977731228,0.0,23.75,0.0,1.1,0.0,0.19133182913064956,0.0,0.0,0.0,0.2484375,0.7515625
nominal,standard_dqn,818,77.98666669931262,28.446050375886262,49.540616472437975,1.469418095657602,15934.413437652587,784.9724230229855,0.0,23.75,0.0,1.15,0.0,0.1920064315199852,0.0,0.0,0.0,0.24453125,0.75546875
nominal,standard_dqn,819,78.37210430115462,29.088821945525705,49.283282348737124,1.4813862194772809,16191.440590953827,722.790012294054,0.0,23.05,0.0,0.8,0.0,0.19215555638074874,0.0,0.0,0.0,0.1921875,0.8078125
thermal_stress,centered_full_action_dqn_exact,800,97.36326758891344,31.48397505916655,65.8792925606668,1.5714632879011332,17657.717207813264,973.2043408252299,0.0,28.85,0.0,1.3,0.0,0.36392987668514254,0.0,0.0,0.003125,0.2953125,0.7015625
thermal_stress,centered_full_action_dqn_exact,801,98.99414568647742,32.618869858980176,66.3752758975327,1.590985934343189,18175.07936859131,837.6023746132851,0.0,29.0,0.0,1.4,0.0,0.3641101136803627,0.0,0.0,0.00234375,0.21953125,0.778125
thermal_stress,centered_full_action_dqn_exact,802,96.70972492523491,31.730711909383537,64.97901296146213,1.5858008625917137,17969.839805793763,1050.4281309008597,0.0,28.65,0.0,1.45,0.0,0.3623102203011513,0.0,0.0,0.0,0.334375,0.665625
thermal_stress,centered_full_action_dqn_exact,803,93.8548268147558,31.012162141501904,62.84266465425492,1.5612884595524519,17428.124183273314,962.7208010792732,0.0,28.1,0.0,0.85,0.0,0.3640109196305275,0.0,0.0,0.0,0.29375,0.70625
thermal_stress,centered_full_action_dqn_exact,804,96.9179832278192,31.51528231203556,65.40270091578364,1.5736993900500238,17672.459106445312,924.3821306809783,0.0,29.15,0.0,1.5,0.0,0.3649002119898796,0.0,0.0,0.00390625,0.25859375,0.7375
thermal_stress,centered_full_action_dqn_exact,805,98.24293005719781,32.33201482705772,65.91091512843965,1.6043435246217996,18291.515690803528,1028.8898833692074,0.0,28.85,0.0,1.65,0.0,0.36243094354867933,0.0,0.0,0.003125,0.309375,0.6875
thermal_stress,centered_full_action_dqn_exact,806,97.46554560102523,31.94220027178526,65.52334530204534,1.585203792201355,17933.161851215362,1070.3972131162882,0.0,28.5,0.0,1.55,0.0,0.36377778798341753,0.0,0.0,0.0015625,0.33203125,0.66640625
thermal_stress,centered_full_action_dqn_exact,807,97.89029781058431,32.5641574665904,65.32614038869738,1.5849190971814096,17937.03844690323,787.7113588035106,0.0,28.55,0.0,1.0,0.0,0.3643606826663017,0.0,0.0,0.0,0.17734375,0.82265625
thermal_stress,centered_full_action_dqn_exact,808,98.6445618160069,32.26357586532831,66.3809859380126,1.5816772261634469,17939.02473640442,874.2718604117632,0.0,29.1,0.0,1.1,0.0,0.36460976749658586,0.0,0.0,0.0,0.2265625,0.7734375
thermal_stress,centered_full_action_dqn_exact,809,101.01829677611589,32.381635478138925,68.63666137993336,1.5986152566038072,18239.734866523744,1047.4341222137214,0.0,29.9,0.0,1.55,0.0,0.3633797109127045,0.0,0.0,0.0,0.3265625,0.6734375
thermal_stress,centered_full_action_dqn_exact,810,95.41015540756285,30.72887519299984,64.6812801862508,1.5755492236930877,17625.963219356538,1122.396870699525,0.0,28.3,0.0,1.2,0.0,0.36324682682752607,0.0,0.0,0.0046875,0.37265625,0.62265625
thermal_stress,centered_full_action_dqn_exact,811,99.56868916720153,32.25389451570809,67.31479467645288,1.5887705189641566,18014.573283672333,928.5178751021624,0.0,29.35,0.0,1.65,0.0,0.36296104788780215,0.0,0.0,0.0,0.25625,0.74375
thermal_stress,centered_full_action_dqn_exact,812,94.12362102001904,31.30404755100608,62.81957346826791,1.5816051436122507,17960.56242837906,1147.9261752694845,0.0,28.0,0.0,1.8,0.0,0.36311209201812744,0.0,0.0,0.0,0.39453125,0.60546875
thermal_stress,centered_full_action_dqn_exact,813,98.36326436191797,31.971534292027354,66.39173023603857,1.590196155384183,18030.89179573059,1014.4796811282635,0.0,29.2,0.0,1.4,0.0,0.36333977729082106,0.0,0.0,0.003125,0.3125,0.684375
thermal_stress,centered_full_action_dqn_exact,814,96.60806345537306,31.95838158726692,64.64968179918826,1.5867848223540932,18061.92172870636,1116.5907374434173,0.0,28.65,0.0,1.5,0.0,0.36390082985162736,0.0,0.0,0.01796875,0.3671875,0.61484375
thermal_stress,centered_full_action_dqn_exact,815,97.355530936718,31.446903413534166,65.90862729147076,1.584607135457918,17896.92242298126,1018.1706483364105,0.0,28.9,0.0,0.75,0.0,0.3644875302910805,0.0,0.0,0.0,0.3109375,0.6890625
thermal_stress,centered_full_action_dqn_exact,816,93.38491288945079,31.038506450876593,62.34640653580427,1.5596525331959128,17475.077705574036,976.1188234895468,0.0,27.75,0.0,0.95,0.0,0.3632458433508873,0.0,0.0,0.0,0.2984375,0.7015625
thermal_stress,centered_full_action_dqn_exact,817,96.57493409223855,31.81833016164601,64.756603936553,1.5748733647167683,17853.520221233368,954.8272038370371,0.0,28.45,0.0,1.3,0.0,0.3632512465119362,0.0,0.0,0.0,0.28046875,0.71953125
thermal_stress,centered_full_action_dqn_exact,818,97.89499797590078,31.486840019747614,66.4081580697745,1.5813811412546783,17834.679977703094,1060.7670149087905,0.0,28.95,0.0,1.4,0.0,0.36298285871744157,0.0,0.0,0.0,0.346875,0.653125
thermal_stress,centered_full_action_dqn_exact,819,95.68984532266856,32.45284232739359,63.237002924308186,1.5750913044903427,17938.610097122193,836.2415081262589,0.0,28.0,0.0,0.95,0.0,0.36442407220602036,0.0,0.0,0.0,0.221875,0.778125
thermal_stress,centered_full_action_dqn_preview_0p85,800,97.25855333387852,31.288245908915997,65.97030745774506,1.5741241983138026,17665.4060379982,1042.6311757415533,0.0,28.85,0.0,1.45,0.0,0.36395066827535627,0.0,0.0,0.0,0.32578125,0.67421875
thermal_stress,centered_full_action_dqn_preview_0p85,801,99.04584581770004,32.51809981130064,66.52774597138168,1.5925133432727308,18128.229516220094,849.767404422164,0.0,29.2,0.0,1.3,0.0,0.3641101136803627,0.0,0.0,0.0,0.22109375,0.77890625
thermal_stress,centered_full_action_dqn_preview_0p85,802,96.87765722557903,32.09564849510789,64.78200872637332,1.5827149585355074,18012.583376216888,974.0932332873344,0.0,28.65,0.0,1.4,0.0,0.3623102203011513,0.0,0.0,0.0,0.30234375,0.69765625
thermal_stress,centered_full_action_dqn_preview_0p85,803,93.9018201996386,31.175911569967866,62.7259086419642,1.5600309718865901,17434.170676612855,928.2602034538984,0.0,28.15,0.0,0.75,0.0,0.3647520214319229,0.0,0.0,0.0,0.27421875,0.72578125
thermal_stress,centered_full_action_dqn_preview_0p85,804,97.29907521426678,31.904202047362922,65.39487317696214,1.5740345711819828,17754.762712287902,858.8911583393813,0.0,29.1,0.0,1.3,0.0,0.3649002119898796,0.0,0.0,0.0,0.2265625,0.7734375
thermal_stress,centered_full_action_dqn_preview_0p85,805,98.29408467784523,32.262529050186274,66.0315554715693,1.610133530944586,18441.58612976074,1099.9487497366965,0.0,28.85,0.0,1.7,0.0,0.36243094354867933,0.0,0.0,0.00546875,0.35703125,0.6375
thermal_stress,centered_full_action_dqn_preview_0p85,806,97.41242540977895,32.005647376179695,65.40677789017558,1.584402601281181,17909.423635196687,1029.1262779742478,0.0,28.45,0.0,1.4,0.0,0.36315732449293137,0.0,0.0,0.0,0.30625,0.69375
thermal_stress,centered_full_action_dqn_preview_0p85,807,97.36136134251953,32.21195975728333,65.1494016750157,1.5792442577891053,17858.160742378233,862.7894634336233,0.0,28.55,0.0,1.15,0.0,0.3647152051329613,0.0,0.0,0.0,0.22265625,0.77734375
thermal_stress,centered_full_action_dqn_preview_0p85,808,99.154723367244,32.440336775034666,66.71438661232591,1.5838527326937766,17985.414876270293,832.028875258565,0.0,29.15,0.0,1.0,0.0,0.36460976749658586,0.0,0.0,0.0,0.20546875,0.79453125
thermal_stress,centered_full_action_dqn_preview_0p85,809,101.20972027145326,32.570093386247756,68.63962702006101,1.5959307917393744,18223.96447658539,961.3706021398306,0.0,29.9,0.0,1.45,0.0,0.36389835774898527,0.0,0.0,0.0,0.2828125,0.7171875
thermal_stress,centered_full_action_dqn_preview_0p85,810,95.72765954472125,31.040616529807448,64.68704298324883,1.5758189690299331,17733.02539815903,1097.5462997615336,0.0,28.35,0.0,1.05,0.0,0.3631095916032791,0.0,0.0,0.025,0.36484375,0.61015625
thermal_stress,centered_full_action_dqn_preview_0p85,811,100.74952631250025,32.84663642831147,67.90288984134793,1.598345870524645,18099.625568675994,789.3767606407404,0.0,29.55,0.0,1.4,0.0,0.3630351319909096,0.0,0.0,0.0,0.16796875,0.83203125
thermal_stress,centered_full_action_dqn_preview_0p85,812,93.66692951448262,31.279290365427734,62.38763915836811,1.5763414999470116,17855.852652263642,1077.2897555977106,0.0,27.95,0.0,1.7,0.0,0.36387901157140734,0.0,0.0,0.0,0.35546875,0.64453125
thermal_stress,centered_full_action_dqn_preview_0p85,813,98.18037083871663,32.00317012108862,66.1772006919235,1.5878878558054565,18016.8889878273,991.7484944112599,0.0,29.1,0.0,1.3,0.0,0.3629714086651802,0.0,0.0,0.00078125,0.3015625,0.69765625
thermal_stress,centered_full_action_dqn_preview_0p85,814,96.64375504806637,32.14557126425207,64.49818386279046,1.5835912275593729,18073.233103847502,1076.820343684405,0.0,28.55,0.0,1.25,0.0,0.36397044360637665,0.0,0.0,0.02578125,0.34453125,0.6296875
thermal_stress,centered_full_action_dqn_preview_0p85,815,97.24467979170382,31.668929163739087,65.57575064137578,1.5839373315684497,17979.69236688614,1028.5658643390984,0.0,28.95,0.0,0.85,0.0,0.36394545882940293,0.0,0.0,0.00703125,0.32421875,0.66875
thermal_stress,centered_full_action_dqn_preview_0p85,816,93.15481249988079,31.065394262224437,62.08941829428077,1.5588824928272516,17431.286924934386,957.4249757826328,0.0,27.55,0.0,0.9,0.0,0.3640505239367485,0.0,0.0,0.0,0.28203125,0.71796875
thermal_stress,centered_full_action_dqn_preview_0p85,817,96.47711055286229,31.677654387801887,64.79945606261492,1.578243522485718,17890.450551700593,990.9813867740334,0.0,28.5,0.0,1.35,0.0,0.3635580033063889,0.0,0.0,0.0046875,0.30234375,0.69296875
thermal_stress,centered_full_action_dqn_preview_0p85,818,97.98509801618755,31.74034248627722,66.24475567407906,1.5765837104525418,17831.01274700165,1011.625207028538,0.0,28.95,0.0,1.35,0.0,0.3633074790239334,0.0,0.0,0.00390625,0.325,0.67109375
thermal_stress,centered_full_action_dqn_preview_0p85,819,95.98862543284892,32.67712379526347,63.31150161243975,1.5769015199039131,17949.037072753905,793.7796276032925,0.0,28.2,0.0,0.9,0.0,0.36442407220602036,0.0,0.0,0.0,0.1921875,0.8078125
thermal_stress,centered_full_action_dqn_preview_1p15,800,97.14792373955251,31.387362682074308,65.7605610973388,1.5712348144501447,17637.122699546813,1006.6965896703302,0.0,28.8,0.0,1.5,0.0,0.36395066827535627,0.0,0.0,0.00234375,0.30859375,0.6890625
thermal_stress,centered_full_action_dqn_preview_1p15,801,99.00072738803922,32.61907598078251,66.38165142476558,1.5913529780693352,18201.639370536803,840.1987803906202,0.0,29.1,0.0,1.2,0.0,0.3640970677137375,0.0,0.0,0.0,0.2265625,0.7734375
thermal_stress,centered_full_action_dqn_preview_1p15,802,96.62499996736645,31.92371405623853,64.70128589697183,1.5896294033154845,18142.6038482666,1063.5461065351963,0.0,28.65,0.0,1.5,0.0,0.36251023709774016,0.0,0.0,0.0,0.35703125,0.64296875
thermal_stress,centered_full_action_dqn_preview_1p15,803,93.88574784033001,30.939598444104195,62.94614955753089,1.5616685811895876,17407.898670005798,980.8168682932853,0.0,28.25,0.0,0.8,0.0,0.3640109196305275,0.0,0.0,0.0,0.29921875,0.70078125
thermal_stress,centered_full_action_dqn_preview_1p15,804,96.95761811755598,31.562288637831806,65.39532947674394,1.574027667939663,17683.83261795044,916.560885027051,0.0,29.05,0.0,1.4,0.0,0.3645991325378418,0.0,0.0,0.0,0.25390625,0.74609375
thermal_stress,centered_full_action_dqn_preview_1p15,805,98.81184513375163,32.47638691142201,66.33545822419225,1.609261116804555,18434.033468341826,1072.894144357741,0.0,28.9,0.0,1.55,0.0,0.3625115782022476,0.0,0.0,0.0203125,0.3390625,0.640625
thermal_stress,centered_full_action_dqn_preview_1p15,806,97.71358794800938,31.77879506573081,65.93479277908803,1.5887479168362915,17881.66057062149,1114.1427988022565,0.0,28.6,0.0,1.65,0.0,0.36338011622428895,0.0,0.0,0.0,0.3421875,0.6578125
thermal_stress,centered_full_action_dqn_preview_1p15,807,97.92881837658584,32.57371196337044,65.35510641917587,1.583560130558908,17971.286867046358,802.6770818591118,0.0,28.55,0.0,1.05,0.0,0.3643252611160278,0.0,0.0,0.0,0.19140625,0.80859375
thermal_stress,centered_full_action_dqn_preview_1p15,808,98.02691617228092,31.491556713357568,66.53535953566431,1.596662688581273,18054.700527286528,1154.8781786456705,0.0,29.2,0.0,1.6,0.0,0.36437193900346754,0.0,0.0,0.01796875,0.378125,0.60390625
thermal_stress,centered_full_action_dqn_preview_1p15,809,101.16859640516341,32.47709072008729,68.691505792737,1.5977282940875739,18198.572147655486,1010.3718680351973,0.0,29.8,0.0,1.65,0.0,0.363689523935318,0.0,0.0,0.0,0.303125,0.696875
thermal_stress,centered_full_action_dqn_preview_1p15,810,95.79885274320841,30.87578656822443,64.92306621111929,1.5760149765294045,17681.12059240341,1112.4727056622505,0.0,28.45,0.0,1.2,0.0,0.3630401849746704,0.0,0.0,0.01484375,0.3703125,0.61484375
thermal_stress,centered_full_action_dqn_preview_1p15,811,99.95090476647019,32.36575529947877,67.58514954522252,1.5901707752142102,18070.23142633438,908.3096750110387,0.0,29.35,0.0,1.6,0.0,0.36293714195489885,0.0,0.0,0.0,0.25078125,0.74921875
thermal_stress,centered_full_action_dqn_preview_1p15,812,93.7788137922436,31.248016196116804,62.530797722786666,1.580160612007603,17909.04684267044,1127.760375186801,0.0,27.95,0.0,1.7,0.0,0.3629849448800087,0.0,0.0,0.0,0.38203125,0.61796875
thermal_stress,centered_full_action_dqn_preview_1p15,813,98.58578802973032,31.780843137577175,66.80494491450489,1.5914300324395299,17997.517854976653,1053.3190384566783,0.0,29.2,0.0,1.45,0.0,0.3624496623873711,0.0,0.0,0.0046875,0.32890625,0.66640625
thermal_stress,centered_full_action_dqn_preview_1p15,814,95.90502876490355,31.561083330214025,64.34394542537629,1.5786878614220767,17806.301425552367,1079.3999885477126,0.0,28.6,0.0,1.35,0.0,0.3640963777899742,0.0,0.0,0.00546875,0.334375,0.66015625
thermal_stress,centered_full_action_dqn_preview_1p15,815,97.62920389212668,31.49510458819568,66.13409928157925,1.5908798989839852,18117.457142162322,1139.8611855328083,0.0,29.0,0.0,1.05,0.0,0.36405440121889115,0.0,0.0,0.0,0.38984375,0.61015625
thermal_stress,centered_full_action_dqn_preview_1p15,816,93.55309719637037,30.732807909697293,62.820289424881345,1.5648781365714968,17517.363664913177,1080.0617957413197,0.0,27.85,0.0,1.25,0.0,0.3629436805844307,0.0,0.0,0.0,0.3546875,0.6453125
thermal_stress,centered_full_action_dqn_preview_1p15,817,96.72271849371494,32.13245599456131,64.5902624477446,1.5771305936854332,17948.716453838348,931.9774122305214,0.0,28.35,0.0,1.25,0.0,0.36367144882678987,0.0,0.0,0.01796875,0.26875,0.71328125
thermal_stress,centered_full_action_dqn_preview_1p15,818,97.88059969082475,31.85428784750402,66.02631186194718,1.5746670476160944,17788.945296764374,958.5323949635028,0.0,28.9,0.0,1.3,0.0,0.3633074790239334,0.0,0.0,0.0,0.29296875,0.70703125
thermal_stress,centered_full_action_dqn_preview_1p15,819,95.59388202600181,32.433767975308,63.16011404938996,1.5745059793349356,17917.844963169096,846.5979901611805,0.0,28.15,0.0,0.9,0.0,0.36435185968875883,0.0,0.0,0.0,0.22578125,0.77421875
thermal_stress,standard_dqn,800,97.15624292515218,31.23089508228004,65.92534788273275,1.5744119659997522,17668.830033016206,1038.019776889682,0.0,28.95,0.0,1.45,0.0,0.36392987668514254,0.0,0.0,0.0,0.32890625,0.67109375
thermal_stress,standard_dqn,801,99.60160721987486,32.8607772089541,66.74082996398211,1.5940537863876671,18230.552324676515,778.7007483750582,0.0,29.15,0.0,1.05,0.0,0.3651017740368843,0.0,0.0,0.0,0.1875,0.8125
thermal_stress,standard_dqn,802,96.60327877402305,32.07141173444688,64.53186709098517,1.5843342596199363,18056.74615793228,972.6566859766841,0.0,28.65,0.0,1.25,0.0,0.3626548573374748,0.0,0.0,0.01171875,0.30234375,0.6859375
thermal_stress,standard_dqn,803,94.26261179044843,31.349005289375782,62.913606564402585,1.5641385563649237,17517.601631736754,914.5932507961988,0.0,28.2,0.0,0.7,0.0,0.3641589194536209,0.0,0.0,0.01484375,0.2671875,0.71796875
thermal_stress,standard_dqn,804,97.56746213264763,31.94107050076127,65.62639172017575,1.5762618895620109,17786.55232477188,853.4700974434614,0.0,29.1,0.0,1.45,0.0,0.3645991325378418,0.0,0.0,0.0,0.225,0.775
thermal_stress,standard_dqn,805,98.77401113323867,32.81121167726815,65.96279933191836,1.6012173329014332,18294.54282398224,951.0394398324191,0.0,28.9,0.0,1.5,0.0,0.3626652792096138,0.0,0.0,0.00859375,0.26640625,0.725
thermal_stress,standard_dqn,806,97.90958823688328,32.75353635698557,65.15605188697576,1.5862972976174206,18062.94247570038,899.1933097504079,0.0,28.45,0.0,1.3,0.0,0.3644201159477234,0.0,0.0,0.01484375,0.2390625,0.74609375
thermal_stress,standard_dqn,807,98.23673631198704,32.72395216561854,65.5127842976153,1.5857791326474397,18016.1067902565,782.4232444047927,0.0,28.55,0.0,1.05,0.0,0.3644746854901314,0.0,0.0,0.0,0.17890625,0.82109375
thermal_stress,standard_dqn,808,99.50371399722994,32.67099375464022,66.83272019863128,1.5935249338857829,18126.018463134766,921.3691887520254,0.0,29.15,0.0,1.25,0.0,0.36372927725315096,0.0,0.0,0.04375,0.23984375,0.71640625
thermal_stress,standard_dqn,809,101.01514488413929,32.26225742548704,68.75288747355341,1.5977475761901587,18128.909074783325,1023.244851693511,0.0,29.8,0.0,1.7,0.0,0.36409529596567153,0.0,0.0,0.0,0.3015625,0.6984375
thermal_stress,standard_dqn,810,96.25774762801827,30.48921329714358,65.7685343040526,1.5824314778205006,17649.333418178558,1201.7483790159226,0.0,28.75,0.0,1.45,0.0,0.36324682682752607,0.0,0.0,0.0,0.41171875,0.58828125
thermal_stress,standard_dqn,811,99.89804450727999,32.62269137129188,67.27535307601094,1.5926637604366989,18051.997008991242,822.4290912359953,0.0,29.3,0.0,1.6,0.0,0.3630351319909096,0.0,0.0,0.0,0.19375,0.80625
thermal_stress,standard_dqn,812,93.95912352070212,31.57325660958886,62.38586699455976,1.5723207322414965,17839.877481746673,1029.460271921754,0.0,28.0,0.0,1.55,0.0,0.3638827741146088,0.0,0.0,0.0,0.33125,0.66875
thermal_stress,standard_dqn,813,98.25442175216973,31.910992636531592,66.34342920057476,1.5924328333232551,18077.492610073088,1053.4694928169251,0.0,29.0,0.0,1.5,0.0,0.3629714086651802,0.0,0.0,0.0,0.33671875,0.66328125
thermal_stress,standard_dqn,814,96.95216685168445,31.564880200847984,65.38728672198951,1.589987124921754,18061.30959444046,1199.9883884996175,0.0,28.85,0.0,1.55,0.0,0.3636278048157692,0.0,0.0,0.00078125,0.4140625,0.58515625
thermal_stress,standard_dqn,815,100.07348448388278,33.065974472276864,67.00750995963811,1.5967147763818503,18144.693160152434,760.3799146603793,0.0,29.4,0.0,0.7,0.0,0.36449114978313446,0.0,0.0,0.0140625,0.15546875,0.83046875
thermal_stress,standard_dqn,816,93.84980095148087,30.61076181419194,63.23903927698732,1.585629674885422,17801.81861410141,1198.2797885090113,0.0,27.8,0.0,1.45,0.0,0.3634961828589439,0.0,0.0,0.00546875,0.41796875,0.5765625
thermal_stress,standard_dqn,817,96.83788052752615,32.01770215183497,64.82017841815949,1.5758102983236313,17861.766851711272,888.8050300687552,0.0,28.5,0.0,1.05,0.0,0.36344524919986726,0.0,0.0,0.0,0.2390625,0.7609375
thermal_stress,standard_dqn,818,98.26389605540783,32.294350595586,65.96954566396774,1.576188814593479,17843.507667446138,849.5542537078261,0.0,28.75,0.0,1.2,0.0,0.363612300157547,0.0,0.0,0.00234375,0.2296875,0.76796875
thermal_stress,standard_dqn,819,96.04978857457638,32.5911978719756,63.458590773567565,1.5773098655976354,17961.030613708495,796.2619593590498,0.0,28.25,0.0,0.8,0.0,0.36415553092956543,0.0,0.0,0.0,0.19765625,0.80234375
