scenario,comparison,model_seed,difference
burst,centered_full_action_dqn_exact - standard_dqn,800,0.12199328251183772
burst,centered_full_action_dqn_exact - standard_dqn,801,-0.6193551585823229
burst,centered_full_action_dqn_exact - standard_dqn,802,-0.15594537176191636
burst,centered_full_action_dqn_exact - standard_dqn,803,-0.43534963130952065
burst,centered_full_action_dqn_exact - standard_dqn,804,-0.6233107230812323
burst,centered_full_action_dqn_exact - standard_dqn,805,-0.5838013333082301
burst,centered_full_action_dqn_exact - standard_dqn,806,-0.44112881511449586
burst,centered_full_action_dqn_exact - standard_dqn,807,-0.3483692482113838
burst,centered_full_action_dqn_exact - standard_dqn,808,-0.8238758937269495
burst,centered_full_action_dqn_exact - standard_dqn,809,0.13236583039166305
burst,centered_full_action_dqn_exact - standard_dqn,810,-0.7789083644002659
burst,centered_full_action_dqn_exact - standard_dqn,811,-0.6719008243829165
burst,centered_full_action_dqn_exact - standard_dqn,812,-0.03497650347649994
burst,centered_full_action_dqn_exact - standard_dqn,813,0.003190111368894577
burst,centered_full_action_dqn_exact - standard_dqn,814,-0.3708987347781658
burst,centered_full_action_dqn_exact - standard_dqn,815,-2.4729431231319836
burst,centered_full_action_dqn_exact - standard_dqn,816,-0.49798560187221597
burst,centered_full_action_dqn_exact - standard_dqn,817,-0.2619874890148708
burst,centered_full_action_dqn_exact - standard_dqn,818,-0.3212868009507588
burst,centered_full_action_dqn_exact - standard_dqn,819,-0.33165523096919003
burst,centered_full_action_dqn_preview_0p85 - standard_dqn,800,0.10326284810901143
burst,centered_full_action_dqn_preview_0p85 - standard_dqn,801,-0.5679224890470493
burst,centered_full_action_dqn_preview_0p85 - standard_dqn,802,-0.360286204665897
burst,centered_full_action_dqn_preview_0p85 - standard_dqn,803,-0.4175211623311128
burst,centered_full_action_dqn_preview_0p85 - standard_dqn,804,-0.26045008793472846
burst,centered_full_action_dqn_preview_0p85 - standard_dqn,805,-0.5288786098360987
burst,centered_full_action_dqn_preview_0p85 - standard_dqn,806,-0.48573844283819767
burst,centered_full_action_dqn_preview_0p85 - standard_dqn,807,-0.858209535107008
burst,centered_full_action_dqn_preview_0p85 - standard_dqn,808,-0.36118747130035445
burst,centered_full_action_dqn_preview_0p85 - standard_dqn,809,0.19582027055324147
burst,centered_full_action_dqn_preview_0p85 - standard_dqn,810,-0.4991576216369822
burst,centered_full_action_dqn_preview_0p85 - standard_dqn,811,0.631573118045921
burst,centered_full_action_dqn_preview_0p85 - standard_dqn,812,-0.36535324268042757
burst,centered_full_action_dqn_preview_0p85 - standard_dqn,813,-0.2455892898887413
burst,centered_full_action_dqn_preview_0p85 - standard_dqn,814,-0.2620546214282484
burst,centered_full_action_dqn_preview_0p85 - standard_dqn,815,-2.7532116093859003
burst,centered_full_action_dqn_preview_0p85 - standard_dqn,816,-0.5369175241142585
burst,centered_full_action_dqn_preview_0p85 - standard_dqn,817,-0.287975167334082
burst,centered_full_action_dqn_preview_0p85 - standard_dqn,818,-0.28464909762143975
burst,centered_full_action_dqn_preview_0p85 - standard_dqn,819,-0.011046236157426392
burst,centered_full_action_dqn_preview_1p15 - standard_dqn,800,-0.12710018858312822
burst,centered_full_action_dqn_preview_1p15 - standard_dqn,801,-0.610154417008161
burst,centered_full_action_dqn_preview_1p15 - standard_dqn,802,-0.325458216890695
burst,centered_full_action_dqn_preview_1p15 - standard_dqn,803,-0.4109758112579698
burst,centered_full_action_dqn_preview_1p15 - standard_dqn,804,-0.6401087071001541
burst,centered_full_action_dqn_preview_1p15 - standard_dqn,805,-0.0005121682584388054
burst,centered_full_action_dqn_preview_1p15 - standard_dqn,806,-0.28788017190991866
burst,centered_full_action_dqn_preview_1p15 - standard_dqn,807,-0.3401931393891573
burst,centered_full_action_dqn_preview_1p15 - standard_dqn,808,-1.274917990490792
burst,centered_full_action_dqn_preview_1p15 - standard_dqn,809,0.08875324323774691
burst,centered_full_action_dqn_preview_1p15 - standard_dqn,810,-0.5195454098284245
burst,centered_full_action_dqn_preview_1p15 - standard_dqn,811,-0.44343979924917676
burst,centered_full_action_dqn_preview_1p15 - standard_dqn,812,-0.5414688813686297
burst,centered_full_action_dqn_preview_1p15 - standard_dqn,813,-0.177662565857176
burst,centered_full_action_dqn_preview_1p15 - standard_dqn,814,-1.0515345581620892
burst,centered_full_action_dqn_preview_1p15 - standard_dqn,815,-2.2200951688364086
burst,centered_full_action_dqn_preview_1p15 - standard_dqn,816,-0.1855798527598438
burst,centered_full_action_dqn_preview_1p15 - standard_dqn,817,-0.09056510612369095
burst,centered_full_action_dqn_preview_1p15 - standard_dqn,818,-0.25181113123893795
burst,centered_full_action_dqn_preview_1p15 - standard_dqn,819,-0.28210991531609864
energy_limited,centered_full_action_dqn_exact - standard_dqn,800,0.5758439086377649
energy_limited,centered_full_action_dqn_exact - standard_dqn,801,-0.7781335610151245
energy_limited,centered_full_action_dqn_exact - standard_dqn,802,-1.069850406274199
energy_limited,centered_full_action_dqn_exact - standard_dqn,803,-0.8668055824190475
energy_limited,centered_full_action_dqn_exact - standard_dqn,804,-1.0434796463698177
energy_limited,centered_full_action_dqn_exact - standard_dqn,805,-0.5837891750037727
energy_limited,centered_full_action_dqn_exact - standard_dqn,806,-1.6633328701555712
energy_limited,centered_full_action_dqn_exact - standard_dqn,807,0.43055363483728115
energy_limited,centered_full_action_dqn_exact - standard_dqn,808,-1.9203229884803221
energy_limited,centered_full_action_dqn_exact - standard_dqn,809,-0.11406550310550756
energy_limited,centered_full_action_dqn_exact - standard_dqn,810,-0.004276805594557231
energy_limited,centered_full_action_dqn_exact - standard_dqn,811,-1.4412613942474053
energy_limited,centered_full_action_dqn_exact - standard_dqn,812,-0.8985294933617212
energy_limited,centered_full_action_dqn_exact - standard_dqn,813,0.7777955153584486
energy_limited,centered_full_action_dqn_exact - standard_dqn,814,-0.4772039589285839
energy_limited,centered_full_action_dqn_exact - standard_dqn,815,-3.787908920682966
energy_limited,centered_full_action_dqn_exact - standard_dqn,816,1.4299286118149723
energy_limited,centered_full_action_dqn_exact - standard_dqn,817,-0.3315139449387914
energy_limited,centered_full_action_dqn_exact - standard_dqn,818,-1.3648268441855862
energy_limited,centered_full_action_dqn_exact - standard_dqn,819,-0.43721001446247953
energy_limited,centered_full_action_dqn_preview_0p85 - standard_dqn,800,-0.18980641208588622
energy_limited,centered_full_action_dqn_preview_0p85 - standard_dqn,801,-0.8876656706631252
energy_limited,centered_full_action_dqn_preview_0p85 - standard_dqn,802,0.10734999917447396
energy_limited,centered_full_action_dqn_preview_0p85 - standard_dqn,803,-0.7302755421400207
energy_limited,centered_full_action_dqn_preview_0p85 - standard_dqn,804,-0.504410482943058
energy_limited,centered_full_action_dqn_preview_0p85 - standard_dqn,805,-0.5297443920373865
energy_limited,centered_full_action_dqn_preview_0p85 - standard_dqn,806,-1.442133424729107
energy_limited,centered_full_action_dqn_preview_0p85 - standard_dqn,807,-0.981975767016408
energy_limited,centered_full_action_dqn_preview_0p85 - standard_dqn,808,-0.8932616767287271
energy_limited,centered_full_action_dqn_preview_0p85 - standard_dqn,809,1.0676001688838141
energy_limited,centered_full_action_dqn_preview_0p85 - standard_dqn,810,0.6854387650638927
energy_limited,centered_full_action_dqn_preview_0p85 - standard_dqn,811,1.2090448731184154
energy_limited,centered_full_action_dqn_preview_0p85 - standard_dqn,812,-0.2714711728692123
energy_limited,centered_full_action_dqn_preview_0p85 - standard_dqn,813,0.881393220350148
energy_limited,centered_full_action_dqn_preview_0p85 - standard_dqn,814,0.28647880546748183
energy_limited,centered_full_action_dqn_preview_0p85 - standard_dqn,815,-2.875929366461932
energy_limited,centered_full_action_dqn_preview_0p85 - standard_dqn,816,1.120675379261371
energy_limited,centered_full_action_dqn_preview_0p85 - standard_dqn,817,-0.44854848675430503
energy_limited,centered_full_action_dqn_preview_0p85 - standard_dqn,818,-0.8602844662219269
energy_limited,centered_full_action_dqn_preview_0p85 - standard_dqn,819,-0.22930154353380772
energy_limited,centered_full_action_dqn_preview_1p15 - standard_dqn,800,0.12920414440334582
energy_limited,centered_full_action_dqn_preview_1p15 - standard_dqn,801,-0.804530849605797
energy_limited,centered_full_action_dqn_preview_1p15 - standard_dqn,802,-0.8998710573464734
energy_limited,centered_full_action_dqn_preview_1p15 - standard_dqn,803,-1.2607149182260144
energy_limited,centered_full_action_dqn_preview_1p15 - standard_dqn,804,-1.5748688156902944
energy_limited,centered_full_action_dqn_preview_1p15 - standard_dqn,805,-0.25667640700936545
energy_limited,centered_full_action_dqn_preview_1p15 - standard_dqn,806,-1.730236917883147
energy_limited,centered_full_action_dqn_preview_1p15 - standard_dqn,807,-0.30187970548867327
energy_limited,centered_full_action_dqn_preview_1p15 - standard_dqn,808,-3.3352763441949946
energy_limited,centered_full_action_dqn_preview_1p15 - standard_dqn,809,-0.08358945734799761
energy_limited,centered_full_action_dqn_preview_1p15 - standard_dqn,810,0.16111036606132245
energy_limited,centered_full_action_dqn_preview_1p15 - standard_dqn,811,-1.7206653767824065
energy_limited,centered_full_action_dqn_preview_1p15 - standard_dqn,812,-0.7054441056400691
energy_limited,centered_full_action_dqn_preview_1p15 - standard_dqn,813,0.19037718124688752
energy_limited,centered_full_action_dqn_preview_1p15 - standard_dqn,814,-0.5636249229311971
energy_limited,centered_full_action_dqn_preview_1p15 - standard_dqn,815,-4.217197320461267
energy_limited,centered_full_action_dqn_preview_1p15 - standard_dqn,816,-0.07348659388721046
energy_limited,centered_full_action_dqn_preview_1p15 - standard_dqn,817,-0.041905117258437485
energy_limited,centered_full_action_dqn_preview_1p15 - standard_dqn,818,-0.9321044426411476
energy_limited,centered_full_action_dqn_preview_1p15 - standard_dqn,819,-0.2790885191410837
link_limited,centered_full_action_dqn_exact - standard_dqn,800,0.4387772720307055
link_limited,centered_full_action_dqn_exact - standard_dqn,801,0.30186572670936584
link_limited,centered_full_action_dqn_exact - standard_dqn,802,-0.7718039564788342
link_limited,centered_full_action_dqn_exact - standard_dqn,803,-0.882728556543583
link_limited,centered_full_action_dqn_exact - standard_dqn,804,-0.47935673929750067
link_limited,centered_full_action_dqn_exact - standard_dqn,805,-0.5831635162234221
link_limited,centered_full_action_dqn_exact - standard_dqn,806,-0.5192779722809888
link_limited,centered_full_action_dqn_exact - standard_dqn,807,0.07287013605237291
link_limited,centered_full_action_dqn_exact - standard_dqn,808,-1.600615158826102
link_limited,centered_full_action_dqn_exact - standard_dqn,809,-0.05170934721827791
link_limited,centered_full_action_dqn_exact - standard_dqn,810,-1.311862701252096
link_limited,centered_full_action_dqn_exact - standard_dqn,811,-0.6089106664806678
link_limited,centered_full_action_dqn_exact - standard_dqn,812,0.2560695625841589
link_limited,centered_full_action_dqn_exact - standard_dqn,813,0.6225033684074788
link_limited,centered_full_action_dqn_exact - standard_dqn,814,-0.34287188351153475
link_limited,centered_full_action_dqn_exact - standard_dqn,815,-1.97102574482561
link_limited,centered_full_action_dqn_exact - standard_dqn,816,-1.2679514159262197
link_limited,centered_full_action_dqn_exact - standard_dqn,817,-0.10431158058344181
link_limited,centered_full_action_dqn_exact - standard_dqn,818,-0.4450688024610372
link_limited,centered_full_action_dqn_exact - standard_dqn,819,-0.013785647228360176
link_limited,centered_full_action_dqn_preview_0p85 - standard_dqn,800,0.15368840023874952
link_limited,centered_full_action_dqn_preview_0p85 - standard_dqn,801,-0.24400046691297916
link_limited,centered_full_action_dqn_preview_0p85 - standard_dqn,802,-0.2368298802524862
link_limited,centered_full_action_dqn_preview_0p85 - standard_dqn,803,-0.7907269570976467
link_limited,centered_full_action_dqn_preview_0p85 - standard_dqn,804,-0.3902431812137337
link_limited,centered_full_action_dqn_preview_0p85 - standard_dqn,805,-0.7167560249566947
link_limited,centered_full_action_dqn_preview_0p85 - standard_dqn,806,-0.659205963015566
link_limited,centered_full_action_dqn_preview_0p85 - standard_dqn,807,-0.38850679472088245
link_limited,centered_full_action_dqn_preview_0p85 - standard_dqn,808,-1.3536345367878653
link_limited,centered_full_action_dqn_preview_0p85 - standard_dqn,809,0.07072507143020346
link_limited,centered_full_action_dqn_preview_0p85 - standard_dqn,810,-0.37223977826535304
link_limited,centered_full_action_dqn_preview_0p85 - standard_dqn,811,0.5588460072129919
link_limited,centered_full_action_dqn_preview_0p85 - standard_dqn,812,-0.3819249962270277
link_limited,centered_full_action_dqn_preview_0p85 - standard_dqn,813,0.30181732572614806
link_limited,centered_full_action_dqn_preview_0p85 - standard_dqn,814,0.04386250600218489
link_limited,centered_full_action_dqn_preview_0p85 - standard_dqn,815,-1.3652880735695447
link_limited,centered_full_action_dqn_preview_0p85 - standard_dqn,816,-1.5384488811343857
link_limited,centered_full_action_dqn_preview_0p85 - standard_dqn,817,0.028037054166205166
link_limited,centered_full_action_dqn_preview_0p85 - standard_dqn,818,-0.30823250181973094
link_limited,centered_full_action_dqn_preview_0p85 - standard_dqn,819,0.20120356045663357
link_limited,centered_full_action_dqn_preview_1p15 - standard_dqn,800,0.15040898211300657
link_limited,centered_full_action_dqn_preview_1p15 - standard_dqn,801,0.3434655886143503
link_limited,centered_full_action_dqn_preview_1p15 - standard_dqn,802,-0.4331811911612675
link_limited,centered_full_action_dqn_preview_1p15 - standard_dqn,803,-0.8176722753792944
link_limited,centered_full_action_dqn_preview_1p15 - standard_dqn,804,-0.36091219335794733
link_limited,centered_full_action_dqn_preview_1p15 - standard_dqn,805,0.1820263502001751
link_limited,centered_full_action_dqn_preview_1p15 - standard_dqn,806,-0.4658358237147411
link_limited,centered_full_action_dqn_preview_1p15 - standard_dqn,807,-0.20300817936657722
link_limited,centered_full_action_dqn_preview_1p15 - standard_dqn,808,-1.0765518399327902
link_limited,centered_full_action_dqn_preview_1p15 - standard_dqn,809,0.18364552274344703
link_limited,centered_full_action_dqn_preview_1p15 - standard_dqn,810,-0.924511308744556
link_limited,centered_full_action_dqn_preview_1p15 - standard_dqn,811,-0.6668327660113675
link_limited,centered_full_action_dqn_preview_1p15 - standard_dqn,812,-0.17705773971975702
link_limited,centered_full_action_dqn_preview_1p15 - standard_dqn,813,0.7529783660918383
link_limited,centered_full_action_dqn_preview_1p15 - standard_dqn,814,-0.6963190484791966
link_limited,centered_full_action_dqn_preview_1p15 - standard_dqn,815,-2.1017698209732885
link_limited,centered_full_action_dqn_preview_1p15 - standard_dqn,816,-0.7219596397131625
link_limited,centered_full_action_dqn_preview_1p15 - standard_dqn,817,0.42517572976649376
link_limited,centered_full_action_dqn_preview_1p15 - standard_dqn,818,-0.013139846101410058
link_limited,centered_full_action_dqn_preview_1p15 - standard_dqn,819,0.07522944658995812
nominal,centered_full_action_dqn_exact - standard_dqn,800,-0.04622095711529539
nominal,centered_full_action_dqn_exact - standard_dqn,801,-0.8578411029279209
nominal,centered_full_action_dqn_exact - standard_dqn,802,-0.2865457347780449
nominal,centered_full_action_dqn_exact - standard_dqn,803,-0.3697493113577366
nominal,centered_full_action_dqn_exact - standard_dqn,804,-1.218572477921839
nominal,centered_full_action_dqn_exact - standard_dqn,805,-0.7782092374563234
nominal,centered_full_action_dqn_exact - standard_dqn,806,-0.561005566865191
nominal,centered_full_action_dqn_exact - standard_dqn,807,0.019046115800733787
nominal,centered_full_action_dqn_exact - standard_dqn,808,-1.047955031394963
nominal,centered_full_action_dqn_exact - standard_dqn,809,0.18442571401595842
nominal,centered_full_action_dqn_exact - standard_dqn,810,-1.207174754813309
nominal,centered_full_action_dqn_exact - standard_dqn,811,-0.9564461238682327
nominal,centered_full_action_dqn_exact - standard_dqn,812,0.19575400516390573
nominal,centered_full_action_dqn_exact - standard_dqn,813,-0.15447655402124383
nominal,centered_full_action_dqn_exact - standard_dqn,814,-0.5078884333372145
nominal,centered_full_action_dqn_exact - standard_dqn,815,-3.0004750613868083
nominal,centered_full_action_dqn_exact - standard_dqn,816,-1.0228624565154263
nominal,centered_full_action_dqn_exact - standard_dqn,817,-0.5759782698005438
nominal,centered_full_action_dqn_exact - standard_dqn,818,-0.2917338198795818
nominal,centered_full_action_dqn_exact - standard_dqn,819,-0.8839371310174471
nominal,centered_full_action_dqn_preview_0p85 - standard_dqn,800,-0.17879854999482347
nominal,centered_full_action_dqn_preview_0p85 - standard_dqn,801,-0.48527611799536885
nominal,centered_full_action_dqn_preview_0p85 - standard_dqn,802,-0.19433666229248558
nominal,centered_full_action_dqn_preview_0p85 - standard_dqn,803,-0.2598699014633894
nominal,centered_full_action_dqn_preview_0p85 - standard_dqn,804,-0.38709625609217824
nominal,centered_full_action_dqn_preview_0p85 - standard_dqn,805,-0.5181511871516733
nominal,centered_full_action_dqn_preview_0p85 - standard_dqn,806,-0.43049129590392
nominal,centered_full_action_dqn_preview_0p85 - standard_dqn,807,-1.1320888926088912
nominal,centered_full_action_dqn_preview_0p85 - standard_dqn,808,-0.26429566800595694
nominal,centered_full_action_dqn_preview_0p85 - standard_dqn,809,0.6057485484331977
nominal,centered_full_action_dqn_preview_0p85 - standard_dqn,810,-0.3972720298170884
nominal,centered_full_action_dqn_preview_0p85 - standard_dqn,811,1.2067453576624416
nominal,centered_full_action_dqn_preview_0p85 - standard_dqn,812,-0.26092758029699326
nominal,centered_full_action_dqn_preview_0p85 - standard_dqn,813,-0.27677450336516074
nominal,centered_full_action_dqn_preview_0p85 - standard_dqn,814,-0.26616371683776663
nominal,centered_full_action_dqn_preview_0p85 - standard_dqn,815,-3.3211169664934204
nominal,centered_full_action_dqn_preview_0p85 - standard_dqn,816,-0.857635883018375
nominal,centered_full_action_dqn_preview_0p85 - standard_dqn,817,-0.8230503495037595
nominal,centered_full_action_dqn_preview_0p85 - standard_dqn,818,-0.1491230686008862
nominal,centered_full_action_dqn_preview_0p85 - standard_dqn,819,-0.5181584207713712
nominal,centered_full_action_dqn_preview_1p15 - standard_dqn,800,-0.172544427216053
nominal,centered_full_action_dqn_preview_1p15 - standard_dqn,801,-0.9941224760562051
nominal,centered_full_action_dqn_preview_1p15 - standard_dqn,802,-0.1550228157639424
nominal,centered_full_action_dqn_preview_1p15 - standard_dqn,803,-0.44734175801276876
nominal,centered_full_action_dqn_preview_1p15 - standard_dqn,804,-1.4231539348512712
nominal,centered_full_action_dqn_preview_1p15 - standard_dqn,805,-0.25772751018405415
nominal,centered_full_action_dqn_preview_1p15 - standard_dqn,806,-0.4778484324365735
nominal,centered_full_action_dqn_preview_1p15 - standard_dqn,807,-0.374845267087224
nominal,centered_full_action_dqn_preview_1p15 - standard_dqn,808,-2.0637973556667646
nominal,centered_full_action_dqn_preview_1p15 - standard_dqn,809,-0.08454231619833763
nominal,centered_full_action_dqn_preview_1p15 - standard_dqn,810,-0.7704289022832995
nominal,centered_full_action_dqn_preview_1p15 - standard_dqn,811,-0.8489079681783949
nominal,centered_full_action_dqn_preview_1p15 - standard_dqn,812,-0.3005524108558859
nominal,centered_full_action_dqn_preview_1p15 - standard_dqn,813,-0.664580546244963
nominal,centered_full_action_dqn_preview_1p15 - standard_dqn,814,-1.1287211143225448
nominal,centered_full_action_dqn_preview_1p15 - standard_dqn,815,-3.019995733983805
nominal,centered_full_action_dqn_preview_1p15 - standard_dqn,816,-1.061645579263569
nominal,centered_full_action_dqn_preview_1p15 - standard_dqn,817,-0.45570477090777217
nominal,centered_full_action_dqn_preview_1p15 - standard_dqn,818,-0.1397443556785447
nominal,centered_full_action_dqn_preview_1p15 - standard_dqn,819,-0.6186618687957548
thermal_stress,centered_full_action_dqn_exact - standard_dqn,800,0.20702466376125983
thermal_stress,centered_full_action_dqn_exact - standard_dqn,801,-0.6074615333974407
thermal_stress,centered_full_action_dqn_exact - standard_dqn,802,0.10644615121185552
thermal_stress,centered_full_action_dqn_exact - standard_dqn,803,-0.4077849756926355
thermal_stress,centered_full_action_dqn_exact - standard_dqn,804,-0.6494789048284275
thermal_stress,centered_full_action_dqn_exact - standard_dqn,805,-0.5310810760408629
thermal_stress,centered_full_action_dqn_exact - standard_dqn,806,-0.4440426358580538
thermal_stress,centered_full_action_dqn_exact - standard_dqn,807,-0.34643850140273
thermal_stress,centered_full_action_dqn_exact - standard_dqn,808,-0.8591521812230383
thermal_stress,centered_full_action_dqn_exact - standard_dqn,809,0.003151891976600041
thermal_stress,centered_full_action_dqn_exact - standard_dqn,810,-0.8475922204554109
thermal_stress,centered_full_action_dqn_exact - standard_dqn,811,-0.32935534007846456
thermal_stress,centered_full_action_dqn_exact - standard_dqn,812,0.1644974993169228
thermal_stress,centered_full_action_dqn_exact - standard_dqn,813,0.1088426097482369
thermal_stress,centered_full_action_dqn_exact - standard_dqn,814,-0.34410339631139664
thermal_stress,centered_full_action_dqn_exact - standard_dqn,815,-2.7179535471647824
thermal_stress,centered_full_action_dqn_exact - standard_dqn,816,-0.46488806203008437
thermal_stress,centered_full_action_dqn_exact - standard_dqn,817,-0.26294643528760275
thermal_stress,centered_full_action_dqn_exact - standard_dqn,818,-0.3688980795070478
thermal_stress,centered_full_action_dqn_exact - standard_dqn,819,-0.35994325190782206
thermal_stress,centered_full_action_dqn_preview_0p85 - standard_dqn,800,0.10231040872633912
thermal_stress,centered_full_action_dqn_preview_0p85 - standard_dqn,801,-0.5557614021748236
thermal_stress,centered_full_action_dqn_preview_0p85 - standard_dqn,802,0.2743784515559753
thermal_stress,centered_full_action_dqn_preview_0p85 - standard_dqn,803,-0.3607915908098249
thermal_stress,centered_full_action_dqn_preview_0p85 - standard_dqn,804,-0.2683869183808554
thermal_stress,centered_full_action_dqn_preview_0p85 - standard_dqn,805,-0.47992645539343926
thermal_stress,centered_full_action_dqn_preview_0p85 - standard_dqn,806,-0.4971628271043329
thermal_stress,centered_full_action_dqn_preview_0p85 - standard_dqn,807,-0.875374969467515
thermal_stress,centered_full_action_dqn_preview_0p85 - standard_dqn,808,-0.3489906299859342
thermal_stress,centered_full_action_dqn_preview_0p85 - standard_dqn,809,0.19457538731397506
thermal_stress,centered_full_action_dqn_preview_0p85 - standard_dqn,810,-0.5300880832970165
thermal_stress,centered_full_action_dqn_preview_0p85 - standard_dqn,811,0.85148180522026
thermal_stress,centered_full_action_dqn_preview_0p85 - standard_dqn,812,-0.2921940062195034
thermal_stress,centered_full_action_dqn_preview_0p85 - standard_dqn,813,-0.07405091345310666
thermal_stress,centered_full_action_dqn_preview_0p85 - standard_dqn,814,-0.3084118036180854
thermal_stress,centered_full_action_dqn_preview_0p85 - standard_dqn,815,-2.828804692178963
thermal_stress,centered_full_action_dqn_preview_0p85 - standard_dqn,816,-0.6949884516000822
thermal_stress,centered_full_action_dqn_preview_0p85 - standard_dqn,817,-0.3607699746638673
thermal_stress,centered_full_action_dqn_preview_0p85 - standard_dqn,818,-0.2787980392202769
thermal_stress,centered_full_action_dqn_preview_0p85 - standard_dqn,819,-0.06116314172746229
thermal_stress,centered_full_action_dqn_preview_1p15 - standard_dqn,800,-0.008319185599674483
thermal_stress,centered_full_action_dqn_preview_1p15 - standard_dqn,801,-0.6008798318356412
thermal_stress,centered_full_action_dqn_preview_1p15 - standard_dqn,802,0.02172119334339584
thermal_stress,centered_full_action_dqn_preview_1p15 - standard_dqn,803,-0.37686395011841967
thermal_stress,centered_full_action_dqn_preview_1p15 - standard_dqn,804,-0.6098440150916531
thermal_stress,centered_full_action_dqn_preview_1p15 - standard_dqn,805,0.03783400051295871
thermal_stress,centered_full_action_dqn_preview_1p15 - standard_dqn,806,-0.19600028887390408
thermal_stress,centered_full_action_dqn_preview_1p15 - standard_dqn,807,-0.30791793540120693
thermal_stress,centered_full_action_dqn_preview_1p15 - standard_dqn,808,-1.476797824949017
thermal_stress,centered_full_action_dqn_preview_1p15 - standard_dqn,809,0.15345152102412385
thermal_stress,centered_full_action_dqn_preview_1p15 - standard_dqn,810,-0.4588948848098511
thermal_stress,centered_full_action_dqn_preview_1p15 - standard_dqn,811,0.05286025919019721
thermal_stress,centered_full_action_dqn_preview_1p15 - standard_dqn,812,-0.1803097284585249
thermal_stress,centered_full_action_dqn_preview_1p15 - standard_dqn,813,0.33136627756059056
thermal_stress,centered_full_action_dqn_preview_1p15 - standard_dqn,814,-1.0471380867809046
thermal_stress,centered_full_action_dqn_preview_1p15 - standard_dqn,815,-2.4442805917560975
thermal_stress,centered_full_action_dqn_preview_1p15 - standard_dqn,816,-0.2967037551104994
thermal_stress,centered_full_action_dqn_preview_1p15 - standard_dqn,817,-0.1151620338112167
thermal_stress,centered_full_action_dqn_preview_1p15 - standard_dqn,818,-0.3832963645830745
thermal_stress,centered_full_action_dqn_preview_1p15 - standard_dqn,819,-0.4559065485745748
