profile,comparison,model_seed,difference
compute_minus20,centered_full_action_dqn - standard_dqn,800,0.4300865961611322
compute_minus20,centered_full_action_dqn - standard_dqn,801,-0.12117868252098418
compute_minus20,centered_full_action_dqn - standard_dqn,802,-0.28663559626787816
compute_minus20,centered_full_action_dqn - standard_dqn,803,-0.226779288053514
compute_minus20,centered_full_action_dqn - standard_dqn,804,-0.8474262554198546
compute_minus20,centered_full_action_dqn - standard_dqn,805,-0.3630182079970794
compute_minus20,centered_full_action_dqn - standard_dqn,806,-0.12342734187841842
compute_minus20,centered_full_action_dqn - standard_dqn,807,0.24721348874271598
compute_minus20,centered_full_action_dqn - standard_dqn,808,-1.3597832205146503
compute_minus20,centered_full_action_dqn - standard_dqn,809,0.08643624305723563
compute_minus20,centered_full_action_dqn - standard_dqn,810,-0.8967455224320346
compute_minus20,centered_full_action_dqn - standard_dqn,811,-0.503071083351962
compute_minus20,centered_full_action_dqn - standard_dqn,812,0.3062358625233159
compute_minus20,centered_full_action_dqn - standard_dqn,813,-0.10382823407650221
compute_minus20,centered_full_action_dqn - standard_dqn,814,-0.8562954502552813
compute_minus20,centered_full_action_dqn - standard_dqn,815,-1.8134014375507803
compute_minus20,centered_full_action_dqn - standard_dqn,816,-1.9348691712692343
compute_minus20,centered_full_action_dqn - standard_dqn,817,-0.6689778350293594
compute_minus20,centered_full_action_dqn - standard_dqn,818,-0.16898826066404382
compute_minus20,centered_full_action_dqn - standard_dqn,819,-0.5793331269174828
compute_minus20,centered_full_action_dqn - mpc_h4,800,-12.465646583177147
compute_minus20,centered_full_action_dqn - mpc_h4,801,-13.61323704145849
compute_minus20,centered_full_action_dqn - mpc_h4,802,-13.530648101982642
compute_minus20,centered_full_action_dqn - mpc_h4,803,-12.701110141053803
compute_minus20,centered_full_action_dqn - mpc_h4,804,-13.092670946419247
compute_minus20,centered_full_action_dqn - mpc_h4,805,-12.762444434607104
compute_minus20,centered_full_action_dqn - mpc_h4,806,-11.64146713141416
compute_minus20,centered_full_action_dqn - mpc_h4,807,-13.105306614264833
compute_minus20,centered_full_action_dqn - mpc_h4,808,-13.07779259219766
compute_minus20,centered_full_action_dqn - mpc_h4,809,-12.542272306958978
compute_minus20,centered_full_action_dqn - mpc_h4,810,-12.913085439726721
compute_minus20,centered_full_action_dqn - mpc_h4,811,-14.630482887648824
compute_minus20,centered_full_action_dqn - mpc_h4,812,-11.466902549192305
compute_minus20,centered_full_action_dqn - mpc_h4,813,-13.78255947656929
compute_minus20,centered_full_action_dqn - mpc_h4,814,-10.966726547628646
compute_minus20,centered_full_action_dqn - mpc_h4,815,-12.836985628120601
compute_minus20,centered_full_action_dqn - mpc_h4,816,-11.39561960641295
compute_minus20,centered_full_action_dqn - mpc_h4,817,-15.201878817081443
compute_minus20,centered_full_action_dqn - mpc_h4,818,-13.802771551311018
compute_minus20,centered_full_action_dqn - mpc_h4,819,-10.93636878281832
compute_plus20,centered_full_action_dqn - standard_dqn,800,0.48833153769373894
compute_plus20,centered_full_action_dqn - standard_dqn,801,-0.744696018174281
compute_plus20,centered_full_action_dqn - standard_dqn,802,-0.8915297584235589
compute_plus20,centered_full_action_dqn - standard_dqn,803,-0.3545111652463646
compute_plus20,centered_full_action_dqn - standard_dqn,804,-1.0690130744129362
compute_plus20,centered_full_action_dqn - standard_dqn,805,-0.8626158392429204
compute_plus20,centered_full_action_dqn - standard_dqn,806,-0.5165198775380873
compute_plus20,centered_full_action_dqn - standard_dqn,807,0.03927365511655978
compute_plus20,centered_full_action_dqn - standard_dqn,808,-0.9070409862697204
compute_plus20,centered_full_action_dqn - standard_dqn,809,-0.017523256018748157
compute_plus20,centered_full_action_dqn - standard_dqn,810,-1.1917917372617097
compute_plus20,centered_full_action_dqn - standard_dqn,811,-1.7320487415790637
compute_plus20,centered_full_action_dqn - standard_dqn,812,-0.261771632209431
compute_plus20,centered_full_action_dqn - standard_dqn,813,-0.42237438797950233
compute_plus20,centered_full_action_dqn - standard_dqn,814,-0.4660681044101693
compute_plus20,centered_full_action_dqn - standard_dqn,815,-4.279622335210448
compute_plus20,centered_full_action_dqn - standard_dqn,816,-1.5360700154277538
compute_plus20,centered_full_action_dqn - standard_dqn,817,-0.9154337979853153
compute_plus20,centered_full_action_dqn - standard_dqn,818,-1.39486591354013
compute_plus20,centered_full_action_dqn - standard_dqn,819,-0.7526957850903386
compute_plus20,centered_full_action_dqn - mpc_h4,800,-11.577852301413444
compute_plus20,centered_full_action_dqn - mpc_h4,801,-10.94588515031684
compute_plus20,centered_full_action_dqn - mpc_h4,802,-12.47519092312362
compute_plus20,centered_full_action_dqn - mpc_h4,803,-11.713681937547008
compute_plus20,centered_full_action_dqn - mpc_h4,804,-11.960900484124053
compute_plus20,centered_full_action_dqn - mpc_h4,805,-12.341069161772111
compute_plus20,centered_full_action_dqn - mpc_h4,806,-9.651639654288957
compute_plus20,centered_full_action_dqn - mpc_h4,807,-8.371608125336763
compute_plus20,centered_full_action_dqn - mpc_h4,808,-11.965883979280733
compute_plus20,centered_full_action_dqn - mpc_h4,809,-11.516110085699253
compute_plus20,centered_full_action_dqn - mpc_h4,810,-11.909476964225874
compute_plus20,centered_full_action_dqn - mpc_h4,811,-11.830438008089473
compute_plus20,centered_full_action_dqn - mpc_h4,812,-13.073779649883647
compute_plus20,centered_full_action_dqn - mpc_h4,813,-12.287458129782891
compute_plus20,centered_full_action_dqn - mpc_h4,814,-9.814166751115792
compute_plus20,centered_full_action_dqn - mpc_h4,815,-12.231140377125413
compute_plus20,centered_full_action_dqn - mpc_h4,816,-12.175017448277572
compute_plus20,centered_full_action_dqn - mpc_h4,817,-12.039824460345358
compute_plus20,centered_full_action_dqn - mpc_h4,818,-10.261638726121333
compute_plus20,centered_full_action_dqn - mpc_h4,819,-8.693788152081652
data_minus20,centered_full_action_dqn - standard_dqn,800,0.13548540621996352
data_minus20,centered_full_action_dqn - standard_dqn,801,-1.089876240119338
data_minus20,centered_full_action_dqn - standard_dqn,802,-0.6613721407204949
data_minus20,centered_full_action_dqn - standard_dqn,803,-0.3591005726903731
data_minus20,centered_full_action_dqn - standard_dqn,804,-1.6532545945793373
data_minus20,centered_full_action_dqn - standard_dqn,805,-0.8134282302111373
data_minus20,centered_full_action_dqn - standard_dqn,806,-0.9948066076636337
data_minus20,centered_full_action_dqn - standard_dqn,807,0.14555225245653958
data_minus20,centered_full_action_dqn - standard_dqn,808,-1.1169477477669716
data_minus20,centered_full_action_dqn - standard_dqn,809,-0.038828499987722864
data_minus20,centered_full_action_dqn - standard_dqn,810,-1.2118832485377808
data_minus20,centered_full_action_dqn - standard_dqn,811,-1.8592697782814582
data_minus20,centered_full_action_dqn - standard_dqn,812,0.1443370424956143
data_minus20,centered_full_action_dqn - standard_dqn,813,-0.5376207585632855
data_minus20,centered_full_action_dqn - standard_dqn,814,-0.35573645830154277
data_minus20,centered_full_action_dqn - standard_dqn,815,-4.728157857656484
data_minus20,centered_full_action_dqn - standard_dqn,816,-1.5078895730747277
data_minus20,centered_full_action_dqn - standard_dqn,817,-1.5005268719047322
data_minus20,centered_full_action_dqn - standard_dqn,818,-1.3517398372292533
data_minus20,centered_full_action_dqn - standard_dqn,819,-1.2543194519355936
data_minus20,centered_full_action_dqn - mpc_h4,800,-12.53746460340831
data_minus20,centered_full_action_dqn - mpc_h4,801,-10.250077317828982
data_minus20,centered_full_action_dqn - mpc_h4,802,-11.908504101081398
data_minus20,centered_full_action_dqn - mpc_h4,803,-12.113375706691173
data_minus20,centered_full_action_dqn - mpc_h4,804,-11.200257032912972
data_minus20,centered_full_action_dqn - mpc_h4,805,-11.36459027300139
data_minus20,centered_full_action_dqn - mpc_h4,806,-9.905914312668884
data_minus20,centered_full_action_dqn - mpc_h4,807,-6.709165453040413
data_minus20,centered_full_action_dqn - mpc_h4,808,-10.46874753620331
data_minus20,centered_full_action_dqn - mpc_h4,809,-11.855033684214163
data_minus20,centered_full_action_dqn - mpc_h4,810,-13.990026291085947
data_minus20,centered_full_action_dqn - mpc_h4,811,-10.893251089086831
data_minus20,centered_full_action_dqn - mpc_h4,812,-11.634382709021686
data_minus20,centered_full_action_dqn - mpc_h4,813,-11.824271888947862
data_minus20,centered_full_action_dqn - mpc_h4,814,-9.31854246914466
data_minus20,centered_full_action_dqn - mpc_h4,815,-10.855972843305366
data_minus20,centered_full_action_dqn - mpc_h4,816,-12.718497935852454
data_minus20,centered_full_action_dqn - mpc_h4,817,-12.954833926705312
data_minus20,centered_full_action_dqn - mpc_h4,818,-11.411939405711202
data_minus20,centered_full_action_dqn - mpc_h4,819,-8.063947134882774
data_plus20,centered_full_action_dqn - standard_dqn,800,0.177075209841135
data_plus20,centered_full_action_dqn - standard_dqn,801,-0.22444632351398752
data_plus20,centered_full_action_dqn - standard_dqn,802,-0.39104897081851675
data_plus20,centered_full_action_dqn - standard_dqn,803,-0.3021192680299407
data_plus20,centered_full_action_dqn - standard_dqn,804,-0.631445927470935
data_plus20,centered_full_action_dqn - standard_dqn,805,-0.543024760410205
data_plus20,centered_full_action_dqn - standard_dqn,806,-0.12004652790726311
data_plus20,centered_full_action_dqn - standard_dqn,807,0.19593286104500862
data_plus20,centered_full_action_dqn - standard_dqn,808,-1.2462681496143233
data_plus20,centered_full_action_dqn - standard_dqn,809,-0.08757046684623049
data_plus20,centered_full_action_dqn - standard_dqn,810,-0.655087544173
data_plus20,centered_full_action_dqn - standard_dqn,811,-0.4697832546383296
data_plus20,centered_full_action_dqn - standard_dqn,812,-0.07304299108685086
data_plus20,centered_full_action_dqn - standard_dqn,813,0.06451536305249306
data_plus20,centered_full_action_dqn - standard_dqn,814,-0.7346871885657293
data_plus20,centered_full_action_dqn - standard_dqn,815,-2.1239525745064043
data_plus20,centered_full_action_dqn - standard_dqn,816,-1.0077651858329801
data_plus20,centered_full_action_dqn - standard_dqn,817,-0.15564585648476736
data_plus20,centered_full_action_dqn - standard_dqn,818,-0.15032304726541668
data_plus20,centered_full_action_dqn - standard_dqn,819,-0.31835381798447315
data_plus20,centered_full_action_dqn - mpc_h4,800,-12.146569192636292
data_plus20,centered_full_action_dqn - mpc_h4,801,-12.495156450322014
data_plus20,centered_full_action_dqn - mpc_h4,802,-14.146793912220929
data_plus20,centered_full_action_dqn - mpc_h4,803,-13.240290796669726
data_plus20,centered_full_action_dqn - mpc_h4,804,-13.517261489154436
data_plus20,centered_full_action_dqn - mpc_h4,805,-12.943314204229125
data_plus20,centered_full_action_dqn - mpc_h4,806,-11.043236889615144
data_plus20,centered_full_action_dqn - mpc_h4,807,-12.038536029431683
data_plus20,centered_full_action_dqn - mpc_h4,808,-12.957882230801971
data_plus20,centered_full_action_dqn - mpc_h4,809,-13.179277672357841
data_plus20,centered_full_action_dqn - mpc_h4,810,-12.371088084105594
data_plus20,centered_full_action_dqn - mpc_h4,811,-13.22621462774083
data_plus20,centered_full_action_dqn - mpc_h4,812,-13.055329595649681
data_plus20,centered_full_action_dqn - mpc_h4,813,-13.46935662353674
data_plus20,centered_full_action_dqn - mpc_h4,814,-10.162075277661913
data_plus20,centered_full_action_dqn - mpc_h4,815,-13.843937258656226
data_plus20,centered_full_action_dqn - mpc_h4,816,-11.42283032707607
data_plus20,centered_full_action_dqn - mpc_h4,817,-13.386407874848288
data_plus20,centered_full_action_dqn - mpc_h4,818,-12.768306732658502
data_plus20,centered_full_action_dqn - mpc_h4,819,-10.316438777024615
energy_plus20,centered_full_action_dqn - standard_dqn,800,0.2979743742942844
energy_plus20,centered_full_action_dqn - standard_dqn,801,-0.9371047734469187
energy_plus20,centered_full_action_dqn - standard_dqn,802,-0.7386001316457964
energy_plus20,centered_full_action_dqn - standard_dqn,803,-0.6936478807777178
energy_plus20,centered_full_action_dqn - standard_dqn,804,-0.6711740477383046
energy_plus20,centered_full_action_dqn - standard_dqn,805,-0.7320406661182659
energy_plus20,centered_full_action_dqn - standard_dqn,806,-1.0146848772466228
energy_plus20,centered_full_action_dqn - standard_dqn,807,0.2481236740946855
energy_plus20,centered_full_action_dqn - standard_dqn,808,-1.3466036756336734
energy_plus20,centered_full_action_dqn - standard_dqn,809,-0.04648917101323491
energy_plus20,centered_full_action_dqn - standard_dqn,810,-0.36874238438903717
energy_plus20,centered_full_action_dqn - standard_dqn,811,-0.7066160345822681
energy_plus20,centered_full_action_dqn - standard_dqn,812,-0.37507598124444996
energy_plus20,centered_full_action_dqn - standard_dqn,813,0.5277348004281635
energy_plus20,centered_full_action_dqn - standard_dqn,814,-0.39690425992012024
energy_plus20,centered_full_action_dqn - standard_dqn,815,-3.4745567649602833
energy_plus20,centered_full_action_dqn - standard_dqn,816,-0.08874861612915197
energy_plus20,centered_full_action_dqn - standard_dqn,817,-0.18845377370713834
energy_plus20,centered_full_action_dqn - standard_dqn,818,-0.8057786510139806
energy_plus20,centered_full_action_dqn - standard_dqn,819,-0.4003192807734024
energy_plus20,centered_full_action_dqn - mpc_h4,800,-9.413409889592259
energy_plus20,centered_full_action_dqn - mpc_h4,801,-7.318940701311234
energy_plus20,centered_full_action_dqn - mpc_h4,802,-10.192559501582082
energy_plus20,centered_full_action_dqn - mpc_h4,803,-10.389311180541128
energy_plus20,centered_full_action_dqn - mpc_h4,804,-8.615049414801533
energy_plus20,centered_full_action_dqn - mpc_h4,805,-9.86649089475128
energy_plus20,centered_full_action_dqn - mpc_h4,806,-9.052120879489593
energy_plus20,centered_full_action_dqn - mpc_h4,807,-7.968861751932877
energy_plus20,centered_full_action_dqn - mpc_h4,808,-9.67333160858199
energy_plus20,centered_full_action_dqn - mpc_h4,809,-8.89180929565073
energy_plus20,centered_full_action_dqn - mpc_h4,810,-9.808868842891656
energy_plus20,centered_full_action_dqn - mpc_h4,811,-8.608840155221728
energy_plus20,centered_full_action_dqn - mpc_h4,812,-10.256260073510973
energy_plus20,centered_full_action_dqn - mpc_h4,813,-7.705295568075158
energy_plus20,centered_full_action_dqn - mpc_h4,814,-8.45296022570399
energy_plus20,centered_full_action_dqn - mpc_h4,815,-9.434224355035866
energy_plus20,centered_full_action_dqn - mpc_h4,816,-9.231788858195117
energy_plus20,centered_full_action_dqn - mpc_h4,817,-11.107644991680402
energy_plus20,centered_full_action_dqn - mpc_h4,818,-8.167609863938523
energy_plus20,centered_full_action_dqn - mpc_h4,819,-6.437222960857099
heat_plus20,centered_full_action_dqn - standard_dqn,800,-0.05165928229689598
heat_plus20,centered_full_action_dqn - standard_dqn,801,-0.8590305832773453
heat_plus20,centered_full_action_dqn - standard_dqn,802,-0.28416766516863845
heat_plus20,centered_full_action_dqn - standard_dqn,803,-0.3729931496083765
heat_plus20,centered_full_action_dqn - standard_dqn,804,-1.1847617949545395
heat_plus20,centered_full_action_dqn - standard_dqn,805,-0.8005859494954279
heat_plus20,centered_full_action_dqn - standard_dqn,806,-0.5495928915590014
heat_plus20,centered_full_action_dqn - standard_dqn,807,0.03544188283383676
heat_plus20,centered_full_action_dqn - standard_dqn,808,-1.0693913982063492
heat_plus20,centered_full_action_dqn - standard_dqn,809,0.16548266835511072
heat_plus20,centered_full_action_dqn - standard_dqn,810,-1.1846929828822539
heat_plus20,centered_full_action_dqn - standard_dqn,811,-0.9530490461736889
heat_plus20,centered_full_action_dqn - standard_dqn,812,0.12964000120759067
heat_plus20,centered_full_action_dqn - standard_dqn,813,-0.10674217127264285
heat_plus20,centered_full_action_dqn - standard_dqn,814,-0.529912069439888
heat_plus20,centered_full_action_dqn - standard_dqn,815,-3.015475742220872
heat_plus20,centered_full_action_dqn - standard_dqn,816,-1.0126254180073602
heat_plus20,centered_full_action_dqn - standard_dqn,817,-0.5863105352968034
heat_plus20,centered_full_action_dqn - standard_dqn,818,-0.3137906866893161
heat_plus20,centered_full_action_dqn - standard_dqn,819,-0.8945602552592788
heat_plus20,centered_full_action_dqn - mpc_h4,800,-13.070779066567042
heat_plus20,centered_full_action_dqn - mpc_h4,801,-13.683419003747659
heat_plus20,centered_full_action_dqn - mpc_h4,802,-13.290291377506307
heat_plus20,centered_full_action_dqn - mpc_h4,803,-13.874896217246587
heat_plus20,centered_full_action_dqn - mpc_h4,804,-14.543395456762582
heat_plus20,centered_full_action_dqn - mpc_h4,805,-14.170104709596785
heat_plus20,centered_full_action_dqn - mpc_h4,806,-12.97551122693126
heat_plus20,centered_full_action_dqn - mpc_h4,807,-11.450561177397333
heat_plus20,centered_full_action_dqn - mpc_h4,808,-13.568611145209005
heat_plus20,centered_full_action_dqn - mpc_h4,809,-11.75535188941899
heat_plus20,centered_full_action_dqn - mpc_h4,810,-15.34156189233488
heat_plus20,centered_full_action_dqn - mpc_h4,811,-13.827938240842826
heat_plus20,centered_full_action_dqn - mpc_h4,812,-12.857515913169493
heat_plus20,centered_full_action_dqn - mpc_h4,813,-13.166376890168294
heat_plus20,centered_full_action_dqn - mpc_h4,814,-11.312262504317971
heat_plus20,centered_full_action_dqn - mpc_h4,815,-12.848465402425262
heat_plus20,centered_full_action_dqn - mpc_h4,816,-13.659997369661824
heat_plus20,centered_full_action_dqn - mpc_h4,817,-15.122407752157386
heat_plus20,centered_full_action_dqn - mpc_h4,818,-12.629547016065715
heat_plus20,centered_full_action_dqn - mpc_h4,819,-10.905588249278125
link_minus20,centered_full_action_dqn - standard_dqn,800,0.252190152928236
link_minus20,centered_full_action_dqn - standard_dqn,801,-0.055444815754881915
link_minus20,centered_full_action_dqn - standard_dqn,802,-0.47001153975725174
link_minus20,centered_full_action_dqn - standard_dqn,803,-0.6884793422371303
link_minus20,centered_full_action_dqn - standard_dqn,804,-0.9209658338874647
link_minus20,centered_full_action_dqn - standard_dqn,805,-0.7380599748343144
link_minus20,centered_full_action_dqn - standard_dqn,806,-0.6341310775280107
link_minus20,centered_full_action_dqn - standard_dqn,807,0.21059494093060493
link_minus20,centered_full_action_dqn - standard_dqn,808,-1.420390338897704
link_minus20,centered_full_action_dqn - standard_dqn,809,-0.17495880641043016
link_minus20,centered_full_action_dqn - standard_dqn,810,-1.3424058523774107
link_minus20,centered_full_action_dqn - standard_dqn,811,-0.6557483687996779
link_minus20,centered_full_action_dqn - standard_dqn,812,0.05133668698370286
link_minus20,centered_full_action_dqn - standard_dqn,813,-0.03753128990531707
link_minus20,centered_full_action_dqn - standard_dqn,814,-0.779560037665064
link_minus20,centered_full_action_dqn - standard_dqn,815,-2.7632613342255326
link_minus20,centered_full_action_dqn - standard_dqn,816,-1.494483611360181
link_minus20,centered_full_action_dqn - standard_dqn,817,-0.262581036984912
link_minus20,centered_full_action_dqn - standard_dqn,818,-0.49622813344002736
link_minus20,centered_full_action_dqn - standard_dqn,819,-0.34555420614778143
link_minus20,centered_full_action_dqn - mpc_h4,800,-16.108746590729595
link_minus20,centered_full_action_dqn - mpc_h4,801,-15.720912352402465
link_minus20,centered_full_action_dqn - mpc_h4,802,-17.713053406469584
link_minus20,centered_full_action_dqn - mpc_h4,803,-17.962415121728284
link_minus20,centered_full_action_dqn - mpc_h4,804,-17.38953557994263
link_minus20,centered_full_action_dqn - mpc_h4,805,-16.144688159786952
link_minus20,centered_full_action_dqn - mpc_h4,806,-16.231908767275428
link_minus20,centered_full_action_dqn - mpc_h4,807,-14.862031351309867
link_minus20,centered_full_action_dqn - mpc_h4,808,-17.079855918926782
link_minus20,centered_full_action_dqn - mpc_h4,809,-16.919185107751545
link_minus20,centered_full_action_dqn - mpc_h4,810,-16.729235812483168
link_minus20,centered_full_action_dqn - mpc_h4,811,-16.51333260959487
link_minus20,centered_full_action_dqn - mpc_h4,812,-17.740198989428862
link_minus20,centered_full_action_dqn - mpc_h4,813,-16.730144068256436
link_minus20,centered_full_action_dqn - mpc_h4,814,-14.411994947371468
link_minus20,centered_full_action_dqn - mpc_h4,815,-16.734701245924498
link_minus20,centered_full_action_dqn - mpc_h4,816,-15.498406644267504
link_minus20,centered_full_action_dqn - mpc_h4,817,-17.326826247185707
link_minus20,centered_full_action_dqn - mpc_h4,818,-16.0797131316353
link_minus20,centered_full_action_dqn - mpc_h4,819,-14.211535720317528
reference,centered_full_action_dqn - standard_dqn,800,-0.04622095711529539
reference,centered_full_action_dqn - standard_dqn,801,-0.8578411029279209
reference,centered_full_action_dqn - standard_dqn,802,-0.2865457347780449
reference,centered_full_action_dqn - standard_dqn,803,-0.3697493113577366
reference,centered_full_action_dqn - standard_dqn,804,-1.218572477921839
reference,centered_full_action_dqn - standard_dqn,805,-0.7782092374563234
reference,centered_full_action_dqn - standard_dqn,806,-0.561005566865191
reference,centered_full_action_dqn - standard_dqn,807,0.019046115800733787
reference,centered_full_action_dqn - standard_dqn,808,-1.047955031394963
reference,centered_full_action_dqn - standard_dqn,809,0.18442571401595842
reference,centered_full_action_dqn - standard_dqn,810,-1.207174754813309
reference,centered_full_action_dqn - standard_dqn,811,-0.9564461238682327
reference,centered_full_action_dqn - standard_dqn,812,0.19575400516390573
reference,centered_full_action_dqn - standard_dqn,813,-0.15447655402124383
reference,centered_full_action_dqn - standard_dqn,814,-0.5078884333372145
reference,centered_full_action_dqn - standard_dqn,815,-3.0004750613868083
reference,centered_full_action_dqn - standard_dqn,816,-1.0228624565154263
reference,centered_full_action_dqn - standard_dqn,817,-0.5759782698005438
reference,centered_full_action_dqn - standard_dqn,818,-0.2917338198795818
reference,centered_full_action_dqn - standard_dqn,819,-0.8839371310174471
reference,centered_full_action_dqn - mpc_h4,800,-13.08170849982342
reference,centered_full_action_dqn - mpc_h4,801,-13.712113060094666
reference,centered_full_action_dqn - mpc_h4,802,-13.279615291929886
reference,centered_full_action_dqn - mpc_h4,803,-13.480319669401311
reference,centered_full_action_dqn - mpc_h4,804,-14.568856875316769
reference,centered_full_action_dqn - mpc_h4,805,-13.959844820283877
reference,centered_full_action_dqn - mpc_h4,806,-12.993451810756369
reference,centered_full_action_dqn - mpc_h4,807,-11.480053667018367
reference,centered_full_action_dqn - mpc_h4,808,-13.584772477904423
reference,centered_full_action_dqn - mpc_h4,809,-11.766296981560629
reference,centered_full_action_dqn - mpc_h4,810,-15.324498993609609
reference,centered_full_action_dqn - mpc_h4,811,-13.800586481096161
reference,centered_full_action_dqn - mpc_h4,812,-12.835600232626916
reference,centered_full_action_dqn - mpc_h4,813,-12.946271305071718
reference,centered_full_action_dqn - mpc_h4,814,-11.299218429395154
reference,centered_full_action_dqn - mpc_h4,815,-12.867816356011659
reference,centered_full_action_dqn - mpc_h4,816,-13.679803512185714
reference,centered_full_action_dqn - mpc_h4,817,-15.148984580366715
reference,centered_full_action_dqn - mpc_h4,818,-12.588168830353922
reference,centered_full_action_dqn - mpc_h4,819,-10.935696857211042
