scenario,policy,total_cost_mean,immediate_cost_mean,penalty_mean,energy_use_mean,latency_ms_mean,transmitted_mbit_mean,thermal_violation_mean,energy_violation_mean,queue_violation_mean,contact_violation_mean,planning_time_ms_mean,maximum_heat_mean,minimum_energy_mean,threshold_free_episode_mean,onboard_fraction_mean,ground_fraction_mean,hybrid_fraction_mean,total_cost_sd,immediate_cost_sd,penalty_sd,energy_use_sd,latency_ms_sd,transmitted_mbit_sd,thermal_violation_sd,energy_violation_sd,queue_violation_sd,contact_violation_sd,planning_time_ms_sd,maximum_heat_sd,minimum_energy_sd,threshold_free_episode_sd,onboard_fraction_sd,ground_fraction_sd,hybrid_fraction_sd,n_model_seeds
burst,contextual_bandit,136.55040142541606,31.779669152777643,104.77073228325548,1.7080776271806097,19050.132383375167,1491.007524253279,0.0,33.6375,28.722500000000004,1.9225,0.0,0.19025361627340315,0.0,0.0,7.8125e-05,0.49953125,0.500390625,11.195066009602034,0.5131265763376166,10.937066934332796,0.013512868767520893,223.18342357100798,31.841792574186158,0.0,0.6855414686677674,4.682342952659041,0.27884866674841463,0.0,0.00019907817325493857,0.0,0.0,0.000240463676269958,0.015024223177002123,0.015090572565194284,20
burst,fixed_ground,319.2467237088028,31.996316643264144,287.25040706553875,2.299083119845018,27326.31510528565,2568.160271167755,0.0,39.1825,48.335,3.1125,0.0,0.19001285031437873,0.0,0.0,0.0,1.0,0.0,4.149269022816231,0.2948697255331198,4.007608680870111,0.03043436948540116,416.33865232316157,20.696588326480367,0.0,0.565981913417548,0.8548776459082803,0.2674809388191594,0.0,7.453495027447035e-05,0.0,0.0,0.0,0.0,0.0,20
burst,fixed_onboard,290.1899029445771,68.51435742624105,221.6755455184479,2.0902252760855484,38411.593496646885,76.84725188808515,0.0,37.7875,36.065,0.0,0.0,0.199569203928113,0.0,0.0,1.0,0.0,0.0,6.113228846149136,0.5753154884737938,5.783071145360302,0.01140455491100558,330.78624248085913,1.147866084714432,0.0,0.36845159647824643,0.774613655824292,0.0,0.0,0.0013359124084453258,0.0,0.0,0.0,0.0,0.0,20
burst,immediate_argmin,241.19734847991012,29.963807952590287,211.2335405280835,1.9420836917613635,22156.237722702026,2096.239135341197,0.0,34.325,36.230000000000004,2.6225,0.0,0.19026075288653374,0.0,0.0,0.00011718750000000002,0.793984375,0.2058984375,6.837583142654505,0.29183484253424835,6.654196218252776,0.028306547408172643,404.9977908772242,32.09498208589583,0.0,0.514653690410001,1.1770167462923509,0.2940081452505768,0.0,0.00022671709330227666,0.0,0.0,0.0002862090222910338,0.00977129769451675,0.009762664024794651,20
burst,centered_full_action_dqn,96.88482853857987,31.65135376797989,65.23347475721687,1.5815335287200287,17892.049205827712,983.3782859965413,0.0,28.7075,0.0,1.3175000000000001,0.0,0.19171729266643525,0.0,0.0,0.0019140625000000002,0.2946875,0.7033984375,1.9395759495751166,0.5591780702053135,1.580306597911453,0.010870928935484475,231.92761573617807,100.49153160340924,0.0,0.5289699523851192,0.0,0.3001205897985885,0.0,0.0007341471118299163,0.0,0.0,0.004098673402901397,0.05658514467474517,0.05812519619643599,20
burst,mpc_h4,108.34735332994671,31.487785438541323,76.85956788950548,1.6832128125941381,18875.349969758987,1435.1122805391997,0.0,32.255,4.15,1.0825,312.3460880154744,0.19030441608279944,0.0,0.0,0.0047265625,0.49242187499999995,0.5028515625,1.9928027986384163,0.4807422528146629,1.6071114807674738,0.011569550596151718,228.28297616747733,23.309123727265614,0.0,0.4263986274294097,0.9847521729375689,0.2196138956393578,5.411087754659877,0.0002601904678547656,0.0,0.0,0.0015308261698623808,0.010411148483558912,0.00986674619147933,20
burst,standard_dqn,97.36063501976989,31.903838568544018,65.45679643310234,1.5847645338461736,17957.041823773383,945.3375765060075,0.0,28.76,0.0,1.2725,0.0,0.19190480407327412,0.0,0.0,0.00578125,0.27230468750000003,0.7219140625,2.0140631226695733,0.734484632296699,1.5845398920147744,0.009897713501480061,204.15085004296998,142.39707500634492,0.0,0.4991044611680957,0.0,0.3010835694445542,0.0,0.0007109981785138307,0.0,0.0,0.0105469511449493,0.0805636955036394,0.07966954898107473,20
burst,threshold,238.74015542205092,32.012112829573454,206.7280425943401,1.9645590239833108,23047.391576509475,2053.797425732482,0.0,34.17,34.472500000000004,0.9724999999999999,0.0,0.19026075288653374,0.0,0.0,0.0225,0.762109375,0.215390625,6.564908894066521,0.4015506348181804,6.303258583208404,0.02192713677490541,336.76504659058594,20.680755097121914,0.0,0.5302432411043481,0.8456506370836614,0.16421664124916782,0.0,0.00022671709330227666,0.0,0.0,0.003005528759636147,0.006660549636765425,0.006997359846333395,20
energy_limited,contextual_bandit,133.26172299435132,27.478804533910004,105.78291851358259,1.5946610142616555,17132.62219473362,1470.8147939337791,0.0,42.6425,10.3925,1.9925000000000002,0.0,0.190284220315516,0.0,0.0,7.8125e-05,0.5701562499999999,0.42976562500000004,4.195024830282689,0.3730278396129536,3.966888391219183,0.010088648299784984,178.69380715489785,25.70921962050926,0.0,0.7768483900045307,4.007305007240231,0.24348078925624117,0.0,0.00022630157439893655,0.0,0.0,0.000240463676269958,0.013870676335585773,0.013871371102614452,20
energy_limited,fixed_ground,327.8641407334,28.394989836215974,299.4691508975939,2.0447603380307555,23670.8112441349,2307.5062146043774,0.0,47.525,48.31,2.9675000000000002,0.0,0.19001285031437873,0.0,0.0,0.0,1.0,0.0,5.633031407350587,0.23801989148709035,5.516263511445818,0.021751455026814043,296.9887942325905,17.95066120750974,0.0,0.7335027714940632,0.8538766088597891,0.26718562441631644,0.0,7.453495027447035e-05,0.0,0.0,0.0,0.0,0.0,20
energy_limited,fixed_onboard,238.64499067276233,64.09522418711335,174.54976647454762,1.9557365540438334,34504.00611719132,69.03268153773621,0.0,46.55,26.747500000000002,0.0,0.0,0.1995370865985751,0.0,0.0,1.0,0.0,0.0,6.963984769481542,0.5145105561998019,6.600093875002723,0.009740279629597056,281.95680739700987,1.0065313299030076,0.0,0.33756091068287525,1.5776794251117843,0.0,0.0,0.001367851078585482,0.0,0.0,0.0,0.0,0.0,20
energy_limited,immediate_argmin,225.31141144742915,26.792721716724337,198.51868974705886,1.7744093297817745,19616.6046186018,1896.8102139461785,0.0,43.1375,31.555,2.4875,0.0,0.19026075288653374,0.0,0.0,3.90625e-05,0.7965234375,0.2034375,7.727179059247082,0.24844818332101132,7.547541054683902,0.02360484010310534,341.2062255919944,31.184565253908286,0.0,0.598875041882255,1.7264886787623983,0.319487665522556,0.0,0.00022671709330227666,0.0,0.0,0.0001746928107421711,0.011399080186194122,0.011427015614554083,20
energy_limited,centered_full_action_dqn,118.99581800171174,28.44896590375341,90.54685212031008,1.4845416835835203,16116.52429130554,845.3836382560432,0.0,38.745,0.0,1.16,0.0,0.19265183568000793,0.0,0.0,0.0033984375000000004,0.258828125,0.7377734375,1.6510608408068308,0.6239779067076661,1.248089868891127,0.010042119503592498,189.78435964016643,136.9208682683979,0.0,0.4468898368902451,0.0,0.2760625405877977,0.0,0.0006630131548305435,0.0,0.0,0.007116510661314201,0.0810992639591778,0.08466699710238165,20
energy_limited,mpc_h4,125.99816219704803,27.418708446752284,98.57945377484542,1.5913955587637612,17155.934563913346,1421.4108121136203,0.0,41.802499999999995,1.27,1.1,311.70755349303363,0.19030441608279944,0.0,0.0,0.004296875,0.5513671875,0.4443359375,1.5832991709557511,0.3547862832882736,1.3317864788869884,0.011363785586902918,185.50514223632226,19.303010157783355,0.0,0.563932386764677,0.3415907061474533,0.2058359080739597,5.41200028991204,0.0002601904678547656,0.0,0.0,0.0012546172946046347,0.010026931636280918,0.009998056323235974,20
energy_limited,standard_dqn,119.6742374736406,28.77454113875516,90.89969635152816,1.4897598899435252,16221.407261400222,819.9341501711309,0.0,38.845,0.0,1.145,0.0,0.1927281368523836,0.0,0.0,0.009648437499999999,0.24281250000000001,0.7475390625,2.1442486187571066,0.9366564454130221,1.4302819521181553,0.009979384782740144,212.15175640780046,183.5228757408303,0.0,0.5353061101640336,0.0,0.31743213116308316,0.0,0.000776696819595233,0.0,0.0,0.015462300539468954,0.1101539461778498,0.10813538457652211,20
energy_limited,threshold,246.45740689847088,28.58194141438231,217.87546549273125,1.8402045355783776,20968.32324699402,1950.2811513878405,0.0,43.4975,34.5175,1.3525,0.0,0.19026075288653374,0.0,0.0,0.012773437500000002,0.8119531249999999,0.1752734375,6.450346282861077,0.2708664925332522,6.335816709591129,0.015013758923892489,215.99025830435815,19.963470811579683,0.0,0.5519045970188365,1.2993191536946918,0.2035701094799632,0.0,0.00022671709330227666,0.0,0.0,0.0032089364803161726,0.007931252073742007,0.008828925499338058,20
link_limited,contextual_bandit,139.75265494662295,33.790554016176614,105.96210093594115,1.8944418910564855,22073.08443244934,966.2795084613748,0.0,38.9625,26.3525,1.35,0.0,0.19046956408768892,0.0,0.0,0.0006640625,0.297734375,0.7016015624999999,7.362768461208515,0.6055672189517307,6.923403845115057,0.021363419340470858,345.5408940176624,30.41666689917314,0.0,0.9752024081400258,5.265640236976236,0.2640773411432021,0.0,0.0003138673238916887,0.0,0.0,0.0012228496751951975,0.016487112752824305,0.01682381942305141,20
link_limited,fixed_ground,410.5527156508445,39.33192047657445,371.22079517427017,3.7609621473029256,47975.10198986054,2307.5062146043774,0.0,50.9975,56.08,2.9675000000000002,0.0,0.19001285031437873,0.0,0.0,0.0,1.0,0.0,5.801723895664578,0.48434237654055173,5.564160435635794,0.06322557734346756,928.6077592616293,17.95066120750974,0.0,0.8814573757494791,0.6906137621138541,0.26718562441631644,0.0,7.453495027447035e-05,0.0,0.0,0.0,0.0,0.0,20
link_limited,fixed_onboard,209.15411571315934,63.34037830147893,145.81373741387839,1.9557365540438334,34983.99477573395,69.03268153773621,0.0,35.8675,26.747500000000002,0.0,0.0,0.1995370865985751,0.0,0.0,1.0,0.0,0.0,7.222300438078015,0.5212575614649609,6.84947172727845,0.009740279629597056,284.8358033129254,1.0065313299030076,0.0,0.3569885004782149,1.5776794251117843,0.0,0.0,0.001367851078585482,0.0,0.0,0.0,0.0,0.0,20
link_limited,immediate_argmin,272.0244374446249,32.226231393497436,239.7982060503079,2.27476532347966,27039.813045239447,1592.2876689442433,0.0,38.7525,40.6875,2.2875,0.0,0.1906346056982875,0.0,0.0,0.0012890625,0.6488671874999999,0.34984375,7.9791622724289075,0.3580907420188483,7.732003753067867,0.03221478491069791,472.5212394757056,29.85145141531053,0.0,0.651814269639184,1.4739737732437874,0.3203102936381007,0.0,0.00034586305413671764,0.0,0.0,0.0008511115869192228,0.012011087749525818,0.012000719550795364,20
link_limited,centered_full_action_dqn,101.79782795168087,31.73469214608893,70.06313582222536,1.6995709807123056,19834.198828310968,613.7526996392756,0.0,30.1475,0.0,0.8525,0.0,0.19289086066186428,0.0,0.0,0.006679687500000001,0.11277343749999999,0.880546875,1.803729357138155,0.4661012039871229,1.4905177149744335,0.012740758712840151,242.22986490225566,60.217500606691495,0.0,0.4601129723974546,0.0,0.20162171457825095,0.0,0.0006509873073596486,0.0,0.0,0.01133407851722865,0.03962447320726327,0.04525851764029296,20
link_limited,mpc_h4,115.73190920219092,32.518809031751005,83.21310019856585,1.8338158512907103,21382.683631792068,996.6329428521916,0.0,35.0325,2.8975,0.865,312.5182552350452,0.19097127381712198,0.0,0.0,0.008125,0.3275,0.6643749999999999,1.9210397311408283,0.447065534025958,1.5511854130852027,0.012137408253102118,221.98561683214612,12.132116281065608,0.0,0.5368708067662965,0.8950852649770007,0.2090706251862979,6.716587154485518,0.00044337935840876305,0.0,0.0,0.0028609676144251395,0.009074119139502979,0.009909385918225024,20
link_limited,standard_dqn,102.26094583284855,31.95315063519403,70.30779519612716,1.7040677192411386,19927.021936483383,608.5785474582389,0.0,30.22,0.0,0.8400000000000001,0.0,0.19292801558971404,0.0,0.0,0.013749999999999998,0.108359375,0.877890625,1.7452990460753448,0.7083018079813141,1.4253480477484763,0.01277948798172698,237.30098617290494,91.89513702474913,0.0,0.4736198786724272,0.0,0.21435337277741315,0.0,0.0006335888864741154,0.0,0.0,0.020534903394009815,0.05991257036367441,0.059187561221693455,20
link_limited,threshold,227.24689988780287,36.370636741742494,190.87626314185079,2.037054906748235,25580.240045232775,1355.4681898811832,0.0,36.072500000000005,33.94,0.9225,0.0,0.19206926424056292,0.0,0.0,0.12378906249999999,0.512578125,0.3636328125,8.36373530475876,0.5091468723054294,8.234270072908267,0.017703714757318297,273.9400228403094,36.16893852370715,0.0,0.5097664583956687,1.5674820573135764,0.17050621226527973,0.0,0.0009095727438404533,0.0,0.0,0.00668930493196878,0.01806752030260013,0.015245125255582123,20
nominal,contextual_bandit,101.00353182357642,27.823355237133804,73.18017658063117,1.6024422947806307,17261.935253238677,1462.252650380358,0.0,29.714999999999996,15.7975,1.9675,0.0,0.19025361627340315,0.0,0.0,0.00011718750000000002,0.5669921875,0.43289062500000003,4.940793198547125,0.43143105490624767,4.642244510217732,0.011144177241945118,195.36333335904692,22.32797332560736,0.0,0.76898771463734,4.422683009215108,0.27447317959281464,0.0,0.00019907817325493857,0.0,0.0,0.0002862090222910338,0.012424926181045931,0.012510018600237557,20
nominal,fixed_ground,299.55582150066806,28.394989836215974,271.16083166445213,2.0447603380307555,23670.8112441349,2307.5062146043774,0.0,36.9825,48.31,2.9675000000000002,0.0,0.19001285031437873,0.0,0.0,0.0,1.0,0.0,5.703948025184018,0.23801989148709035,5.582352754896172,0.021751455026814043,296.9887942325905,17.95066120750974,0.0,0.7119792649257495,0.8538766088597891,0.26718562441631644,0.0,7.453495027447035e-05,0.0,0.0,0.0,0.0,0.0,20
nominal,fixed_onboard,208.93812082338596,63.12438341002911,145.81373741387839,1.9557365540438334,34504.00611719132,69.03268153773621,0.0,35.8675,26.747500000000002,0.0,0.0,0.1995370865985751,0.0,0.0,1.0,0.0,0.0,7.220911716734119,0.5198802709127265,6.84947172727845,0.009740279629597056,281.95680739700987,1.0065313299030076,0.0,0.3569885004782149,1.5776794251117843,0.0,0.0,0.001367851078585482,0.0,0.0,0.0,0.0,0.0,20
nominal,immediate_argmin,193.42332960352286,26.79269259463996,166.63063701271994,1.7744078450347296,19616.587143034936,1896.7996242107452,0.0,30.77,31.555,2.4875,0.0,0.19026075288653374,0.0,0.0,7.8125e-05,0.7965234375,0.20339843750000003,8.33019134441854,0.24846223639491052,8.160359602736527,0.023605978941105832,341.22135728836156,31.1781866592309,0.0,0.6090112780910587,1.7264886787623983,0.319487665522556,0.0,0.00022671709330227666,0.0,0.0,0.000240463676269958,0.011399080186194122,0.011398516551933576,20
nominal,centered_full_action_dqn,77.66110048536771,28.130611520577226,49.53048897003382,1.4805192384449763,16068.986819791793,910.5120547291638,0.0,23.5,0.0,1.295,0.0,0.19171729266643525,0.0,0.0,0.00125,0.3031640625,0.6955859375,1.8363428739786603,0.5246940030203938,1.4634227932120487,0.010089106267473101,202.04872758081018,110.58683316747431,0.0,0.5433812270356208,0.0,0.30903074280724885,0.0,0.0007341471118299163,0.0,0.0,0.0029711295864934674,0.06462588986569848,0.06569167342628159,20
nominal,mpc_h4,90.82778442196862,27.61021219495684,63.21757225882576,1.5883881984790786,17159.221444602015,1422.2249479448797,0.0,28.5325,1.4925,1.0825,311.923828254221,0.19030441608279944,0.0,0.0,0.0047265625,0.554765625,0.44050781250000004,1.707040510645147,0.35064802091680675,1.4350192257155823,0.009061702214979888,167.23075581218998,18.28435368982245,0.0,0.5232175254589316,0.36823726618924146,0.22842423597102685,5.746705187605766,0.0002601904678547656,0.0,0.0,0.0016712754089612768,0.009598152812794957,0.009279513034124876,20
nominal,standard_dqn,78.32949279484153,28.36898778047413,49.96050499229506,1.4840100509882905,16124.045756382944,878.2996723295935,0.0,23.6325,0.0,1.26,0.0,0.19190480407327412,0.0,0.0,0.0044531250000000005,0.2816796875,0.7138671875,1.8848841906705494,0.7038094811270184,1.3800499997472664,0.00881810671993473,171.51977796040285,147.03868863492775,0.0,0.5577858011817797,0.0,0.2922688020155058,0.0,0.0007109981785138307,0.0,0.0,0.008345702511543544,0.0875482549476992,0.08645622268580708,20
nominal,threshold,188.08077669705514,28.527264726683494,159.553511966814,1.8026819835160857,20460.340018343926,1860.1008050333148,0.0,30.6975,29.2625,0.9625,0.0,0.19026075288653374,0.0,0.0,0.02046875,0.7675390625,0.2119921875,6.414127647582824,0.3390813411551673,6.162293836849715,0.017006983859853192,263.51431647697984,14.026617086907896,0.0,0.6323462991947238,0.9674811299669399,0.16848785681685444,0.0,0.00022671709330227666,0.0,0.0,0.0035449707240272845,0.006096358879797265,0.007412780092282923,20
reduced_coupling,contextual_bandit,26.391732556848304,25.779369016382844,0.6123635404654584,1.655218860555906,17863.93527393818,1783.416381083578,0.0,0.0,2.59,1.0125,0.0,0.1897268080338836,0.43638460367918014,0.2325,0.0046484375,0.7267187500000001,0.26863281250000004,1.0495909202800022,0.3267059309109023,0.7860234888375732,0.031006284611423126,550.1623665283043,81.37858577681992,0.0,0.0,2.8785778652514837,0.24702173354202114,0.0,9.953881260225447e-05,0.015500097076468282,0.14260268691644443,0.006334112258591632,0.05082367913699024,0.05349515191369133,20
reduced_coupling,fixed_ground,51.721448912911555,27.32610060973093,24.395348303180633,1.8897173141501846,21599.902082881927,2307.5062146043774,0.0,0.01,26.1875,1.2449999999999999,0.0,0.18960642520338297,0.3191343815997243,0.0,0.0,1.0,0.0,1.668981150595779,0.2153192073524645,1.5171335035460487,0.016857873916733736,234.76800265323652,17.95066120750974,0.0,0.03479261869692297,1.007325144810959,0.29951715529463324,0.0,3.7267567787568665e-05,0.008427647594671756,0.0,0.0,0.0,0.0,20
reduced_coupling,fixed_onboard,59.84182414773852,59.84182414773852,0.0,1.9557365540438334,34493.149369068145,69.03268153773621,0.0,0.0,0.0,0.0,0.0,0.1943685431033373,0.28613124269992113,1.0,1.0,0.0,0.0,0.5192173149222987,0.5192173149222987,0.0,0.009740279629597056,281.8889831547654,1.0065313299030076,0.0,0.0,0.0,0.0,0.0,0.00068392488299297,0.004870133700144011,0.0,0.0,0.0,0.0,20
reduced_coupling,immediate_argmin,26.653855428794884,25.58941998893395,1.0644354398609357,1.658220093175769,17875.039515757562,1799.542866163105,0.0,0.0,2.8225000000000002,1.0325,0.0,0.18973037645220756,0.4348826382309198,0.2425,0.0,0.735546875,0.264453125,0.6288234946536481,0.22738932285113053,0.46918532386795214,0.01737093460171445,260.27676776587714,28.07156508402705,0.0,0.0,1.0518748925008545,0.2514562847850391,0.0,0.000113358469728091,0.00868558452058526,0.12489469248341308,0.0,0.01161411620884257,0.011614116208842604,20
reduced_coupling,centered_full_action_dqn,27.614439795300363,27.54252878925763,0.07191100604273384,1.4714455604017713,15966.082053542137,1048.7047737490386,0.0,0.0,0.0,0.7675,0.0,0.1904586460441351,0.5282711107283831,0.4425,0.0009765625,0.3905078125,0.608515625,0.5551966330477507,0.552937789808445,0.018381397795849838,0.01009478115060626,188.9876283373951,117.37520051391006,0.0,0.0,0.0,0.19552560742239042,0.0,0.00036707338915287007,0.005045694001590593,0.13005565610234154,0.0038513827590973574,0.07091720733036977,0.07198080206237469,20
reduced_coupling,mpc_h4,25.703282035795485,25.604146955441685,0.0991350803538014,1.6342284502158873,17522.382269768714,1732.3835972002894,0.0,0.0,0.7325,0.8800000000000001,310.62843223073287,0.1897374490275979,0.44687843166291713,0.335,0.001328125,0.6990234375,0.29964843750000003,0.26058100604581275,0.24125887645904967,0.02509926368035579,0.015841031182724005,232.93499066853417,23.472100383224262,0.0,0.0,0.3407711842277748,0.23192557789991716,5.031958431337036,0.00011597492500829717,0.007920230590866932,0.15398222727246635,0.0010170473340043043,0.010851621853641994,0.010421556897615163,20
reduced_coupling,standard_dqn,27.81088588196784,27.739558608094228,0.07132727387361233,1.4724451568047516,15958.850756344797,997.7347115179897,0.0,0.0,0.0,0.75,0.0,0.19055240154266356,0.5277693282812834,0.4525,0.0005078124999999999,0.35628906250000003,0.643203125,0.6838146485209893,0.6894160155783478,0.021149902128453926,0.009300765952216511,171.92051941743853,141.69083291802283,0.0,0.0,0.0,0.22004784168807234,0.0,0.0003554989535981287,0.004652995162728249,0.13905224311671308,0.0012228496751951975,0.08685236528010724,0.08699487806544541,20
reduced_coupling,threshold,26.433141310304638,26.432963804434984,0.0001775058696498588,1.6545943720382639,18055.924723963737,1717.9344925430419,0.0,0.0,0.0075000000000000015,0.0,0.0,0.18973037645220756,0.43669717319309714,0.9949999999999999,0.0164453125,0.693828125,0.2897265625,0.38179501865231086,0.38162920243826665,0.0005761866061377442,0.014505759910735373,256.76078922213486,21.97790730634884,0.0,0.0,0.024468024246479647,0.0,0.0,0.000113358469728091,0.007252572054817218,0.015389675281277326,0.003831312448512258,0.011289848560094505,0.010905954862354055,20
static,contextual_bandit,24.77973271589726,24.77973271589726,0.0,1.598733398753684,16988.791284995077,1761.6237115424872,0.0,0.0,0.0,0.3975,0.0,0.1891999989748001,0.8859999775886536,0.6599999999999999,0.001953125,0.7038671875,0.2941796875,0.32719745628811625,0.32719745628811625,0.0,0.03592041929191358,677.898761964753,146.45221278395485,0.0,0.0,0.0,0.12404901408208305,0.0,0.0,0.0,0.09403246919632544,0.00704038149735435,0.08931119874643659,0.09132854005240881,20
static,fixed_ground,26.483260649666192,26.483260649666192,0.0,1.7703089290717617,19990.78329017639,2307.5062146043774,0.0,0.0,0.0,0.3975,0.0,0.1891999989748001,0.8859999775886536,0.6599999999999999,0.0,1.0,0.0,0.20020241279883275,0.20020241279883275,0.0,0.013825554836064596,194.9310672865517,17.95066120750974,0.0,0.0,0.0,0.12404901408208305,0.0,0.0,0.0,0.09403246919632544,0.0,0.0,0.0,20
static,fixed_onboard,56.10377251982688,56.10377251982688,0.0,1.9557365540438334,34482.743638496395,69.03268153773621,0.0,0.0,0.0,0.0,0.0,0.1891999989748001,0.8859999775886536,1.0,1.0,0.0,0.0,0.4946642452596225,0.4946642452596225,0.0,0.009740279629597056,281.8237435275566,1.0065313299030076,0.0,0.0,0.0,0.0,0.0,0.0,0.0,0.0,0.0,0.0,0.0,20
static,immediate_argmin,24.552112738676367,24.552112738676367,0.0,1.5811109669646248,16654.474163417814,1713.947043277621,0.0,0.0,0.0,0.3975,0.0,0.1891999989748001,0.8859999775886536,0.6599999999999999,0.0,0.671640625,0.328359375,0.20996790035346483,0.20996790035346483,0.0,0.01302367290447707,200.02011471176297,23.114062510051635,0.0,0.0,0.0,0.12404901408208305,0.0,0.0,0.0,0.09403246919632544,0.0,0.009323804843510418,0.009323804843510426,20
static,centered_full_action_dqn,26.663967341817916,26.663967341817916,0.0,1.4887384395278058,16203.658718504905,1344.6155327892304,0.0,0.0,0.0,0.39,0.0,0.1891999989748001,0.8859999775886536,0.6625,0.0087890625,0.5489453125,0.442265625,0.6415104513628515,0.6415104513628515,0.0,0.029265939963487583,467.0784294451774,208.82422086739413,0.0,0.0,0.0,0.12204399551844108,0.0,0.0,0.0,0.09301244964774169,0.02603342454547552,0.11262479229701843,0.1182286262691491,20
static,mpc_h4,24.552112738676367,24.552112738676367,0.0,1.5811109669646248,16654.474163417814,1713.947043277621,0.0,0.0,0.0,0.3975,308.65980300528463,0.1891999989748001,0.8859999775886536,0.6599999999999999,0.0,0.671640625,0.328359375,0.20996790035346483,0.20996790035346483,0.0,0.01302367290447707,200.02011471176297,23.114062510051635,0.0,0.0,0.0,0.12404901408208305,5.522121171085773,0.0,0.0,0.09403246919632544,0.0,0.009323804843510418,0.009323804843510426,20
static,standard_dqn,26.84619916038588,26.84619916038588,0.0,1.4937091933400368,16273.799463977814,1322.877059487067,0.0,0.0,0.0,0.395,0.0,0.1891999989748001,0.8859999775886536,0.6599999999999999,0.013515624999999998,0.5312890625,0.4551953125,0.9946556414609126,0.9946556414609126,0.0,0.03393743910561656,595.3959441778973,244.984694644842,0.0,0.0,0.0,0.12128695855610147,0.0,0.0,0.0,0.09403246919632544,0.040233357006794555,0.13507683603004378,0.13858611367698886,20
static,threshold,24.735193833168598,24.735193833168598,0.0,1.5845090611232444,16779.126818780896,1704.9777957603335,0.0,0.0,0.0,0.0,0.0,0.1891999989748001,0.8859999775886536,1.0,0.00625,0.6680078125,0.3257421875,0.24654201399668543,0.24654201399668543,0.0,0.013185797631449262,215.61353547512297,21.713800855691723,0.0,0.0,0.0,0.0,0.0,0.0,0.0,0.0,0.0019958324176828288,0.008941725141111067,0.009847844673647278,20
thermal_stress,contextual_bandit,137.74175264788167,31.91184436600655,105.82990829428033,1.7085511553543618,19066.638164205553,1490.5989185339213,0.0,33.6725,29.3625,1.9300000000000002,0.0,0.36222563721239565,0.0,0.0,7.8125e-05,0.5,0.49992187499999996,10.792838651354389,0.49266559900682544,10.576688736584748,0.013286647662630827,218.35765100037963,31.892067256859587,0.0,0.6580423518605079,4.302535207354649,0.27834094957538374,0.0,0.00019830664911185062,0.0,0.0,0.000240463676269958,0.014635616648131122,0.014696726875015961,20
thermal_stress,fixed_ground,319.2467237088028,31.996316643264144,287.25040706553875,2.299083119845018,27326.31510528565,2568.160271167755,0.0,39.1825,48.335,3.1125,0.0,0.36201282747089863,0.0,0.0,0.0,1.0,0.0,4.149269022816231,0.2948697255331198,4.007608680870111,0.03043436948540116,416.33865232316157,20.696588326480367,0.0,0.565981913417548,0.8548776459082803,0.2674809388191594,0.0,7.453513557513733e-05,0.0,0.0,0.0,0.0,0.0,20
thermal_stress,fixed_onboard,290.6898706989858,69.01432518020272,221.6755455184479,2.0902252760855484,38411.593496646885,76.84725188808515,0.0,37.7875,36.065,0.0,0.0,0.37153706297278405,0.0,0.0,1.0,0.0,0.0,6.11322884886223,0.5753154779703161,5.783071145360302,0.01140455491100558,330.78624248085913,1.147866084714432,0.0,0.36845159647824643,0.774613655824292,0.0,0.0,0.0013678501647277684,0.0,0.0,0.0,0.0,0.0,20
thermal_stress,immediate_argmin,247.58351350844336,30.08442826703191,217.49908524157908,1.951408964607399,22314.130687799454,2119.38819190681,0.0,34.565,37.45,2.6350000000000002,0.0,0.3621487123519182,0.0,0.0,0.00011718750000000002,0.80859375,0.1912890625,6.24835846506905,0.2839417890342749,6.078518025269476,0.027244103710080642,387.5215294920366,30.776865641523454,0.0,0.49313711128479915,1.2222713972031947,0.28612658221953374,0.0,0.0001583031770695103,0.0,0.0,0.0002862090222910338,0.008940018507869697,0.00896612133103617,20
thermal_stress,centered_full_action_dqn,97.1037797466591,31.81523703510873,65.28854271254689,1.581825408716686,17896.820907211302,986.6539377177508,0.0,28.71,0.0,1.3125,0.0,0.3636386179924011,0.0,0.0,0.0019921875,0.2967578125,0.70125,1.9274567586744802,0.5523010977810007,1.5803027974076627,0.010955536848828547,230.5501514941669,100.34684794048246,0.0,0.5253069278251074,0.0,0.293739501492125,0.0,0.0007229772817494798,0.0,0.0,0.004090828293971354,0.0567000878887439,0.058156758620050236,20
thermal_stress,mpc_h4,109.19765372792028,31.75126280894503,77.44639094706395,1.6846579595515503,18931.18555593967,1429.2130236981063,0.0,32.39,4.865,1.0574999999999999,311.6200077466783,0.36222232222557066,0.0,0.0,0.0047265625,0.49343750000000003,0.5018359375,2.0116805799106334,0.4745542278241151,1.6288439841215254,0.011962782497750353,226.5449007627185,22.3550373810682,0.0,0.40477414105048715,1.1366038980456785,0.22140401270551818,5.783191371875348,0.0001916228568817902,0.0,0.0,0.0015308261698623808,0.011544482761771644,0.011052249911418077,20
thermal_stress,standard_dqn,97.55133761291765,32.07080661085435,65.48053104002402,1.5849628044851125,17959.08145602703,946.7543581854737,0.0,28.775,0.0,1.2775,0.0,0.36378967866301537,0.0,0.0,0.0058203125,0.273203125,0.7209765625,2.029376751590585,0.7428923483465817,1.5882157437556779,0.009924943600750432,205.28635093773738,141.24408753543568,0.0,0.4927100139988396,0.0,0.2997696484056768,0.0,0.000668038847494381,0.0,0.0,0.010568478118876795,0.08013375594914074,0.07909767645993793,20
thermal_stress,threshold,241.7965611817407,32.212553737442946,209.58400744303117,1.9693837573938073,23147.252829537392,2059.92560426021,0.0,34.3275,35.03,0.97,0.0,0.3621487123519182,0.0,0.0,0.0225,0.7688671874999999,0.20863281250000001,6.260269330594167,0.3946913735223874,6.008853977375832,0.02281637013447263,340.08606369810457,21.692836094936776,0.0,0.5471156425435029,0.9128324916953473,0.1625455401774498,0.0,0.0001583031770695103,0.0,0.0,0.0032121883168479927,0.007562934109713071,0.007343990582565392,20
