variant,model_seed,episode,cost,rolling_cost,immediate_cost,penalty,energy_use,latency_ms,thermal_violation,energy_violation,queue_violation,contact_violation,epsilon,loss,td_loss,auxiliary_loss
immediate_advantage_dqn,812,0,103.03328867256641,103.03328867256641,36.461854830384254,66.5714335590601,1.7272336520254612,21920.5168800354,0.0,27.0,0.0,3.0,0.9954761904761905,,,
immediate_advantage_dqn,812,1,158.71712352643664,130.87520609950153,43.368828266859055,115.34829522977526,1.8226012391969562,25169.48838043213,0.0,36.0,34.0,1.0,0.9909523809523809,1.59024178981781,1.5798858404159546,0.034519825130701065
immediate_advantage_dqn,812,2,107.53173922896386,123.09405047598898,38.73057056963444,68.80116859972478,1.7282254798337817,22750.5037651062,0.0,32.0,0.0,1.0,0.9864285714285714,1.3742053732275963,1.3646052554249763,0.032000419101677835
immediate_advantage_dqn,812,3,113.38717518746853,120.66733165385887,38.960541009902954,74.42663362622261,1.7524677095934749,23121.66534423828,0.0,30.0,0.0,1.0,0.981904761904762,1.2231209203600883,1.2158633172512054,0.024191996199078858
immediate_advantage_dqn,812,4,107.51222983002663,118.03631128909242,39.711066260933876,67.80116383731365,1.6786982333287597,23026.617156982422,0.0,29.0,0.0,1.0,0.9773809523809524,1.1090520359575748,1.1053596697747707,0.012307965982472524
immediate_advantage_dqn,812,5,125.23700095713139,119.23642623376558,45.70256109535694,79.534438803792,1.7800285844132304,25224.43934249878,0.0,35.0,0.0,0.0,0.9728571428571429,0.8447012379765511,0.8410475254058838,0.012179053883301094
immediate_advantage_dqn,812,6,201.39619990531202,130.97353675827222,46.625752687454224,154.77044718805544,1.9690721053630114,27467.052101135254,0.0,35.0,33.0,1.0,0.9683333333333334,0.7812477797269821,0.7778582572937012,0.011298400204395875
immediate_advantage_dqn,812,7,114.4838050660491,128.91232029674433,42.697189413011074,71.78661577224732,1.787545332685113,24886.269916534424,0.0,31.0,1.0,0.0,0.9638095238095238,0.8879905417561531,0.8844629563391209,0.011758611595723778
immediate_advantage_dqn,812,8,120.03438399732113,127.92588293014175,41.05096499621868,78.98341861367226,1.7511538825929165,23929.391719818115,0.0,33.0,0.0,0.0,0.9592857142857143,0.8580609187483788,0.8514467366039753,0.022047260426916182
immediate_advantage_dqn,812,9,130.12725418121397,128.14602005524898,40.83175392448902,89.29549998850403,1.819293518550694,24317.32989501953,0.0,35.0,8.0,0.0,0.9547619047619048,0.6331628113985062,0.6291915997862816,0.013237382052466273
immediate_advantage_dqn,812,10,95.9106865376234,125.2155351900103,34.41341236233711,61.49727427959442,1.6779054775834084,21224.154876708984,0.0,28.0,0.0,0.0,0.9502380952380952,0.49438541382551193,0.4902848545461893,0.013668526255059987
immediate_advantage_dqn,812,11,147.01638361262127,127.0322725585612,40.330702513456345,106.68568103956031,1.838633019477129,24783.035551071167,0.0,36.0,17.0,1.0,0.9457142857142857,0.3652105648070574,0.3604417163878679,0.015896149212494493
immediate_advantage_dqn,812,12,102.69220610216615,125.15995975422312,36.358544677495956,66.33366112664697,1.68974279332906,21728.321670532227,0.0,29.0,1.0,1.0,0.9411904761904761,0.3197852000594139,0.31518460903316736,0.0153352958150208
immediate_advantage_dqn,812,13,134.79063561667783,125.8478651729699,44.1071352660656,90.6835002463041,1.881223157979548,26745.21745300293,0.0,33.0,13.0,0.0,0.9366666666666666,0.2628455739468336,0.2586539462208748,0.013972084445413202
immediate_advantage_dqn,812,14,116.14392975717783,125.20093614525042,42.67136738449335,73.4725631326437,1.7644452415406704,24247.242500305176,0.0,31.0,0.0,0.0,0.9321428571428572,0.25258182268589735,0.2485708501189947,0.013369909138418734
immediate_advantage_dqn,812,15,117.51752442121506,124.7207229124982,40.05608604848385,77.46143916249275,1.754819879308343,23729.434356689453,0.0,33.0,0.0,1.0,0.9276190476190476,0.5373817924410105,0.5332738673314452,0.013693103741388768
immediate_advantage_dqn,812,16,122.46802976424938,124.58821155083649,41.34672240167856,81.12130678887613,1.766526554711163,24476.84204864502,0.0,34.0,9.0,0.0,0.9230952380952381,0.5919627770781517,0.5867334995418787,0.017430915613658726
immediate_advantage_dqn,812,17,97.27212564051152,123.07065122248511,32.61083620786667,64.66128996908665,1.639148292131722,19556.390228271484,0.0,27.0,0.0,2.0,0.9185714285714286,0.36791578587144613,0.3641106616705656,0.012683755368925631
immediate_advantage_dqn,812,18,167.73238047706167,125.42126855167335,41.931178733706474,125.8012017731575,1.886497219093144,25404.295625686646,0.0,36.0,34.0,2.0,0.914047619047619,0.2593293497338891,0.2547876685857773,0.015138950373511761
immediate_advantage_dqn,812,19,134.7456335992498,125.88748680405217,43.54292640089989,91.2027067513151,1.8730547400191426,25959.309993743896,0.0,36.0,6.0,2.0,0.9095238095238095,0.2517978586256504,0.24812307581305504,0.01224926847498864
immediate_advantage_dqn,812,20,137.25784400968413,127.59871457090807,42.527705654501915,94.73013851909496,1.8237125789746642,24695.285987854004,0.0,37.0,15.0,0.0,0.905,0.22509305085986853,0.22188942693173885,0.010678746097255498
immediate_advantage_dqn,812,21,194.1825405607614,129.37198542262428,44.25538621842861,149.9271543125305,1.9874420082196593,27228.936698913574,0.0,35.0,31.0,1.0,0.9004761904761904,0.24791523441672325,0.2443161914125085,0.011996798100881279
immediate_advantage_dqn,812,22,138.54261840066923,130.92252938120959,46.09595622122288,92.44666282019625,1.8882113182917237,26847.983268737793,0.0,36.0,9.0,2.0,0.895952380952381,0.23509574588388205,0.23162597604095936,0.011565899651031941
immediate_advantage_dqn,812,23,121.03611842076623,131.30497654287447,38.05966420471668,82.97645427565419,1.7465276271104813,23179.64359474182,0.0,33.0,9.0,0.0,0.8914285714285715,0.6011520931497216,0.5978839509189129,0.010893837024923414
immediate_advantage_dqn,812,24,117.61755801737309,131.81024295224182,39.031318947672844,78.58623886108398,1.746728690341115,23422.56439971924,0.0,32.0,0.0,1.0,0.8869047619047619,0.5668124165385962,0.5635599680244923,0.010841508978046477
immediate_advantage_dqn,812,25,124.635990858078,131.78019244728912,41.964709013700485,82.67128095030785,1.7880453914403915,24175.266235351562,0.0,34.0,0.0,0.0,0.8823809523809524,0.37841163389384747,0.37539265025407076,0.010063269932288677
immediate_advantage_dqn,812,26,204.85837039516554,131.95330097178177,44.60569824278355,160.2526722119867,1.9529607882723212,26974.195770263672,0.0,35.0,33.0,1.0,0.8778571428571429,0.25876939482986927,0.25533516705036163,0.011447420460171998
immediate_advantage_dqn,812,27,132.36478947246428,132.8473501921025,41.6325977742672,90.73219211542957,1.7950821528211236,25162.4129486084,0.0,33.0,20.0,1.0,0.8733333333333333,0.3489019023254514,0.34610880445688963,0.009310325607657433
immediate_advantage_dqn,812,28,132.0144705120674,133.44635451783984,38.65368699282408,93.36078423449905,1.8068205872550607,23767.3150100708,0.0,31.0,17.0,1.0,0.8688095238095238,0.23338799690827727,0.23085417598485947,0.00844607301405631
immediate_advantage_dqn,812,29,209.28604554659614,137.404294086109,44.318901881575584,164.96714372462526,1.9609007528051734,26995.674446105957,0.0,39.0,37.0,0.0,0.8642857142857143,0.3209666032344103,0.3185606086626649,0.008019979577511549
immediate_advantage_dqn,812,30,127.716761934036,138.9945978559296,41.64776752889156,86.06899494158625,1.8180994987487793,24529.067070007324,0.0,33.0,13.0,0.0,0.8597619047619047,0.26989115588366985,0.26723866630345583,0.008841620991006494
immediate_advantage_dqn,812,31,105.8486420378089,136.936210777189,39.90238016098738,65.94626262187958,1.753587638027966,23259.812549591064,0.0,28.0,0.0,2.0,0.8552380952380952,0.8404789017513394,0.8376844227313995,0.009314928378444165
immediate_advantage_dqn,812,32,107.35854172110558,137.16952755813594,39.494755521416664,67.86378606557847,1.684476695023477,23180.078018188477,0.0,29.0,0.0,2.0,0.8507142857142858,0.5449064746499062,0.5424695499241352,0.008123081614030525
immediate_advantage_dqn,812,33,104.64245958154278,135.66211875637921,35.57814136892557,69.06431837652997,1.7130334908142686,21503.569858551025,0.0,30.0,3.0,2.0,0.8461904761904762,0.44971938244998455,0.44704297184944153,0.008921375265344977
immediate_advantage_dqn,812,34,99.2691391557455,134.8183792263076,36.01866498589516,63.25047470629215,1.6416902523487806,20862.44672393799,0.0,30.0,0.0,1.0,0.8416666666666667,0.383062394335866,0.38031002786010504,0.009174552629701793
immediate_advantage_dqn,812,35,102.38469949364662,134.06173797992918,35.04115481674671,67.34354522824287,1.6473616976290941,20760.283546447754,0.0,31.0,0.0,1.0,0.8371428571428572,0.4238950088620186,0.4209543392062187,0.00980221462668851
immediate_advantage_dqn,812,36,104.92331872135401,133.1845024277844,33.82129047065973,71.10202780365944,1.6345897493883967,19980.99263572693,0.0,32.0,0.0,0.0,0.8326190476190476,0.3686109893023968,0.3655763007700443,0.010115637152921408
immediate_advantage_dqn,812,37,92.65044054389,132.95341817295332,32.270951598882675,60.379489094018936,1.573182124644518,19329.448223114014,0.0,26.0,0.0,0.0,0.8280952380952381,0.3329859673976898,0.3303703209385276,0.008718829427380115
immediate_advantage_dqn,812,38,100.81321664899588,129.60745998155002,35.29010463505983,65.5231120288372,1.682876723818481,21121.96273803711,0.0,28.0,0.0,0.0,0.8235714285714286,0.3325025662779808,0.32976954709738493,0.00911006549722515
immediate_advantage_dqn,812,39,207.10902007731013,133.22562930545303,42.07765485346317,165.03136513444,1.9393363110721111,25904.057579040527,0.0,38.0,35.0,0.0,0.819047619047619,0.7939534094184637,0.7912199730053544,0.00911142205586657
immediate_advantage_dqn,812,40,140.79121597037857,133.40229790348775,45.01864816248417,95.7725679718072,1.8904800871387124,26346.23184967041,0.0,36.0,13.0,2.0,0.8145238095238095,0.5950806811451912,0.5916718263179064,0.011362840596120805
immediate_advantage_dqn,812,41,143.93350842947484,130.88984629692345,45.13151462376118,98.8019940292311,1.8547322088852525,25455.471145629883,0.0,39.0,17.0,2.0,0.81,0.47850341349840164,0.4749180320650339,0.011951273889280856
immediate_advantage_dqn,812,42,117.35797508060932,129.83061413092045,39.48353625833988,77.87443925440311,1.7316061900928617,22701.441032409668,0.0,34.0,0.0,2.0,0.8054761904761905,0.5079104546457529,0.503803139552474,0.01369104313198477
immediate_advantage_dqn,812,43,111.78319683670998,129.36796805171764,39.55362747609615,72.22956982254982,1.75476348772645,23038.687343597412,0.0,32.0,0.0,1.0,0.800952380952381,0.4529525153338909,0.4495635814964771,0.011296438926365227
immediate_advantage_dqn,812,44,108.21699734777212,128.8979400182376,42.099657736718655,66.11733987927437,1.8500730767846107,24784.194313049316,0.0,28.0,0.0,0.0,0.7964285714285715,0.43169859144836664,0.42783023323863745,0.012894521350972354
immediate_advantage_dqn,812,45,152.05751637268494,130.26901629396792,39.75006137788296,112.30745500970309,1.802276672795415,23523.58169746399,0.0,34.0,26.0,1.0,0.7919047619047619,0.4224669598042965,0.4193168608471751,0.0105003185744863
immediate_advantage_dqn,812,46,88.98223621547223,124.47520958498326,34.227970361709595,54.754265242815016,1.514905421063304,18852.891563415527,0.0,25.0,0.0,1.0,0.7873809523809524,0.48088653199374676,0.4764437014237046,0.014809422485996038
immediate_advantage_dqn,812,47,102.78052379190922,122.99599630095551,36.89975020289421,65.8807737082243,1.6712432252243161,21280.68483734131,0.0,29.0,0.0,0.0,0.7828571428571429,0.8218819834291935,0.81893365457654,0.009827756584854797
immediate_advantage_dqn,812,48,115.5462197303772,122.17258376187101,38.6738715171814,76.87234858572484,1.7601432856172323,22702.148204803467,0.0,35.0,0.0,2.0,0.7783333333333333,0.5619452809914947,0.5574266016483307,0.015062271035276353
immediate_advantage_dqn,812,49,105.55672640502453,116.98611780479243,36.33833783864975,69.21838846206666,1.6784796295687556,21091.376918792725,0.0,29.0,0.0,1.0,0.7738095238095238,0.47433824092149734,0.47054117266088724,0.012656905862968415
immediate_advantage_dqn,812,50,117.66216730300607,116.48338807324095,42.22265054285526,75.43951667074383,1.837610900402069,25400.969078063965,0.0,31.0,10.0,1.0,0.7692857142857144,0.5664336094632745,0.5623345579952002,0.01366349373711273
immediate_advantage_dqn,812,51,102.0488900333643,116.29340047301869,35.44428117573261,66.60460852980614,1.7146116830408573,20963.614471435547,0.0,29.0,0.0,1.0,0.7647619047619048,0.5073779746890068,0.5034780167043209,0.012999876285903156
immediate_advantage_dqn,812,52,108.70214764773846,116.36058076935035,36.93549332022667,71.76665505766869,1.6847230736166239,21105.65314102173,0.0,32.0,0.0,1.0,0.7602380952380953,0.4730689935386181,0.4696070048958063,0.011539953004103154
immediate_advantage_dqn,812,53,106.20819664001465,116.43886762227392,36.626186683773994,69.58200944960117,1.7411205098032951,21813.62474822998,0.0,31.0,0.0,0.0,0.7557142857142858,0.5277920309454203,0.5238910214975476,0.01300337805878371
immediate_advantage_dqn,812,54,107.79378148317338,116.86509973864534,37.65477138757706,70.13901019990445,1.7130523873493075,21554.965301513672,0.0,31.0,0.0,1.0,0.7511904761904762,0.7512044850736856,0.7470533214509487,0.01383723207982257
immediate_advantage_dqn,812,55,119.01262603104115,117.69649606551506,39.92503443360329,79.08759121000767,1.769957666285336,23211.04969215393,0.0,33.0,0.0,2.0,0.7466666666666667,0.685020212084055,0.6810606010258198,0.01319872448220849
immediate_advantage_dqn,812,56,120.67115479375056,118.48388786913488,38.24965803325176,82.42149769927197,1.7464052960276604,22718.868627548218,0.0,34.0,10.0,0.0,0.7421428571428572,0.6222459860146046,0.6180136892944574,0.014107684837654233
immediate_advantage_dqn,812,57,119.06956569850445,119.8048441268656,42.10127332806587,76.96829310059547,1.7527619460597634,24228.837776184082,0.0,32.0,0.0,0.0,0.7376190476190476,0.535266743041575,0.5302292369306087,0.016791663656476885
immediate_advantage_dqn,812,58,97.25071734189987,119.6267191615108,33.148257449269295,64.10245987772942,1.6472380179911852,19856.36261367798,0.0,27.0,0.0,1.0,0.7330952380952381,0.5005142753943801,0.49603291880339384,0.014937846513930708
immediate_advantage_dqn,812,59,106.29180129766465,114.58585822252851,35.09284828603268,71.19895336925984,1.6568676345050335,20326.77503967285,0.0,31.0,0.0,2.0,0.7285714285714286,0.7184832822531462,0.7129809446632862,0.018341142626013607
immediate_advantage_dqn,812,60,88.6192637860775,111.97726061331348,33.50426582992077,55.114997807145116,1.605448728427291,20164.992612838745,0.0,24.0,0.0,2.0,0.724047619047619,0.5394373666495085,0.535849193111062,0.011960581818129867
immediate_advantage_dqn,812,61,119.85570135116578,110.77337025939804,40.01166474819183,79.84403678178788,1.7765013687312603,23035.17226409912,0.0,33.0,0.0,1.0,0.7195238095238095,0.617452584207058,0.6120563317090273,0.01798752008471638
immediate_advantage_dqn,812,62,121.2416020333767,110.96755160703637,41.1190150976181,80.12258750200272,1.7846768563613296,23794.589893341064,0.0,34.0,0.0,0.0,0.7150000000000001,0.801925796084106,0.7973234923556447,0.015341024613007903
immediate_advantage_dqn,812,63,97.08075145781041,110.2324293380914,34.28146904706955,62.79928236603737,1.665477879345417,19879.58097076416,0.0,27.0,0.0,1.0,0.7104761904761905,0.8375148773193359,0.833993686363101,0.011737299733795226
immediate_advantage_dqn,812,64,119.12812159359456,110.77798555038252,37.418433241546154,81.70968861281872,1.7522648628801107,21861.111293792725,0.0,35.0,0.0,1.0,0.7059523809523809,0.5353056499734521,0.5303041078150272,0.01667178131174296
immediate_advantage_dqn,812,65,110.55535846948624,108.7028776552226,37.67755377292633,72.87780445814133,1.7781623341143131,22354.774646759033,0.0,29.0,0.0,1.0,0.7014285714285715,0.6513849580660462,0.6470076758414507,0.014590968552511185
immediate_advantage_dqn,812,66,119.34396354943514,110.22096402192074,44.308803766965866,75.0351603114605,1.8343550572171807,25532.963577270508,0.0,31.0,1.0,0.0,0.6969047619047619,0.7994302902370691,0.7937752772122622,0.01885003538336605
immediate_advantage_dqn,812,67,118.2722644224763,110.99555105344912,39.89113824814558,78.38112607002259,1.7544446792453527,22897.108737945557,0.0,34.0,0.0,2.0,0.6923809523809523,0.5971971321851015,0.5923583898693323,0.01612914848374203
immediate_advantage_dqn,812,68,131.35346779574954,111.78591345671771,38.18754401803017,93.16592400123679,1.8436375902965665,22722.058559417725,0.0,39.0,6.0,2.0,0.687857142857143,0.5254249554127455,0.5210743388161063,0.01450207200832665
immediate_advantage_dqn,812,69,101.11173689365387,111.56366398114918,33.08561012148857,68.02612702548504,1.6577071445062757,19324.920249938965,0.0,29.0,0.0,1.0,0.6833333333333333,0.5784721067175269,0.5723163466900587,0.020519189885817468
immediate_advantage_dqn,812,70,109.69552227854729,111.16533172992624,38.58989579975605,71.10562637448311,1.7208691695705056,22200.08122253418,0.0,30.0,0.0,1.0,0.6788095238095238,0.9815245848149061,0.9770752098411322,0.014831255772151053
immediate_advantage_dqn,812,71,97.37416558265686,110.93159550739088,35.403591468930244,61.97057409882545,1.649737749248743,20350.728755950928,0.0,29.0,0.0,2.0,0.6742857142857144,0.7993286903947592,0.7932479605078697,0.020269063476007432
immediate_advantage_dqn,812,72,106.32762149721384,110.81286919986465,36.96693953126669,69.36068168282509,1.7443115450441837,21933.323307037354,0.0,29.0,0.0,0.0,0.6697619047619048,0.751137763261795,0.7449423689395189,0.020651356142479926
immediate_advantage_dqn,812,73,103.9953975379467,110.70222924476124,34.22088107466698,69.77451632916927,1.6270364113152027,19574.39712715149,0.0,30.0,0.0,0.0,0.6652380952380952,0.5959013076499104,0.5881570372730494,0.025814224150963128
immediate_advantage_dqn,812,74,126.08406010270119,111.61674317573761,42.07254593074322,84.01151363551617,1.830826984718442,23996.651878356934,0.0,35.0,0.0,0.0,0.6607142857142857,0.7118741348385811,0.705314576625824,0.021865175978746265
immediate_advantage_dqn,812,75,96.28297634422779,110.48026069139696,33.77600088715553,62.50697548687458,1.6265304433181882,19673.85034942627,0.0,28.0,0.0,0.0,0.6561904761904762,0.5806777961552143,0.5750007135793567,0.018923597293905914
immediate_advantage_dqn,812,76,103.31878538429737,109.6126422209243,34.84034602344036,68.47843971848488,1.606578590348363,19995.59321975708,0.0,29.0,0.0,0.0,0.6516666666666667,0.6256591528654099,0.6199402585625648,0.019062998704612255
immediate_advantage_dqn,812,77,114.46941868772484,109.38263487038532,37.92930465191603,76.5401136185763,1.7629725337028503,22420.807914733887,0.0,32.0,4.0,0.0,0.6471428571428571,0.6894516386091709,0.6837660521268845,0.01895193086238578
immediate_advantage_dqn,812,78,176.9736318269914,113.3687805946399,39.68913407623768,137.28449769114908,1.9434720976278186,25102.084815979004,0.0,38.0,34.0,1.0,0.6426190476190476,0.9214353431016207,0.9154676888138056,0.01989221281837672
immediate_advantage_dqn,812,79,108.81249269247056,113.49481516438019,36.831257581710815,71.98123490214348,1.6710015861317515,21019.572158813477,0.0,30.0,0.0,1.0,0.6380952380952382,0.8003652635961771,0.7939138263463974,0.021504799253307283
immediate_advantage_dqn,812,80,123.4875572860241,115.23822983937752,40.97053316235542,82.51702403426171,1.753945647738874,23323.683296203613,0.0,33.0,0.0,1.0,0.6335714285714286,0.7417839067056775,0.73471599817276,0.023559674504213035
immediate_advantage_dqn,812,81,113.76284640431405,114.93358709203494,37.79440088570118,75.96844575703145,1.7505492810159922,21930.186752319336,0.0,34.0,0.0,1.0,0.6290476190476191,0.8070604866370559,0.7984453625977039,0.028717116685584188
immediate_advantage_dqn,812,82,123.52769899474391,115.0478919401033,38.91856414079666,84.60913530098209,1.8082394357770681,23104.32788848877,0.0,32.0,19.0,1.0,0.6245238095238095,0.6269826935604215,0.6225636843591928,0.014730034919921309
immediate_advantage_dqn,812,83,112.82468881458044,115.83508880794179,36.04289286583662,76.7817956507206,1.7579632122069597,21410.565830230713,0.0,32.0,0.0,0.0,0.62,0.8252008520066738,0.8166318573057652,0.028563308413140476
immediate_advantage_dqn,812,84,128.95241266590506,116.32630336155735,38.93869145214558,90.01372102004439,1.8170160707086325,22418.044677734375,0.0,37.0,2.0,1.0,0.6154761904761905,0.6644072327762842,0.6589693939313293,0.018126138718798757
immediate_advantage_dqn,812,85,107.3002437144518,116.16354762380563,38.69397900253534,68.60626476407052,1.6763177383691072,21822.25804901123,0.0,29.0,0.0,1.0,0.6109523809523809,0.8415128365159035,0.834095417521894,0.024724723887629807
immediate_advantage_dqn,812,86,119.96421365439892,116.19456012905377,39.76549156010151,80.19872249662876,1.790730381384492,23101.23447418213,0.0,34.0,0.0,0.0,0.6064285714285714,1.140514463186264,1.1340214982628822,0.021643204090651125
immediate_advantage_dqn,812,87,116.50705932080746,116.10629987397036,39.213600009679794,77.29345887899399,1.7323401644825935,21975.1033782959,0.0,32.0,0.0,2.0,0.6019047619047619,0.7762165069580078,0.76847536675632,0.02580380323342979
immediate_advantage_dqn,812,88,119.7942748606205,115.5283402272139,42.96850151568651,76.8257736504078,1.8497647624462843,24866.918952941895,0.0,32.0,0.0,2.0,0.5973809523809523,0.9146323688328266,0.9083561189472675,0.020920855808071792
immediate_advantage_dqn,812,89,112.893818500638,116.11744430756312,37.813335448503494,75.08048287332058,1.70132951810956,21575.63463973999,0.0,33.0,0.0,2.0,0.592857142857143,0.8482786919921637,0.8413318712264299,0.023156082024797797
immediate_advantage_dqn,812,90,105.76780784503221,115.92105858588737,34.914394438266754,70.85341309384107,1.711218848824501,20501.08532333374,0.0,29.0,11.0,1.0,0.5883333333333334,0.8384003881365061,0.8300288710743189,0.027905069175176322
immediate_advantage_dqn,812,91,116.61249476969242,116.88297504523914,39.249012157320976,77.36348252296447,1.7164667192846537,22342.989093780518,0.0,33.0,0.0,2.0,0.5838095238095238,0.7795534525066614,0.7732429206371307,0.02103510726010427
immediate_advantage_dqn,812,92,111.41354171335698,117.1372710560463,36.213419795036316,75.20012139678002,1.7089111087843776,21163.078414916992,0.0,32.0,0.0,2.0,0.5792857142857144,0.6661168020218611,0.6572718787938356,0.029483088292181492
immediate_advantage_dqn,812,93,90.9897835046053,116.48699035437923,29.888531416654587,61.101252073049544,1.5260269660502672,17513.14252471924,0.0,27.0,0.0,1.0,0.5747619047619048,0.7907763095572591,0.7847660798579454,0.020034120068885386
immediate_advantage_dqn,812,94,101.72456704080105,115.2690157012842,37.214299485087395,64.51026755571365,1.681012637913227,21169.438468933105,0.0,27.0,0.0,1.0,0.5702380952380952,1.0527920220047235,1.0471014939248562,0.018968419986777008
immediate_advantage_dqn,812,95,100.22672495990992,115.46620313206832,35.69488858431578,64.53183662891388,1.6405858220532537,19981.69412612915,0.0,30.0,0.0,0.0,0.5657142857142857,0.7787723708897829,0.7719365265220404,0.022786149638704956
immediate_advantage_dqn,812,96,108.23067984879017,115.71179785529296,35.818054743111134,72.4126250088215,1.6771014351397753,20287.430995941162,0.0,31.0,0.0,1.0,0.5611904761904762,0.9007294941693544,0.8921489026397467,0.02860194304957986
immediate_advantage_dqn,812,97,100.12325077652932,114.99448945973317,35.543502032756805,64.57974846065045,1.6689295386895537,20407.042972564697,0.0,27.0,0.0,3.0,0.5566666666666666,0.9801539592444897,0.9742213152348995,0.019775473920162767
immediate_advantage_dqn,812,98,97.50853930562735,111.02123483366499,35.75442949682474,61.75410979390144,1.682335827499628,20625.285202026367,0.0,27.0,0.0,1.0,0.5521428571428572,0.925814488902688,0.9170792698860168,0.029117390629835427
immediate_advantage_dqn,812,99,92.4104249805212,110.20113144806753,31.258936166763306,61.15148903727531,1.5773397898301482,17929.52112197876,0.0,27.0,0.0,2.0,0.5476190476190477,0.839146701619029,0.8330776058137417,0.020230336929671466
immediate_advantage_dqn,812,100,107.06950005888939,109.38022858671079,37.534550815820694,69.53494910895824,1.7019757125526667,21722.022338867188,0.0,31.0,0.0,0.0,0.5430952380952381,0.8931578285992146,0.8840455841273069,0.030374165857210755
immediate_advantage_dqn,812,101,101.99645959734917,108.79190924636252,36.320034846663475,65.67642440795899,1.757830673828721,21665.27094268799,0.0,30.0,0.0,1.0,0.5385714285714286,0.9926922023296356,0.986580254510045,0.020373191218823195
immediate_advantage_dqn,812,102,91.86137028038502,107.20859281064459,32.74496799707413,59.11640237271786,1.6092100627720356,18937.68162536621,0.0,26.0,0.0,0.0,0.5340476190476191,0.9535752143710852,0.944976968690753,0.028660814743489027
immediate_advantage_dqn,812,103,123.43070755302907,107.73889374756702,41.936379447579384,81.49432820975781,1.838087477721274,24343.291437149048,0.0,34.0,0.0,1.0,0.5295238095238095,0.795429278165102,0.7896880805492401,0.01913730934029445
immediate_advantage_dqn,812,104,110.86604478210211,106.83457535337689,37.81740336865187,73.0486421585083,1.7496127896010876,22139.17850112915,0.0,30.0,0.0,2.0,0.525,1.026447843760252,1.0167509987950325,0.03232277819188312
immediate_advantage_dqn,812,105,134.58518105745316,108.19882222052692,43.221105217933655,91.36407580971718,1.8040680410340428,24136.721662521362,0.0,38.0,0.0,0.0,0.5204761904761905,0.9995141942054033,0.9946190742775798,0.016317089030053467
immediate_advantage_dqn,812,106,111.82464455217124,107.79184376541555,36.2361750677228,75.58846948444844,1.693652655929327,21227.272840499878,0.0,32.0,0.0,1.0,0.5159523809523809,0.9635133445262909,0.9525707140564919,0.036475410335697234
immediate_advantage_dqn,812,107,100.42169877886772,106.98757573831855,35.72601281106472,64.69568644464016,1.667350915260613,20355.277919769287,0.0,29.0,0.0,0.0,0.5114285714285716,0.9232768341898918,0.9165162779390812,0.022535186028108
immediate_advantage_dqn,812,108,123.67134905320047,107.18142944794756,40.1705778837204,83.50077058833477,1.799185622483492,22847.12255859375,0.0,33.0,14.0,1.0,0.506904761904762,0.7487292792648077,0.7397806327790022,0.029828850994817913
immediate_advantage_dqn,812,109,105.54894482493401,106.81418576416236,35.9204126894474,69.62853212058545,1.6527409451082349,20377.029026031494,0.0,30.0,0.0,1.0,0.5023809523809524,1.0185246486216784,1.013662377372384,0.016207586333621293
immediate_advantage_dqn,812,110,102.8349524229765,106.66754299305958,36.873505383729935,65.96144708395005,1.690843926742673,21515.21506500244,0.0,28.0,0.0,1.0,0.4978571428571429,1.103853676468134,1.0952903907746077,0.02854425914119929
immediate_advantage_dqn,812,111,110.72893410325051,106.37336495973747,41.14809547364712,69.58083894252778,1.7385196071118116,23116.7347946167,0.0,29.0,0.0,1.0,0.4933333333333334,0.9639746565371752,0.9547039456665516,0.030902358354069293
immediate_advantage_dqn,812,112,99.81848792731762,105.79361227043553,34.59591726958752,65.22257098555565,1.6164007820189,19650.0159740448,0.0,28.0,0.0,0.0,0.4888095238095238,0.9488919097930193,0.9422982782125473,0.021978793665766716
immediate_advantage_dqn,812,113,105.12525714635849,106.50038595252317,36.518407091498375,68.60684974193573,1.6427976237609982,20201.845363616943,0.0,30.0,0.0,3.0,0.4842857142857143,1.045260263606906,1.037522304803133,0.02579325484111905
immediate_advantage_dqn,812,114,100.70385834872722,106.4493505179195,33.94073003530502,66.76312834322452,1.6225444823503494,19163.824615478516,0.0,30.0,0.0,3.0,0.4797619047619047,0.9307367969304323,0.9237121939659119,0.023415329516865313
immediate_advantage_dqn,812,115,107.1200486958027,106.79401670471414,32.10339675843716,75.01665147542954,1.645601092837751,18506.536806106567,0.0,33.0,0.0,1.0,0.47523809523809524,0.8700478002429008,0.8623995911329985,0.02549401216674596
immediate_advantage_dqn,812,116,103.96003494560719,106.58048445955498,37.341079235076904,66.61895642578602,1.6554038571193814,20829.61003112793,0.0,30.0,0.0,1.0,0.47071428571428575,0.987324059009552,0.9798128418624401,0.025037362822331488
immediate_advantage_dqn,812,117,123.12016684114933,107.730330262786,40.92901390790939,82.19115279912948,1.886677579022944,23777.94451904297,0.0,34.0,0.0,2.0,0.46619047619047627,1.1223971657454967,1.1136658247560263,0.029104439658112824
immediate_advantage_dqn,812,118,119.98823192119599,108.85431489356442,35.39683799445629,84.59139350950718,1.7139666620641947,20888.956916809082,0.0,35.0,0.0,1.0,0.46166666666666667,1.0468584913760424,1.0393766649067402,0.02493940875865519
immediate_advantage_dqn,812,119,95.56130520254374,109.01185890466552,34.6318659260869,60.92943957448006,1.6031745551154017,19544.547912597656,0.0,26.0,0.0,0.0,0.4571428571428572,1.007242076098919,1.0008320678025484,0.021366732893511653
immediate_advantage_dqn,812,120,104.64880683422089,108.89082424343212,36.7011943757534,67.94761222004891,1.659930830821395,20360.209495544434,0.0,32.0,0.0,2.0,0.4526190476190477,0.8913505095988512,0.8839294090867043,0.02473703445866704
immediate_advantage_dqn,812,121,99.08026178330184,108.74501435272975,33.93544606119394,65.14481602013112,1.6231996808201075,19422.33002090454,0.0,29.0,0.0,1.0,0.4480952380952381,1.0009005479514599,0.9905858598649502,0.03438228368759155
immediate_advantage_dqn,812,122,113.77912214398384,109.84090194590969,37.5515248849988,76.22759751975536,1.6694685854017735,20652.545944213867,0.0,32.0,0.0,0.0,0.4435714285714286,0.9929675608873367,0.9855506829917431,0.024722922826185822
immediate_advantage_dqn,812,123,96.14731986224652,108.47673256137057,31.836109332740307,64.31121065616608,1.5586809311062098,18221.53568649292,0.0,28.0,0.0,1.0,0.439047619047619,1.032626748085022,1.0232202801853418,0.03135488438419998
immediate_advantage_dqn,812,124,112.58520979583264,108.56269081205707,40.59059827029705,71.99461162984372,1.7519533820450306,23322.17599105835,0.0,30.0,0.0,1.0,0.43452380952380953,0.850435284897685,0.8410486970096827,0.031288621947169304
immediate_advantage_dqn,812,125,115.67217807471752,107.61704066292032,38.59822657704353,77.0739514529705,1.7464146642014384,22161.17039489746,0.0,33.0,0.0,0.0,0.43000000000000005,1.3294734116643667,1.318734098225832,0.03579768061172217
immediate_advantage_dqn,812,126,89.12287400066853,106.48195213534518,31.856539264321327,57.26633506417274,1.5598945897072554,17966.608394622803,0.0,25.0,0.0,1.0,0.42547619047619056,0.9790978115051985,0.9694020450115204,0.03231919801328331
immediate_advantage_dqn,812,127,81.16664442420006,105.5191994176118,29.64755767583847,51.519086450338364,1.5686829816550016,17677.449504852295,0.0,24.0,0.0,0.0,0.42095238095238097,0.9114920627325773,0.903122752904892,0.027897684718482196
immediate_advantage_dqn,812,128,113.42493926882744,105.00687892839312,38.05360019207001,75.37133904695511,1.6955559719353914,21349.497108459473,0.0,32.0,0.0,3.0,0.41642857142857137,0.982467282563448,0.9732651188969612,0.030673886300064623
immediate_advantage_dqn,812,129,110.37411923855544,105.24813764907421,36.20913261920214,74.1649861574173,1.8730253539979458,22339.954341888428,0.0,29.0,0.0,1.0,0.4119047619047619,1.0013150535523891,0.9907540511339903,0.0352033362723887
immediate_advantage_dqn,812,130,91.98057554066182,104.70541880495848,33.96535714715719,58.01521779000759,1.5506423534825444,18677.301383972168,0.0,26.0,0.0,1.0,0.4073809523809524,1.0439237020909786,1.0363516472280025,0.025240189977921546
immediate_advantage_dqn,812,131,104.67375596165657,104.40265989787879,34.608849957585335,70.0649053633213,1.719819593243301,20554.495639801025,0.0,30.0,0.0,3.0,0.4028571428571429,1.2556304726749659,1.2478479519486427,0.025941711151972413
immediate_advantage_dqn,812,132,111.17762082219124,104.97061654262245,35.16894318163395,76.00867787897587,1.6647620564326644,19626.91801071167,0.0,34.0,0.0,1.0,0.39833333333333343,1.243388183414936,1.23617990501225,0.024027582723647356
immediate_advantage_dqn,812,133,81.72934536933899,103.80082095377149,29.730172976851463,51.99917194545269,1.5275348545983434,16963.091316223145,0.0,24.0,0.0,2.0,0.39380952380952383,1.3916532807052135,1.3815542235970497,0.03366355621255934
immediate_advantage_dqn,812,134,88.03504305481911,103.16738018907606,30.911082483828068,57.123959922790526,1.574991274625063,17649.332000732422,0.0,26.0,0.0,2.0,0.38928571428571423,1.0819202084094286,1.0722001604735851,0.0324001656845212
immediate_advantage_dqn,812,135,87.4167365014553,102.18221457935871,33.06725148111582,54.34948507249355,1.600912131369114,18961.666786193848,0.0,25.0,0.0,2.0,0.38476190476190475,1.0268545523285866,1.0197060890495777,0.023828199598938227
immediate_advantage_dqn,812,136,113.08098049759865,102.63826185695828,37.19817289710045,75.88280795812607,1.687562858685851,20872.6190032959,0.0,32.0,0.0,2.0,0.38023809523809526,1.0098089780658484,1.0023551769554615,0.02484602329786867
immediate_advantage_dqn,812,137,104.98751112818718,101.73162907131017,36.45980681478977,68.52770368754864,1.6602467959746718,20333.205856323242,0.0,32.0,0.0,0.0,0.3757142857142858,1.0824308414012194,1.0745501294732094,0.026269060908816755
immediate_advantage_dqn,812,138,95.9185193553567,100.5281434430182,32.54574606567621,63.37277306616306,1.6086596176028252,18680.717851638794,0.0,29.0,0.0,0.0,0.3711904761904763,1.1472374610602856,1.138591781258583,0.02881894528400153
immediate_advantage_dqn,812,139,98.0138453990221,100.65077045284212,33.519966654479504,64.49387852847576,1.6242959592491388,19392.155193328857,0.0,29.0,0.0,0.0,0.3666666666666667,0.9679153580218554,0.9589784350246191,0.029789775027893484
immediate_advantage_dqn,812,140,110.42294862270356,100.93947754226626,35.68602375686169,74.7369257003069,1.6719174226745963,20340.77359008789,0.0,31.0,0.0,2.0,0.3621428571428572,1.1278045400977135,1.1182958707213402,0.03169555158820003
immediate_advantage_dqn,812,141,82.40874969959259,100.10590193808079,31.474283039569855,50.93446645140648,1.5409159529954195,17575.557558059692,0.0,24.0,0.0,1.0,0.3576190476190476,1.3126167561858892,1.306134507060051,0.021607511735055596
immediate_advantage_dqn,812,142,92.34785052537919,99.03433835715057,30.16175849735737,62.18609192371368,1.5358573831617832,16787.312328338623,0.0,29.0,0.0,2.0,0.35309523809523813,1.2746593281626701,1.267237227410078,0.024740345659665763
immediate_advantage_dqn,812,143,85.81400569677353,98.51767264887692,27.844207286834717,57.96979838013649,1.5098713282495737,16131.111087799072,0.0,27.0,0.0,1.0,0.34857142857142864,0.959424827247858,0.9508406296372414,0.02861396421212703
immediate_advantage_dqn,812,144,92.33810035139322,97.50531717665494,33.669052578508854,58.66904819011688,1.6294449595734477,19691.844806671143,0.0,26.0,0.0,1.0,0.34404761904761905,1.2513741739094257,1.2424013633280993,0.029909361619502306
immediate_advantage_dqn,812,145,97.45385280251503,96.59440091304482,32.51784960925579,64.93600322306156,1.605943969450891,18327.455657958984,0.0,29.0,0.0,0.0,0.33952380952380956,1.1130932867527008,1.1038269009441137,0.030887940665706992
immediate_advantage_dqn,812,146,91.50366063416004,96.7134402447194,31.91955805569887,59.584102764725685,1.560611660592258,18293.495769500732,0.0,27.0,0.0,0.0,0.3350000000000001,0.9494131971150637,0.9394996259361506,0.03304525522980839
immediate_advantage_dqn,812,147,104.55034267306328,97.88262515716255,34.77112124860287,69.7792209327221,1.655874652788043,19859.07294845581,0.0,30.0,0.0,1.0,0.3304761904761905,1.0586161185055971,1.0510388147085905,0.02525768824853003
immediate_advantage_dqn,812,148,107.30325198173523,97.57654079280795,33.70301502943039,73.60023593902588,1.6732209408655763,19245.327001571655,0.0,34.0,0.0,0.0,0.325952380952381,1.2550739403814077,1.244061402976513,0.03670842247083783
immediate_advantage_dqn,812,149,116.77651517987252,97.89666058987379,36.6030857861042,80.17342928946019,1.7299881055951118,21301.555225372314,0.0,34.0,0.0,1.0,0.3214285714285714,0.8986303620040417,0.891216579824686,0.02471263613551855
immediate_advantage_dqn,812,150,108.13388296365738,98.70432596102359,36.29242615401745,71.84145748019219,1.6919192504137754,20467.45302581787,0.0,30.0,0.0,3.0,0.3169047619047619,1.32691890001297,1.3171285800635815,0.032634407514706254
immediate_advantage_dqn,812,151,92.70175490528345,98.10572590820493,32.04122103005648,60.66053384542465,1.6064563868567348,18452.9633102417,0.0,27.0,0.0,0.0,0.3123809523809524,1.1101295817643404,1.10154271684587,0.028622863232158124
immediate_advantage_dqn,812,152,96.8311747327447,97.3884036037326,35.492938823997974,61.338236251473425,1.6340056005865335,20111.691261291504,0.0,27.0,0.0,1.0,0.30785714285714294,1.0165744554251432,1.0070475414395332,0.03175636800006032
immediate_advantage_dqn,812,153,102.55279187113047,98.42957592882217,36.18581897765398,66.36697268486023,1.7335773138329387,21221.925354003906,0.0,29.0,0.0,0.0,0.30333333333333345,0.8887951206415892,0.8808556031435728,0.026465016417205334
immediate_advantage_dqn,812,154,89.74717289954424,98.51518242105843,31.570767514407635,58.17640519142151,1.679963855072856,19188.74440765381,0.0,26.0,0.0,0.0,0.29880952380952375,1.076923929154873,1.0687396433204412,0.027280947426334023
immediate_advantage_dqn,812,155,80.39647781401872,98.16416948668659,28.724964648485184,51.67151330709457,1.5296046547591686,16523.526191711426,0.0,24.0,0.0,2.0,0.29428571428571426,1.2294796220958233,1.2203604951500893,0.030397070455364883
immediate_advantage_dqn,812,156,108.53455555438995,97.93684823952614,33.76751421391964,74.76704147458076,1.614239108748734,18812.946140289307,0.0,33.0,0.0,0.0,0.2897619047619048,1.3166731372475624,1.309550479054451,0.023742196732200682
immediate_advantage_dqn,812,157,93.3820289298892,97.35657412961126,31.99797635525465,61.38405242562294,1.6086758021265268,18619.959774017334,0.0,26.0,0.0,0.0,0.2852380952380953,1.161447225138545,1.1518272291868925,0.03206665301695466
immediate_advantage_dqn,812,158,92.06166603416204,97.16373146355151,32.77566010504961,59.28600573539734,1.6387392953038216,18738.493518829346,0.0,27.0,0.0,0.0,0.2807142857142858,0.8089810702949762,0.8022445868700743,0.02245494641829282
immediate_advantage_dqn,812,159,94.60955749452114,96.99351706832647,30.531170278787613,64.07838743925095,1.5273960838094354,17123.750785827637,0.0,29.0,0.0,2.0,0.2761904761904763,1.2965443171560764,1.2861225716769695,0.03473914635833353
immediate_advantage_dqn,812,160,111.64446266889573,97.05459277063609,36.20330534875393,75.44115727543831,1.7663890104740858,20972.169216156006,0.0,33.0,0.0,2.0,0.2716666666666666,0.9799985624849796,0.9735704958438873,0.021426872757729143
immediate_advantage_dqn,812,161,79.46748551726341,96.90752956151962,28.954275637865067,50.51320946216583,1.5216124458238482,16487.978267669678,0.0,22.0,0.0,0.0,0.2671428571428571,1.2762177884578705,1.2676184251904488,0.02866457321215421
immediate_advantage_dqn,812,162,123.23380616486072,98.4518273434937,36.27877187728882,86.95503436207771,1.7468570843338966,20691.52101135254,0.0,37.0,1.0,1.0,0.26261904761904764,1.281290128827095,1.273075021803379,0.02738373226020485
immediate_advantage_dqn,812,163,96.16462509334087,98.96935831332206,31.05323739349842,65.1113874912262,1.619413915090263,18234.70219039917,0.0,29.0,0.0,1.0,0.25809523809523816,1.030144577845931,1.0206208880990744,0.03174563334323466
immediate_advantage_dqn,812,164,104.06153042912483,99.55552981720865,35.0821447968483,68.97938485741615,1.6521652080118656,19855.239065170288,0.0,29.0,0.0,2.0,0.25357142857142867,1.5129125714302063,1.5033271685242653,0.03195138811133802
immediate_advantage_dqn,812,165,115.54253509640694,100.45996393190323,35.76457169651985,79.7779635488987,1.6855734344571829,20142.386798858643,0.0,34.0,0.0,0.0,0.24904761904761907,1.335631050169468,1.3260661289095879,0.03188307792879641
immediate_advantage_dqn,812,166,82.92990752458573,100.03127627642453,29.9614055454731,52.968502113223074,1.513964737765491,16804.369705200195,0.0,24.0,0.0,2.0,0.2445238095238096,1.203009383752942,1.19458900205791,0.028067938168533146
immediate_advantage_dqn,812,167,84.41120065897704,99.02431917572022,31.62522592395544,52.78597500324249,1.573495989665389,18077.161094665527,0.0,26.0,0.0,1.0,0.24,1.0472731050103903,1.0376885663717985,0.031948464340530336
immediate_advantage_dqn,812,168,88.82598868310451,98.10045601078869,30.12967759370804,58.69631076157093,1.549136190675199,16723.706996917725,0.0,27.0,0.0,2.0,0.2354761904761905,1.128551846370101,1.11756831407547,0.036611793329939246
immediate_advantage_dqn,812,169,101.06892784833909,97.31507664421203,32.14640185236931,68.92252620458603,1.597259289585054,18006.521224975586,0.0,30.0,0.0,1.0,0.23095238095238102,1.0561301447451115,1.048501769080758,0.025427871965803206
immediate_advantage_dqn,812,170,86.50059802234173,96.23341239714624,32.49935330450535,54.00124452412128,1.5880147758871317,18211.627265930176,0.0,24.0,0.0,1.0,0.22642857142857142,1.088850585743785,1.0782186053693295,0.035439953790046275
immediate_advantage_dqn,812,171,97.03838005661964,96.45024365471305,31.699876859784126,65.33850386738777,1.615095218643546,18065.765197753906,0.0,29.0,0.0,1.0,0.22190476190476194,1.616433558985591,1.6063973139971495,0.03345411946065724
immediate_advantage_dqn,812,172,125.807362267375,97.89905303144457,39.63564270734787,86.17171923220158,1.7952446537092328,21704.02816772461,0.0,36.0,0.0,3.0,0.21738095238095245,1.4140214137732983,1.4047241806983948,0.030990841798484325
immediate_advantage_dqn,812,173,99.16845517754555,97.72983619676532,31.366075843572617,67.80237930417061,1.5767894284799695,17721.954151153564,0.0,30.0,0.0,2.0,0.21285714285714286,1.1757493205368519,1.1658987868577242,0.032835088204592466
immediate_advantage_dqn,812,174,89.10229015350342,97.69759205946328,30.72916480898857,58.373125076293945,1.5856330953538418,17718.827236175537,0.0,25.0,0.0,1.0,0.20833333333333337,1.3400823660194874,1.3304388038814068,0.032145190984010696
immediate_advantage_dqn,812,175,105.96949985921383,98.97624316172303,34.89222273230553,71.07727729082107,1.6522918306291103,19391.398609161377,0.0,31.0,0.0,2.0,0.20380952380952377,1.4877769090235233,1.4788859486579895,0.0296365674585104
immediate_advantage_dqn,812,176,91.39840240180493,98.11943550409377,30.60554476827383,60.79285734295845,1.5656409552320838,17303.17182159424,0.0,27.0,0.0,1.0,0.1992857142857143,1.5426811780780554,1.5322617888450623,0.0347312674857676
immediate_advantage_dqn,812,177,99.23283225297928,98.41197567024827,33.62555730342865,65.60727512836456,1.6415316481143236,19124.769123077393,0.0,29.0,0.0,0.0,0.1947619047619048,1.3714863080531359,1.3600933216512203,0.03797665669117123
immediate_advantage_dqn,812,178,62.782998859882355,96.9480423115343,26.043752320110798,36.73924618959427,1.4186793696135283,14658.922496795654,0.0,20.0,0.0,0.0,0.19023809523809532,1.2794400062412024,1.2726922817528248,0.022492457763291895
immediate_advantage_dqn,812,179,83.8509222894907,96.41011055128277,29.132595859467983,54.718326824903485,1.5050112875178456,16081.310251235962,0.0,26.0,0.0,3.0,0.18571428571428583,1.1710920836776495,1.1613006200641394,0.03263821383006871
immediate_advantage_dqn,812,180,73.17745171487331,94.48676000358164,28.801405414938927,44.376046150922775,1.4913616701960564,15974.297737121582,0.0,22.0,0.0,0.0,0.18119047619047624,1.3213524874299765,1.3105177637189627,0.03611573146190494
immediate_advantage_dqn,812,181,92.27709119915963,95.12724028767647,30.078778862953186,62.19831211268902,1.5375895500183105,16837.431854248047,0.0,28.0,0.0,2.0,0.17666666666666664,1.5558315217494965,1.5443594343960285,0.03824026510119438
immediate_advantage_dqn,812,182,83.82086480408907,93.15659321963787,29.805677466094494,54.01518743485212,1.4997698115184903,16777.99592781067,0.0,26.0,0.0,1.0,0.17214285714285715,1.2416406124830246,1.2307181805372238,0.036408134270459414
immediate_advantage_dqn,812,183,96.42427455782891,93.16957569286228,32.15474446117878,64.26953009665013,1.5955554423853755,18144.393844604492,0.0,29.0,0.0,1.0,0.16761904761904767,1.3576667476445436,1.3477056249976158,0.03320373210590333
immediate_advantage_dqn,812,184,94.53180989027024,92.69308966591956,31.979581654071808,62.55222841501236,1.6221918305382133,18567.008268356323,0.0,27.0,0.0,1.0,0.16309523809523818,1.2057691253721714,1.1966395303606987,0.03043194569181651
immediate_advantage_dqn,812,185,77.49735802561045,90.79083081237974,27.778401225805283,49.718956315517424,1.4718689750880003,15628.174028396606,0.0,23.0,0.0,2.0,0.1585714285714287,1.5314113833010197,1.523010428994894,0.02800318435765803
immediate_advantage_dqn,812,186,100.83131229877472,91.68590105108919,33.77602584660053,67.05528612434864,1.6017886362969875,18449.78701400757,0.0,30.0,0.0,0.0,0.1540476190476191,1.382637770846486,1.372183669358492,0.034846946597099304
immediate_advantage_dqn,812,187,73.13220807164907,91.1219514217228,29.231121346354485,43.90108634531498,1.520373565144837,16792.509105682373,0.0,20.0,0.0,0.0,0.1495238095238095,1.3364562094211578,1.325564131140709,0.03630688285920769
immediate_advantage_dqn,812,188,84.28882340490819,90.89509315781297,28.767731696367264,55.521092215180396,1.504334562458098,16267.467468261719,0.0,26.0,0.0,1.0,0.14500000000000002,1.724957289174199,1.7182382605969906,0.02239674818702042
immediate_advantage_dqn,812,189,104.3913400888443,91.06121376983823,33.378587022423744,71.01275303661824,1.63132837228477,18877.455270767212,0.0,30.0,0.0,3.0,0.14047619047619053,1.2389770299196243,1.229242879897356,0.03244722285307944
immediate_advantage_dqn,812,190,86.57642883211375,91.06500531032682,31.98969516158104,54.58673342466354,1.5390237867832184,17797.32590866089,0.0,25.0,0.0,1.0,0.13595238095238105,1.4389382991939783,1.4312131721526384,0.02575040329247713
immediate_advantage_dqn,812,191,86.78856836408377,90.55251472570004,30.31213004142046,56.476438188552855,1.4991944953799248,16558.470027923584,0.0,25.0,0.0,1.0,0.13142857142857145,1.42928178422153,1.4179402980953455,0.03780486807227135
immediate_advantage_dqn,812,192,91.54572588205338,88.83943290643396,31.405468806624413,60.140257120132446,1.5959058236330748,17723.33101272583,0.0,27.0,0.0,1.0,0.12690476190476196,1.1972909681499004,1.1882046796381474,0.030287621193565428
immediate_advantage_dqn,812,193,86.52599330544471,88.20730981282891,30.812485456466675,55.71350746154785,1.5676888953894377,17593.305114746094,0.0,27.0,0.0,2.0,0.12238095238095237,1.3196369465440512,1.3070792183279991,0.04185910103842616
immediate_advantage_dqn,812,194,93.3299985229969,88.41869523130357,33.38360784947872,59.94639077782631,1.6117475647479296,18730.620079040527,0.0,26.0,0.0,0.0,0.11785714285714288,1.2144858222454786,1.205410784110427,0.030250110430642962
immediate_advantage_dqn,812,195,64.65835227072239,86.353137851879,26.87978857010603,37.77856396138668,1.4174007512629032,14664.151119232178,0.0,19.0,0.0,1.0,0.1133333333333334,1.562722072005272,1.5514846928417683,0.03745790827088058
immediate_advantage_dqn,812,196,81.74573432654142,85.87050444811584,30.619150906801224,51.12658406794071,1.55015286244452,17677.367485046387,0.0,25.0,0.0,1.0,0.1088095238095238,1.2998452484607697,1.2915653306990862,0.02759972121566534
immediate_advantage_dqn,812,197,84.63330165445805,85.14052791818976,29.06836299598217,55.56493901610374,1.5134404189884663,16661.37794494629,0.0,25.0,0.0,2.0,0.10428571428571431,1.4521398209035397,1.4389599412679672,0.04393295163754374
immediate_advantage_dqn,812,198,73.87902878373862,85.6953294143826,27.86542423814535,46.013604724407195,1.471485324203968,15653.967781066895,0.0,23.0,0.0,2.0,0.09976190476190483,1.164435714483261,1.1579095982015133,0.021753713372163475
immediate_advantage_dqn,812,199,80.47335956245661,85.52645127803089,28.97870049625635,51.49465882778168,1.5058623980730772,15962.145553588867,0.0,24.0,0.0,0.0,0.09523809523809534,1.1386749371886253,1.129193291068077,0.03160547895822674
immediate_advantage_dqn,812,200,87.0028615295887,86.21772176876665,32.235356241464615,54.767505422234535,1.58733150921762,18344.306049346924,0.0,25.0,0.0,0.0,0.09071428571428575,1.1930881179869175,1.1827501133084297,0.03445997752714902
immediate_advantage_dqn,812,201,89.32967396229506,86.07035090692344,27.783220775425434,61.54645332098007,1.479887556284666,15711.049695968628,0.0,27.0,0.0,3.0,0.08619047619047626,1.3036636877804995,1.2916065268218517,0.040190527914091945
immediate_advantage_dqn,812,202,97.20415910482407,86.73951562196018,32.932751052081585,64.27140795588494,1.6345638958737254,18871.80492401123,0.0,27.0,0.0,2.0,0.08166666666666667,1.2095180433243513,1.2009544260799885,0.02854539267718792
immediate_advantage_dqn,812,203,100.84924922287465,86.96076435521248,34.872949197888374,65.97630036771298,1.659769669175148,19621.416442871094,0.0,29.0,0.0,1.0,0.07714285714285718,1.3771228045225143,1.367914717644453,0.030693611945025623
immediate_advantage_dqn,812,204,74.00695491582155,85.93452160649002,28.98077804595232,45.026176899671555,1.4704558262601495,16047.126197814941,0.0,21.0,0.0,1.0,0.0726190476190477,1.2986908964812756,1.2896722424775362,0.03006217791698873
immediate_advantage_dqn,812,205,78.58271999806166,85.9887897051126,28.51370705664158,50.06901308298111,1.4830761859193444,16117.219886779785,0.0,24.0,0.0,1.0,0.06809523809523821,1.143035639077425,1.1336513124406338,0.03128111443948001
immediate_advantage_dqn,812,206,66.40433995872736,84.26744108811022,27.32456736266613,39.079772618412974,1.4199230587109923,14837.371517181396,0.0,18.0,0.0,3.0,0.06357142857142861,1.2153855934739113,1.2046287413686514,0.03585618978831917
immediate_advantage_dqn,812,207,93.34909640550613,85.27828550480307,32.35996200889349,60.9891339123249,1.5761857191100717,17889.42046356201,0.0,29.0,0.0,3.0,0.059047619047619015,1.5152569636702538,1.5080797970294952,0.02392393525224179
immediate_advantage_dqn,812,208,71.77838067263365,84.65276336818934,26.11610572785139,45.66227501928806,1.4343394115567207,14835.709785461426,0.0,22.0,0.0,4.0,0.05452380952380953,1.5680644437670708,1.5597770623862743,0.027624595444649458
immediate_advantage_dqn,812,209,81.73507090061904,83.51994990877807,29.531580470502377,52.20349054932594,1.5095856096595526,16285.707386016846,0.0,25.0,0.0,1.0,0.050000000000000044,1.423354510217905,1.413484251126647,0.03290082444436848
immediate_advantage_dqn,812,210,89.93745576143264,83.68800125524402,30.532968439161777,59.404487657546994,1.5582790495827794,17369.333904266357,0.0,26.0,0.0,3.0,0.050000000000000044,1.4460041290149093,1.434842374175787,0.03720585466362536
immediate_advantage_dqn,812,211,97.3742968082428,84.21728767745198,30.06488575041294,67.30941175818444,1.5483836745843291,16505.591243743896,0.0,31.0,0.0,1.0,0.050000000000000044,1.392059076577425,1.3829500079154968,0.03036356542725116
immediate_advantage_dqn,812,212,107.23231393098831,85.00161707989872,33.249870881438255,73.98244300484657,1.631136734969914,18785.338329315186,0.0,31.0,0.0,0.0,0.050000000000000044,1.4718768522143364,1.461827952414751,0.03349633514881134
immediate_advantage_dqn,812,213,90.14970407634974,85.18280261844396,29.310577146708965,60.8391270339489,1.4875144893303514,16591.06753540039,0.0,28.0,0.0,0.0,0.050000000000000044,1.2409229390323162,1.2323438730090857,0.02859690401237458
immediate_advantage_dqn,812,214,88.53653419166804,84.94312940187754,29.446468524634838,59.09006523489952,1.520745113492012,16611.85701751709,0.0,26.0,0.0,2.0,0.050000000000000044,1.558286190032959,1.5460133291780949,0.04090948437806219
immediate_advantage_dqn,812,215,68.41654456555844,85.13103901661934,24.14843425154686,44.268110105395316,1.397142918780446,13367.331707000732,0.0,21.0,0.0,2.0,0.050000000000000044,1.4103721864521503,1.3999690730124712,0.03467702877242118
immediate_advantage_dqn,812,216,89.26039993166924,85.50677229687572,30.09965355694294,59.16074592769146,1.5295870956033468,16901.305194854736,0.0,28.0,0.0,1.0,0.050000000000000044,1.3053571116179228,1.2965423427522182,0.02938258380163461
immediate_advantage_dqn,812,217,74.16123628616333,84.98316902846099,26.006925262510777,48.154311150312424,1.4148919004946947,14309.38164138794,0.0,24.0,0.0,0.0,0.050000000000000044,1.2981860600411892,1.287876384332776,0.03436555806547403
immediate_advantage_dqn,812,218,74.86402791887522,85.03241898521783,26.82668837159872,48.03733950257301,1.4589120550081134,15237.244647979736,0.0,23.0,0.0,1.0,0.050000000000000044,1.298263007774949,1.2903737928718328,0.026297349715605378
immediate_advantage_dqn,812,219,66.66509033143521,84.34200552366676,24.92227403819561,41.742816218733786,1.3865663707256317,13828.889907836914,0.0,21.0,0.0,2.0,0.050000000000000044,1.5719328019768,1.5640581548213959,0.026248866110108793
immediate_advantage_dqn,812,220,92.97879758626223,84.64080232650042,31.943524964153767,61.03527276366949,1.5467474348843098,17538.91216659546,0.0,26.0,0.0,1.0,0.050000000000000044,1.2202431354671717,1.2101418860256672,0.0336707946844399
immediate_advantage_dqn,812,221,74.56789001077414,83.90271312892439,27.17331839352846,47.394571185112,1.4718030011281371,15427.014888763428,0.0,23.0,0.0,1.0,0.050000000000000044,1.247745554894209,1.238173484802246,0.03190687671303749
immediate_advantage_dqn,812,222,93.90316118299961,83.73766323283316,31.180580839514732,62.72258022427559,1.5591871170327067,17715.886318206787,0.0,27.0,0.0,0.0,0.050000000000000044,1.260593168437481,1.2496254034340382,0.03655919025186449
immediate_advantage_dqn,812,223,85.36216443181038,82.96330899327995,29.816243067383766,55.54592111110687,1.503315281122923,17065.821269989014,0.0,26.0,0.0,1.0,0.050000000000000044,1.4259960819035769,1.418592358008027,0.024679057067260146
immediate_advantage_dqn,812,224,88.5876664981246,83.6923445723951,32.49378602206707,56.09388076663017,1.5858667511492968,17789.85373687744,0.0,27.0,0.0,2.0,0.050000000000000044,1.6491609159857035,1.6369751635938883,0.04061917029321194
immediate_advantage_dqn,812,225,71.84588772058487,83.35550295852127,26.360681749880314,45.485205844044685,1.4495952865108848,14889.02979850769,0.0,20.0,0.0,0.0,0.050000000000000044,1.4193025268614292,1.40756206959486,0.039134805207140744
immediate_advantage_dqn,812,226,72.95041010528803,83.68280646584928,25.541770048439503,47.40864026546478,1.4124559136107564,14553.407587051392,0.0,24.0,0.0,0.0,0.050000000000000044,1.3873081114143133,1.3789409287273884,0.027890536817722023
immediate_advantage_dqn,812,227,73.82232376486063,82.70646783381702,27.35505596548319,46.467267620563504,1.4549477631226182,15092.971014022827,0.0,22.0,0.0,2.0,0.050000000000000044,1.3209537621587515,1.311789458617568,0.030547640868462622
immediate_advantage_dqn,812,228,87.83985278904439,83.50954143963756,32.22575218975544,55.61410001814365,1.5649647153913975,18025.832862854004,0.0,25.0,0.0,2.0,0.050000000000000044,1.4193605296313763,1.4099370297044516,0.03141171718016267
immediate_advantage_dqn,812,229,104.58822801709175,84.65219929546119,35.7572455778718,68.83098284900188,1.6780670108273625,20176.356338500977,0.0,29.0,0.0,0.0,0.050000000000000044,1.1831968426704407,1.1684759240597486,0.04906974686309695
immediate_advantage_dqn,812,230,84.4132439211011,84.3759887034446,29.33071941882372,55.08252457678318,1.5221794554963708,16592.690406799316,0.0,25.0,0.0,2.0,0.050000000000000044,1.4961413405835629,1.4891138467937708,0.023424981744028628
immediate_advantage_dqn,812,231,93.27937769889832,84.17124274797739,29.973063923418522,63.30631384253502,1.500559827312827,16689.907989501953,0.0,28.0,0.0,0.0,0.050000000000000044,1.3443948160856962,1.3342794813215733,0.033717826940119267
immediate_advantage_dqn,812,232,88.34614156931639,83.22693412989379,30.248389333486557,58.09775239229202,1.5271327150985599,16911.727268218994,0.0,27.0,0.0,1.0,0.050000000000000044,1.64554613083601,1.6358925085514784,0.03217873093672097
immediate_advantage_dqn,812,233,90.95279513448477,83.26708868280055,30.171964891254902,60.78082994520664,1.5364714162424207,17091.96112060547,0.0,27.0,0.0,1.0,0.050000000000000044,1.4437332786619663,1.4317603390663862,0.039909805287607014
immediate_advantage_dqn,812,234,95.63348400592804,83.62193617351355,30.62676452100277,65.00671961903572,1.5649783946573734,17270.71148300171,0.0,28.0,0.0,1.0,0.050000000000000044,1.545698169618845,1.5352910608053207,0.034690297208726406
immediate_advantage_dqn,812,235,81.22887322306633,84.26255260638894,28.258516773581505,52.97035664319992,1.5153435869142413,16606.180946350098,0.0,23.0,0.0,1.0,0.050000000000000044,1.724132800474763,1.7161758989095688,0.026523008360527456
immediate_advantage_dqn,812,236,68.21634455919266,83.21034983776511,25.77283538132906,42.443509528040885,1.4071628041565418,13996.38780593872,0.0,22.0,0.0,1.0,0.050000000000000044,1.459620077162981,1.4500311687588692,0.03196300473064184
immediate_advantage_dqn,812,237,67.70139093846083,82.88735757037998,26.18230579048395,41.51908508837223,1.4254374643787742,14702.262992858887,0.0,20.0,0.0,1.0,0.050000000000000044,1.0526739917695522,1.043301247060299,0.031242442200891674
immediate_advantage_dqn,812,238,71.9071022361517,82.73951128624381,27.851481668651104,44.05562060475349,1.4604660654440522,15006.255867004395,0.0,23.0,0.0,1.0,0.050000000000000044,1.4571037776768208,1.4456184599548578,0.0382843924453482
immediate_advantage_dqn,812,239,74.38162189871073,83.12533786460759,28.064265199005604,46.317356491088866,1.4583130087703466,15690.713634490967,0.0,22.0,0.0,1.0,0.050000000000000044,1.2290944624692202,1.2200328633189201,0.030205316841602325
immediate_advantage_dqn,812,240,93.79192876964808,83.16599442377688,30.302162051200867,63.489766561985014,1.5484004002064466,17152.212188720703,0.0,28.0,0.0,2.0,0.050000000000000044,1.4617773164063692,1.4503347221761942,0.038141942815855145
immediate_advantage_dqn,812,241,92.3491961747408,84.0550597319752,31.480600483715534,60.86859589219093,1.5735777094960213,17639.495195388794,0.0,27.0,0.0,1.0,0.050000000000000044,1.3914208598434925,1.381027527153492,0.034644391736947
immediate_advantage_dqn,812,242,76.76670225858689,83.19823678575457,30.279499620199203,46.48720241487026,1.5069022327661514,16687.3056640625,0.0,22.0,0.0,1.0,0.050000000000000044,1.3922158610075712,1.3816171437501907,0.03532903897576034
immediate_advantage_dqn,812,243,86.96666952520609,83.27846204042436,30.66050235927105,56.30616697967052,1.5416438141837716,17364.236072540283,0.0,26.0,0.0,2.0,0.050000000000000044,1.7097622659057379,1.70038983784616,0.031241418444551528
immediate_advantage_dqn,812,244,85.0518184542656,83.10166963823141,29.554250568151474,55.49756763279438,1.5159870963543653,16483.982330322266,0.0,26.0,0.0,1.0,0.050000000000000044,1.6295136790722609,1.6215457431972027,0.026559766032733023
immediate_advantage_dqn,812,245,80.6215477913618,83.54045264177026,29.502913042902946,51.11863448023796,1.5110287824645638,17031.637550354004,0.0,22.0,0.0,2.0,0.050000000000000044,1.745845727622509,1.7334817983210087,0.04121305467560887
immediate_advantage_dqn,812,246,61.67660290002823,82.97676228150726,25.257264643907547,36.41933773458004,1.378833676688373,14109.847858428955,0.0,21.0,0.0,0.0,0.050000000000000044,1.2605651561170816,1.2520962748676538,0.028229548945091665
immediate_advantage_dqn,812,247,80.05532893836498,83.28841254018248,27.92411709576845,52.13121176064014,1.5015168264508247,15936.771823883057,0.0,24.0,0.0,2.0,0.050000000000000044,1.5394976679235697,1.5287007112056017,0.03598987474106252
immediate_advantage_dqn,812,248,71.70298072248697,82.4815689368546,27.658713817596436,44.044266897439954,1.4614965431392193,15464.096199035645,0.0,21.0,0.0,3.0,0.050000000000000044,1.2759507484734058,1.2625883556902409,0.044541325652971864
immediate_advantage_dqn,812,249,90.2929905295372,81.76680706247689,29.959715604782104,60.333274790644644,1.5402234671637416,16743.21826171875,0.0,27.0,0.0,1.0,0.050000000000000044,1.468558318912983,1.4583300165832043,0.034094305243343115
immediate_advantage_dqn,812,250,86.78910542726517,81.88560013778508,29.32946690917015,57.45963801145554,1.5521643348038197,17073.160678863525,0.0,26.0,0.0,4.0,0.050000000000000044,1.724338036030531,1.71822265163064,0.020384577626828104
immediate_advantage_dqn,812,251,78.88021761924028,81.16564213380218,28.418385855853558,50.461832135915756,1.454724406823516,15904.202056884766,0.0,23.0,0.0,2.0,0.050000000000000044,1.5271898321807384,1.515082897618413,0.04035638377536088
immediate_advantage_dqn,812,252,85.17822346240283,81.00724622845652,29.048232667148113,56.12999073565006,1.499376978725195,16381.211589813232,0.0,26.0,0.0,1.0,0.050000000000000044,1.5676295813173056,1.5577333681285381,0.03298735979478806
immediate_advantage_dqn,812,253,77.67694326639176,80.34345363505187,28.240449778735638,49.436493599414824,1.488305501639843,15824.08631515503,0.0,24.0,0.0,1.0,0.050000000000000044,1.8030960336327553,1.793943751603365,0.030507580959238112
immediate_advantage_dqn,812,254,100.72034694552421,80.59779678203166,31.000413738191128,69.71993287205696,1.5696760639548302,17436.163635253906,0.0,30.0,0.0,2.0,0.050000000000000044,1.301439493894577,1.2917078211903572,0.03243894153274596
immediate_advantage_dqn,812,255,76.97927002906799,80.38531662233174,27.49336553364992,49.48590448796749,1.4658819762989879,15435.549472808838,0.0,22.0,0.0,2.0,0.050000000000000044,1.5811480972915888,1.570378227159381,0.03589960001409054
immediate_advantage_dqn,812,256,67.5642829939723,80.35271354407072,27.03803963959217,40.52624336183071,1.4450086364522576,14951.817161560059,0.0,20.0,0.0,3.0,0.050000000000000044,1.4360758401453495,1.4282594323158264,0.026054686517454684
immediate_advantage_dqn,812,257,88.3360753506422,81.38444776467978,31.263853058218956,57.07222202420235,1.563804187811911,17428.93480682373,0.0,26.0,0.0,0.0,0.050000000000000044,1.325013428926468,1.3138695321977139,0.037146320566534996
immediate_advantage_dqn,812,258,81.21600041538477,81.84989267364145,30.625050008296967,50.5909498333931,1.5646670460700989,17756.22937965393,0.0,24.0,0.0,2.0,0.050000000000000044,1.5524661056697369,1.5430230498313904,0.03147687122691423
immediate_advantage_dqn,812,259,62.010749988257885,81.23134907811881,25.644326634705067,36.36642310023308,1.400581975467503,14409.948444366455,0.0,20.0,0.0,0.0,0.050000000000000044,1.3375809360295534,1.3277661949396133,0.03271583095192909
immediate_advantage_dqn,812,260,69.97868120968342,80.04068670012057,26.82240368425846,43.15627792775631,1.44412322062999,15016.028846740723,0.0,22.0,0.0,2.0,0.050000000000000044,1.0805997792631388,1.0726220924407244,0.026592294685542583
immediate_advantage_dqn,812,261,86.67976632863284,79.75721520781518,31.094270564615726,55.58549586832523,1.5527752814814448,17486.62730407715,0.0,25.0,0.0,3.0,0.050000000000000044,1.681276809424162,1.671134389936924,0.033808103878982365
immediate_advantage_dqn,812,262,80.76438164114953,79.95709917694332,28.51682061702013,52.24756061434746,1.4766805777326226,15802.93558883667,0.0,24.0,0.0,1.0,0.050000000000000044,1.1106469575315714,1.1000920124351978,0.03518311935476959
immediate_advantage_dqn,812,263,64.85311833769083,78.85142161756754,25.13829156011343,39.71482691168785,1.3921956662088633,14125.87292098999,0.0,20.0,0.0,0.0,0.050000000000000044,1.4812448024749756,1.4714717753231525,0.03257678332738578
immediate_advantage_dqn,812,264,79.33289688825607,78.56547553926707,26.696806713938713,52.63609075546265,1.4709999235346913,15794.739906311035,0.0,24.0,0.0,1.0,0.050000000000000044,1.3155039846897125,1.3070561457425356,0.028159514418803155
immediate_advantage_dqn,812,265,92.16253431141376,79.14252486526966,32.36405582726002,59.79847852885723,1.5828393921256065,18303.985443115234,0.0,28.0,0.0,1.0,0.050000000000000044,1.532565524801612,1.519996028393507,0.04189828259404749
immediate_advantage_dqn,812,266,89.8773566454649,80.5525625525415,29.49143198132515,60.38592469394207,1.4931342797353864,16275.427021026611,0.0,26.0,0.0,3.0,0.050000000000000044,1.4030253645032644,1.3937589824199677,0.030887954169884324
immediate_advantage_dqn,812,267,74.92408563345671,80.29600038729609,27.334627352654934,47.589459189772604,1.4333700081333518,15082.926753997803,0.0,24.0,0.0,1.0,0.050000000000000044,1.4915443900972605,1.480990482494235,0.03517972258850932
immediate_advantage_dqn,812,268,81.85391443371773,80.80354707285764,28.9804025888443,52.87351162135601,1.4850853784009814,16343.879205703735,0.0,27.0,0.0,2.0,0.050000000000000044,1.3383427299559116,1.329397801309824,0.029816416674293578
immediate_advantage_dqn,812,269,83.17532993108034,80.44766404293479,30.31913884729147,52.85619141161442,1.5330566642805934,17076.01040649414,0.0,26.0,0.0,1.0,0.050000000000000044,1.699157204478979,1.687396202236414,0.03920329047832638
immediate_advantage_dqn,812,270,73.7126746416092,79.79384250365199,27.157388895750046,46.55528610348701,1.4563010446727276,15520.472557067871,0.0,23.0,0.0,1.0,0.050000000000000044,1.3406632971018553,1.3296554051339626,0.036692928755655885
immediate_advantage_dqn,812,271,89.87996715307236,80.3438299803436,29.135295137763023,60.74467186629772,1.5318662850186229,16716.353515625,0.0,27.0,0.0,1.0,0.050000000000000044,1.3627527710050344,1.3525037802755833,0.034163304371759295
immediate_advantage_dqn,812,272,82.16657426953316,80.19324752070011,29.67162276059389,52.49495154619217,1.511670833453536,16683.472862243652,0.0,23.0,0.0,0.0,0.050000000000000044,1.3493638057261705,1.3412464819848537,0.027057738741859794
immediate_advantage_dqn,812,273,77.37961507886648,80.17838111132383,28.259059332311153,49.12055620849132,1.4788575107231736,15856.587043762207,0.0,25.0,0.0,3.0,0.050000000000000044,1.5824791006743908,1.5723657999187708,0.03371103317476809
immediate_advantage_dqn,812,274,75.99381646811962,78.9420545874536,27.14379919320345,48.85001707375049,1.4448388312011957,14939.14875793457,0.0,23.0,0.0,2.0,0.050000000000000044,1.482074135914445,1.4741289503872395,0.0264839701121673
immediate_advantage_dqn,812,275,76.38502302765846,78.91234223738313,26.639196887612343,49.74582585692406,1.4431335888803005,15019.032665252686,0.0,23.0,0.0,0.0,0.050000000000000044,1.4471124578267336,1.438233632594347,0.029596069594845176
immediate_advantage_dqn,812,276,68.2268996566534,78.94547307051718,25.54383233934641,42.683067339658734,1.4043691428378224,14259.111751556396,0.0,19.0,0.0,2.0,0.050000000000000044,1.7084601409733295,1.697774600237608,0.03561853896826506
immediate_advantage_dqn,812,277,86.67800130099059,78.86256936803461,27.940704479813576,58.737297096848486,1.5070311622694135,16006.505470275879,0.0,28.0,0.0,3.0,0.050000000000000044,1.357523325830698,1.3469082862138748,0.03538344125263393
immediate_advantage_dqn,812,278,64.51313626915217,78.02742616072297,24.67007029056549,39.84306617975235,1.3946183770895004,14059.101709365845,0.0,20.0,0.0,2.0,0.050000000000000044,1.565121352672577,1.5553904920816422,0.03243619005661458
immediate_advantage_dqn,812,279,89.23511867523193,79.38864459507168,31.733055792748928,57.50206308364868,1.5495837023481727,17480.979892730713,0.0,25.0,0.0,2.0,0.050000000000000044,1.4244919456541538,1.4126405213028193,0.03950473386794329
immediate_advantage_dqn,812,280,69.36460818350315,79.35794094376267,26.887857377529144,42.47675061225891,1.43136749509722,14735.065299987793,0.0,20.0,0.0,0.0,0.050000000000000044,1.2656438909471035,1.2550810873508453,0.03520937170833349
immediate_advantage_dqn,812,281,76.23606731891633,78.83575599327683,29.23000466823578,47.006062218546866,1.4799864115193486,16136.923274993896,0.0,23.0,0.0,1.0,0.050000000000000044,1.2855043970048428,1.275029443204403,0.034916523145511746
immediate_advantage_dqn,812,282,91.2558614462614,79.36032998353242,30.592036992311478,60.6638240814209,1.5598415387794375,17756.338439941406,0.0,27.0,0.0,0.0,0.050000000000000044,1.494395824149251,1.4831561483442783,0.037465602275915444
immediate_advantage_dqn,812,283,78.71634566783905,80.05349135003985,27.5587088316679,51.15763649344444,1.4600531002506614,15505.268436431885,0.0,25.0,0.0,0.0,0.050000000000000044,1.5306221712380648,1.5194781981408596,0.03714655200019479
immediate_advantage_dqn,812,284,67.4371863976121,79.45870582550765,25.95899335294962,41.478192925453186,1.4295766707509756,15011.427249908447,0.0,22.0,0.0,2.0,0.050000000000000044,1.5069830659776926,1.495830800384283,0.037174211465753615
immediate_advantage_dqn,812,285,89.59731654077768,79.33044493697584,29.053198270499706,60.544117987155914,1.5198907880112529,16884.22734451294,0.0,26.0,0.0,1.0,0.050000000000000044,1.3635462615638971,1.353067971765995,0.03492764080874622
immediate_advantage_dqn,812,286,95.17742137014866,79.59544817321003,31.159020349383354,64.0184009462595,1.5518035227432847,17246.596382141113,0.0,28.0,0.0,1.0,0.050000000000000044,1.463177239522338,1.4524220246821642,0.03585069649852812
immediate_advantage_dqn,812,287,68.76481630653143,79.28748470686376,26.75905542820692,42.005760833621025,1.450054306536913,15309.78917503357,0.0,20.0,0.0,0.0,0.050000000000000044,1.6506464257836342,1.640414334833622,0.03410696564242244
immediate_advantage_dqn,812,288,75.91061189770699,78.99031958006323,28.769859336316586,47.1407527923584,1.4709962643682957,15838.974403381348,0.0,23.0,0.0,1.0,0.050000000000000044,1.635656200349331,1.6234914902597666,0.040548950899392366
immediate_advantage_dqn,812,289,72.06585248112678,78.43484570756554,25.739633582532406,46.32621856331825,1.4123396016657352,14770.560745239258,0.0,22.0,0.0,2.0,0.050000000000000044,1.413083627820015,1.4048092626035213,0.027581204660236835
immediate_advantage_dqn,812,290,93.57010072767734,79.42771701186895,32.466229155659676,61.10387207865715,1.5918549476191401,18755.724838256836,0.0,28.0,0.0,2.0,0.050000000000000044,1.5664869397878647,1.555003298446536,0.038278748746961355
immediate_advantage_dqn,812,291,91.94226914048195,79.53083211123945,31.189609833061695,60.75265927016735,1.5810457402840257,17968.41025161743,0.0,30.0,0.0,2.0,0.050000000000000044,1.6760884709656239,1.666417721658945,0.03223581879865378
immediate_advantage_dqn,812,292,68.84960068017244,78.86498343177139,27.37741819769144,41.47218233346939,1.4630776112899184,15453.869445800781,0.0,21.0,0.0,0.0,0.050000000000000044,1.4395866617560387,1.4274701587855816,0.04038831894285977
immediate_advantage_dqn,812,293,81.01209375411273,79.04660736553372,27.638447545468807,53.37364595532417,1.4905929025262594,15588.230159759521,0.0,27.0,0.0,1.0,0.050000000000000044,1.4545886348932981,1.4445893336087465,0.03333098744042218
immediate_advantage_dqn,812,294,72.05935428291559,78.84988425627351,28.061491690576077,43.99786299467087,1.4842722499743104,16340.941898345947,0.0,20.0,0.0,1.0,0.050000000000000044,1.506895862519741,1.4970352724194527,0.03286863141693175
immediate_advantage_dqn,812,295,70.55762792676687,78.55851450122894,26.159652538597584,44.39797570109367,1.4327510362491012,14946.24662399292,0.0,21.0,0.0,2.0,0.050000000000000044,1.686422498896718,1.675775233656168,0.03549088689032942
immediate_advantage_dqn,812,296,82.2225884348154,79.25829894013704,30.89644230902195,51.32614603638649,1.5262536574155092,17652.442699432373,0.0,27.0,0.0,0.0,0.050000000000000044,1.4583760295063257,1.4491278678178787,0.030827233917079866
immediate_advantage_dqn,812,297,80.66216117888689,78.95750693403184,29.575540982186794,51.08662024140358,1.5124243954196572,16637.745178222656,0.0,24.0,0.0,0.0,0.050000000000000044,1.3203230556100607,1.3085131794214249,0.039366187644191086
immediate_advantage_dqn,812,298,73.94132513105869,79.42891637712717,27.06853824853897,46.87278698682785,1.4389160573482513,15412.7236328125,0.0,21.0,0.0,3.0,0.050000000000000044,1.1222516931593418,1.1127622034400702,0.0316316990647465
immediate_advantage_dqn,812,299,75.0033548116684,78.717328183949,27.22682522237301,47.7765295445919,1.4592045694589615,15449.940189361572,0.0,23.0,0.0,1.0,0.050000000000000044,1.57561126165092,1.5638577044010162,0.03917854803148657
