path	bytes	sha256	role
dqn_family_satellite_ground_manuscript.pdf	4726832	c07e3b973b85e38e3ab82c8b5a2cccec18a34f698eba3f996fd71fac9ef14f36	current_manuscript_pdf
dqn_family_satellite_ground/__init__.py	338	f525b63ac81b23badedb428274d4f71963cd8a1c06aba70d7df9fa1ac2f0796c	reproduction_source
dqn_family_satellite_ground/agent.py	10068	edca47b1d0193cb89e232d58909cdd62ad8d1b00c8bacccc5ddf7c28d1b8252b	reproduction_source
dqn_family_satellite_ground/dqn_mpc_family_inference.py	10156	47cd36df45e70571a1451fde42535570ce1439053b4605c7a2fc4080dfda5c88	reproduction_source
dqn_family_satellite_ground/environment.py	19276	6436c9df1124da2be54d9a44c182a9bc7431772e4f4530c429bbaf98d4139b9c	reproduction_source
dqn_family_satellite_ground/experiment.py	23579	26cf65f5e58feb74a59872aff48396a686add9031ed4f52e8f4c00e0362fab44	reproduction_source
dqn_family_satellite_ground/extended_reporting.py	14395	91e25b0640024b89207e1e6b90c93806b75427afc4eb7897afd6bb02163b852c	reproduction_source
dqn_family_satellite_ground/extended_revision.py	11834	800182a2b77289a60f0d7ca843f367bde46d88814a99949199f062330196d320	reproduction_source
dqn_family_satellite_ground/planner.py	2249	47c7aeadec521dd35e881bf52517821e9ad5be433d836d03249b551c3a6a0fa1	reproduction_source
dqn_family_satellite_ground/plot_dqn_family_summary.py	9900	ec4bf3a3eea3b6de324395d8b14a003447eaad17897ba6f31b2c8e75bbab192e	reproduction_source
dqn_family_satellite_ground/plot_reviewer_results_matlab.m	21296	c56d130868aedb7d48adf7d9fdee7c894d6f38cfaed37f807ae6a4416d3b757b	reproduction_source
dqn_family_satellite_ground/requirements.txt	279	c80dc697f4dab1528eefd5d516deb04061b38ea0eaf28728ce074d8eabe44fe3	reproduction_source
dqn_family_satellite_ground/results/reviewer_revision_state_complete/dqn_vs_mpc_family_inference.csv	974	c7eb204e0dd3bbfe677d9f5ed71e3e23e3d30d12c72d86df637a156ebef675bd	result_data_or_metadata
dqn_family_satellite_ground/results/reviewer_revision_state_complete/dqn_vs_mpc_inference.csv	5993	f92b4e2611b0156bf4466d949c6f5a6b134555197ee029ea639495f38a6478c5	result_data_or_metadata
dqn_family_satellite_ground/results/reviewer_revision_state_complete/dqn_vs_mpc_seed_differences.csv	57896	a497b5616349cb35751288751694b785cd9182635c0d434d74b4bb03d9255c35	result_data_or_metadata
dqn_family_satellite_ground/results/reviewer_revision_state_complete/extended_ablation_inference.csv	7180	e7e31dfd5ddedd5b9f265f18adb4fd45f1a3aa5a126653a6323888537b5e9a66	result_data_or_metadata
dqn_family_satellite_ground/results/reviewer_revision_state_complete/extended_ablation_raw.csv	3351384	14052c1a1050eb031decbc6fb9996c3e9fa636a54fcc175fa820cb954e9cc775	result_data_or_metadata
dqn_family_satellite_ground/results/reviewer_revision_state_complete/extended_ablation_seed_differences.csv	47168	4a13f90ff3aeeb474b158e4737c4e12d44805eb23c3f512dc2974691a35f242a	result_data_or_metadata
dqn_family_satellite_ground/results/reviewer_revision_state_complete/extended_ablation_seed_level.csv	134458	12e253cf9ae9786a0ccf8b2c57236585825f30be57c6ba81997c6d4a0ea8c038	result_data_or_metadata
dqn_family_satellite_ground/results/reviewer_revision_state_complete/extended_ablation_summary.csv	15961	4d7cebc226b206ed4ace746f478d4262385c9bf91e13248805c35a90a3b50112	result_data_or_metadata
dqn_family_satellite_ground/results/reviewer_revision_state_complete/extended_revision_metadata.json	964	8e619848d63b49399a80a8d7ad89263ad8c5dfc0474352501bf4d7510eda2b3b	result_data_or_metadata
dqn_family_satellite_ground/results/reviewer_revision_state_complete/extended_revision_validation.json	25078	50fa13bb8eba98626e05b616133297a720104807d500225e8747e259e504c72c	result_data_or_metadata
dqn_family_satellite_ground/results/reviewer_revision_state_complete/fixed_transition_audit.csv	1450	45c84547472c55f9e426735d77c645728c95c8ad7fb1c253766b98036223e348	result_data_or_metadata
dqn_family_satellite_ground/results/reviewer_revision_state_complete/metadata.json	2274	17d925f339c99ed8a0125c4d2c855ce9cb67824c785cd818ea50d0937aed27f4	result_data_or_metadata
dqn_family_satellite_ground/results/reviewer_revision_state_complete/mismatch_models/centered_full_action_dqn__preview_scale_0p85__seed_800__curve.csv	146757	42d33589465cc843a9e17c3eb83b860ff23ebd9b3f2108c7f67a585f6d8532f1	training_curve
dqn_family_satellite_ground/results/reviewer_revision_state_complete/mismatch_models/centered_full_action_dqn__preview_scale_0p85__seed_800.pth	465941	145e4e2b3bce8c205da89366d0e19494e84ead8f31d0c80aceef3f23d032495c	trained_model
dqn_family_satellite_ground/results/reviewer_revision_state_complete/mismatch_models/centered_full_action_dqn__preview_scale_0p85__seed_801__curve.csv	146853	466f768f1eb7ca2f526343a43dbcc7953ef812a64fce29b0957228930bfbdb99	training_curve
dqn_family_satellite_ground/results/reviewer_revision_state_complete/mismatch_models/centered_full_action_dqn__preview_scale_0p85__seed_801.pth	465941	1c68de1069c8d8127bd0a195b4cc36be0b56ca3dc7e059106cced833cf66cc3c	trained_model
dqn_family_satellite_ground/results/reviewer_revision_state_complete/mismatch_models/centered_full_action_dqn__preview_scale_0p85__seed_802__curve.csv	146674	58df21dd03756a940414b8dc1d9227a61850af74a60b958fa5b8c4de29444b85	training_curve
dqn_family_satellite_ground/results/reviewer_revision_state_complete/mismatch_models/centered_full_action_dqn__preview_scale_0p85__seed_802.pth	465941	e2f5b7da1a029df6a7aa7d25ff642db40ec23722b82baf08e28b2a60db9f3589	trained_model
dqn_family_satellite_ground/results/reviewer_revision_state_complete/mismatch_models/centered_full_action_dqn__preview_scale_0p85__seed_803__curve.csv	146760	59b2438b9b573f9f72c360f9ccfd3881e6f482522cc352e7284c996af28d4e01	training_curve
dqn_family_satellite_ground/results/reviewer_revision_state_complete/mismatch_models/centered_full_action_dqn__preview_scale_0p85__seed_803.pth	465941	e49b4f8d2bb029588ff7b915c433bc79dbf298770851943f749c95acc248357e	trained_model
dqn_family_satellite_ground/results/reviewer_revision_state_complete/mismatch_models/centered_full_action_dqn__preview_scale_0p85__seed_804__curve.csv	146696	295d2b3c2ed70340dfc8de3a740166d9cf9443997b818a9fb3b0d0cc402a71f9	training_curve
dqn_family_satellite_ground/results/reviewer_revision_state_complete/mismatch_models/centered_full_action_dqn__preview_scale_0p85__seed_804.pth	465941	23043e46ebde9a57889f280277e0daf9adad026c06ffdb639b431cb704555cb2	trained_model
dqn_family_satellite_ground/results/reviewer_revision_state_complete/mismatch_models/centered_full_action_dqn__preview_scale_0p85__seed_805__curve.csv	146801	0ae690453f19fb7328879f3e10a8e904a2e032f2702b72142b4272b0c64a07e8	training_curve
dqn_family_satellite_ground/results/reviewer_revision_state_complete/mismatch_models/centered_full_action_dqn__preview_scale_0p85__seed_805.pth	465941	91ba67018aca04c2f648d24e66d56177694945bc55cbcde875c975cb54f71b9e	trained_model
dqn_family_satellite_ground/results/reviewer_revision_state_complete/mismatch_models/centered_full_action_dqn__preview_scale_0p85__seed_806__curve.csv	146688	ed954ee621228bcb5ae6247df73fd3a240c9bca22b64e7d71ee7e1edbee7d0e4	training_curve
dqn_family_satellite_ground/results/reviewer_revision_state_complete/mismatch_models/centered_full_action_dqn__preview_scale_0p85__seed_806.pth	465941	dea517267016a316be2a81d457cb4aa2cbd45c58d0828161bb70b461feac203c	trained_model
dqn_family_satellite_ground/results/reviewer_revision_state_complete/mismatch_models/centered_full_action_dqn__preview_scale_0p85__seed_807__curve.csv	146753	28f8b7b40f90311e494a679ef9ba1dd19f62889226e9d5990fc4cc9252fd82a9	training_curve
dqn_family_satellite_ground/results/reviewer_revision_state_complete/mismatch_models/centered_full_action_dqn__preview_scale_0p85__seed_807.pth	465941	dfca576b76db22c16eeb7754a2f43f9890298d48ef9385865e47fc42ab3cb543	trained_model
dqn_family_satellite_ground/results/reviewer_revision_state_complete/mismatch_models/centered_full_action_dqn__preview_scale_0p85__seed_808__curve.csv	146834	db4e43fd4456cf8ee8fc473cd30893c5d27c1dcd448c3b22903188f3dbf385d3	training_curve
dqn_family_satellite_ground/results/reviewer_revision_state_complete/mismatch_models/centered_full_action_dqn__preview_scale_0p85__seed_808.pth	465941	527c8f5524ce47cce4f282ade41470b37ddf05848352cc9f58ee3591e5ad2bd6	trained_model
dqn_family_satellite_ground/results/reviewer_revision_state_complete/mismatch_models/centered_full_action_dqn__preview_scale_0p85__seed_809__curve.csv	146817	f56236d3b237b1e1afa4d692bafb3b60aff7f7110f43a3689822fd468b3451b3	training_curve
dqn_family_satellite_ground/results/reviewer_revision_state_complete/mismatch_models/centered_full_action_dqn__preview_scale_0p85__seed_809.pth	465941	19dffe1994aeb3c9d9de17df41794e049d6ca82135730a57ed9c3720738cdc3d	trained_model
dqn_family_satellite_ground/results/reviewer_revision_state_complete/mismatch_models/centered_full_action_dqn__preview_scale_0p85__seed_810__curve.csv	146799	11f149f75157e70d5cbb13858ef6b35f8597482fc4e5fec1fe50edf9f1b8c9a9	training_curve
dqn_family_satellite_ground/results/reviewer_revision_state_complete/mismatch_models/centered_full_action_dqn__preview_scale_0p85__seed_810.pth	465941	768ff5391a1e4a78ab00e6944253a4bb192398c5f53b28abbabe8af2e466ead3	trained_model
dqn_family_satellite_ground/results/reviewer_revision_state_complete/mismatch_models/centered_full_action_dqn__preview_scale_0p85__seed_811__curve.csv	146758	14e14378f8ab0933fd4b85ea3d496b0a5ee16c67897de38bcc20acf69b707330	training_curve
dqn_family_satellite_ground/results/reviewer_revision_state_complete/mismatch_models/centered_full_action_dqn__preview_scale_0p85__seed_811.pth	465941	0da4ba61fef77e85e9b88ea842cf25763b8c4482472337bb1c9c06b395b96717	trained_model
dqn_family_satellite_ground/results/reviewer_revision_state_complete/mismatch_models/centered_full_action_dqn__preview_scale_0p85__seed_812__curve.csv	146724	ea7feaabf06a0abcf4693dfee470183bb5b67b31940690dda037d9992eb8d2e7	training_curve
dqn_family_satellite_ground/results/reviewer_revision_state_complete/mismatch_models/centered_full_action_dqn__preview_scale_0p85__seed_812.pth	465941	c06acf1a02349bd694bdc8f27b812759ad516be8810d2037c33134324b6801c0	trained_model
dqn_family_satellite_ground/results/reviewer_revision_state_complete/mismatch_models/centered_full_action_dqn__preview_scale_0p85__seed_813__curve.csv	146726	1d164a062754900287f8827e73cb53ee7e69d7f2144f2594435c97fc52b3c3d5	training_curve
dqn_family_satellite_ground/results/reviewer_revision_state_complete/mismatch_models/centered_full_action_dqn__preview_scale_0p85__seed_813.pth	465941	95f764690ea871d40f908aae96976c1f03b98d2d1e39dea93cf1f5540bfe520e	trained_model
dqn_family_satellite_ground/results/reviewer_revision_state_complete/mismatch_models/centered_full_action_dqn__preview_scale_0p85__seed_814__curve.csv	146734	4cb3806fd4f167bbd7061304ff7cc0134c7348e0733c007b0ae37cc7ccc02548	training_curve
dqn_family_satellite_ground/results/reviewer_revision_state_complete/mismatch_models/centered_full_action_dqn__preview_scale_0p85__seed_814.pth	465941	a11d9a3b877ab83204ebb8dd6983199d77320f2b425ca4006111afa0466e58e8	trained_model
dqn_family_satellite_ground/results/reviewer_revision_state_complete/mismatch_models/centered_full_action_dqn__preview_scale_0p85__seed_815__curve.csv	146765	e140471a85dff46d11119052842a94316f0f48ee01c0ae07b5d0b5c7a1806329	training_curve
dqn_family_satellite_ground/results/reviewer_revision_state_complete/mismatch_models/centered_full_action_dqn__preview_scale_0p85__seed_815.pth	465941	80146cdb223f65da0d95c0e5e682c56da25eb7c5b58cef8e55c8c598840a3b43	trained_model
dqn_family_satellite_ground/results/reviewer_revision_state_complete/mismatch_models/centered_full_action_dqn__preview_scale_0p85__seed_816__curve.csv	146621	6970f49ae1cce9c62dd53a5b7615c41ddddd5aeba3948b9b297cfff27ae417c8	training_curve
dqn_family_satellite_ground/results/reviewer_revision_state_complete/mismatch_models/centered_full_action_dqn__preview_scale_0p85__seed_816.pth	465941	a661eca599213f413a110981f00b1b9dbbbb58b5099a52d034912d3acab07130	trained_model
dqn_family_satellite_ground/results/reviewer_revision_state_complete/mismatch_models/centered_full_action_dqn__preview_scale_0p85__seed_817__curve.csv	146829	3d4b6835d97bf1a24b32b35e6cfad3f665956b332c58e261527ad9f766d8d158	training_curve
dqn_family_satellite_ground/results/reviewer_revision_state_complete/mismatch_models/centered_full_action_dqn__preview_scale_0p85__seed_817.pth	465941	e548e1b29dc64dd70c36f1ffbb34f064684f7466a93dbfd2db6483f914a37e96	trained_model
dqn_family_satellite_ground/results/reviewer_revision_state_complete/mismatch_models/centered_full_action_dqn__preview_scale_0p85__seed_818__curve.csv	146878	7e40af7ff00b98cf4f67ce2ec701a3c6a6d1f14a198f87ab6c20cff0777cb186	training_curve
dqn_family_satellite_ground/results/reviewer_revision_state_complete/mismatch_models/centered_full_action_dqn__preview_scale_0p85__seed_818.pth	465941	ec8cd068aa2d3418bb8b243967bfe71aa269885962b7ff91dfa54801ff18f221	trained_model
dqn_family_satellite_ground/results/reviewer_revision_state_complete/mismatch_models/centered_full_action_dqn__preview_scale_0p85__seed_819__curve.csv	146727	622f567a4e41676f1e079cb54cba02745ff4b34aeaca73b15acb092a9508d007	training_curve
dqn_family_satellite_ground/results/reviewer_revision_state_complete/mismatch_models/centered_full_action_dqn__preview_scale_0p85__seed_819.pth	465941	b7aaa0d33fb624d30bdff0c5e2d66086690d869c770e2654b0aaf0f616461501	trained_model
dqn_family_satellite_ground/results/reviewer_revision_state_complete/mismatch_models/centered_full_action_dqn__preview_scale_1p15__seed_800__curve.csv	146623	5273cfc7359d0781b81b6a1ed1ff2fb81b7b67ca6c64bc748e0609589a8f23bb	training_curve
dqn_family_satellite_ground/results/reviewer_revision_state_complete/mismatch_models/centered_full_action_dqn__preview_scale_1p15__seed_800.pth	465941	70075c1b9b8c44643dbf311346aa9e337734bba2014fc4c405105e636625dde9	trained_model
dqn_family_satellite_ground/results/reviewer_revision_state_complete/mismatch_models/centered_full_action_dqn__preview_scale_1p15__seed_801__curve.csv	146647	093cd05deeb8696009a3eba35e215a305db531f3aef3fe76b1d070fb2e9ee057	training_curve
dqn_family_satellite_ground/results/reviewer_revision_state_complete/mismatch_models/centered_full_action_dqn__preview_scale_1p15__seed_801.pth	465941	6e0b6238440ea7339c61d7ac692e2c4b774551c2d483ab26ab460238fccafda5	trained_model
dqn_family_satellite_ground/results/reviewer_revision_state_complete/mismatch_models/centered_full_action_dqn__preview_scale_1p15__seed_802__curve.csv	146523	9eb70248716714a9deaa684687dba945bf987c2a0c15681d3965fbf85ab1d47c	training_curve
dqn_family_satellite_ground/results/reviewer_revision_state_complete/mismatch_models/centered_full_action_dqn__preview_scale_1p15__seed_802.pth	465941	f69b017462598ad9a2ca7f064597ec7343bb5124d0d0a949bc1104d2b3cfb810	trained_model
dqn_family_satellite_ground/results/reviewer_revision_state_complete/mismatch_models/centered_full_action_dqn__preview_scale_1p15__seed_803__curve.csv	146641	a49c1c6c45412aa17481e480734ce4932ecdc7cb412b01ba3324061330103af6	training_curve
dqn_family_satellite_ground/results/reviewer_revision_state_complete/mismatch_models/centered_full_action_dqn__preview_scale_1p15__seed_803.pth	465941	81fe622cdf6f006ce8b0370dd6f445cb23b6784cee0be2c1d973b13dd22e00a1	trained_model
dqn_family_satellite_ground/results/reviewer_revision_state_complete/mismatch_models/centered_full_action_dqn__preview_scale_1p15__seed_804__curve.csv	146591	39c512e359a98b38f4be51cedfcad6f9d29695826481f51da78be02b3c3b143a	training_curve
dqn_family_satellite_ground/results/reviewer_revision_state_complete/mismatch_models/centered_full_action_dqn__preview_scale_1p15__seed_804.pth	465941	46359e55571a537a60dad09ee61b6ce046c17c5d7d149fba0e973ee9538af0d6	trained_model
dqn_family_satellite_ground/results/reviewer_revision_state_complete/mismatch_models/centered_full_action_dqn__preview_scale_1p15__seed_805__curve.csv	146658	186836aa45bb1ca99bdd9238930aa67539b70d2f7b9b5fc27727be80afdd85a7	training_curve
dqn_family_satellite_ground/results/reviewer_revision_state_complete/mismatch_models/centered_full_action_dqn__preview_scale_1p15__seed_805.pth	465941	bd5bf97b4cad5b859ba8ea1b477014dcc2f35c61f32dc977ce5eb5a641258691	trained_model
dqn_family_satellite_ground/results/reviewer_revision_state_complete/mismatch_models/centered_full_action_dqn__preview_scale_1p15__seed_806__curve.csv	146589	5336345b8a43c31b3b649c17588ea258b395bdb2234e5522ebd5a28a5ee4a228	training_curve
dqn_family_satellite_ground/results/reviewer_revision_state_complete/mismatch_models/centered_full_action_dqn__preview_scale_1p15__seed_806.pth	465941	3ffc2a79f5c8c5515a442bd728fbd469e72f82ae78b5adaf4ac01b9e25a656c8	trained_model
dqn_family_satellite_ground/results/reviewer_revision_state_complete/mismatch_models/centered_full_action_dqn__preview_scale_1p15__seed_807__curve.csv	146651	b911872a007d0dc87b370dd6e0af508d865801629716b8dd7e5c00cf3452069a	training_curve
dqn_family_satellite_ground/results/reviewer_revision_state_complete/mismatch_models/centered_full_action_dqn__preview_scale_1p15__seed_807.pth	465941	2152df6c6075c8ff3bf61de40141416956f264b5c5939d3ff1b9e042a184f755	trained_model
dqn_family_satellite_ground/results/reviewer_revision_state_complete/mismatch_models/centered_full_action_dqn__preview_scale_1p15__seed_808__curve.csv	146614	f652d6802f88d1dae88898db5f62a6c11af256a63803f0555ed0b1dfe76ca9be	training_curve
dqn_family_satellite_ground/results/reviewer_revision_state_complete/mismatch_models/centered_full_action_dqn__preview_scale_1p15__seed_808.pth	465941	87333198de7906941dc4799248f5ab2e95fe2c5d9319634307d945bbfe1de9b7	trained_model
dqn_family_satellite_ground/results/reviewer_revision_state_complete/mismatch_models/centered_full_action_dqn__preview_scale_1p15__seed_809__curve.csv	146674	14b98e5ba8dd046fd15866fa57ef0e98c6dceee821e396c2d23ed2e7c3be4e85	training_curve
dqn_family_satellite_ground/results/reviewer_revision_state_complete/mismatch_models/centered_full_action_dqn__preview_scale_1p15__seed_809.pth	465941	7c463188e89cdbc9573b2a3ff6f68ebfcc286a3cfe0a9140ec03aada18d57825	trained_model
dqn_family_satellite_ground/results/reviewer_revision_state_complete/mismatch_models/centered_full_action_dqn__preview_scale_1p15__seed_810__curve.csv	146648	a65b34199e2f7dd13e2f6bf43d2a4874842a48c6b5878f5b4efe8d0c330b058e	training_curve
dqn_family_satellite_ground/results/reviewer_revision_state_complete/mismatch_models/centered_full_action_dqn__preview_scale_1p15__seed_810.pth	465941	44dca1e3faccce454dfd722f3da6ac1b2fd14e82847bd52732390d4ada8d071e	trained_model
dqn_family_satellite_ground/results/reviewer_revision_state_complete/mismatch_models/centered_full_action_dqn__preview_scale_1p15__seed_811__curve.csv	146568	14cd808a0c53705741bf57676f9cf6fe87ba35183e7b75a5d9271f7133fe5445	training_curve
dqn_family_satellite_ground/results/reviewer_revision_state_complete/mismatch_models/centered_full_action_dqn__preview_scale_1p15__seed_811.pth	465941	0dce9dee0343a026113ee5f152da1027092b5c6e86174285f261b203d61edc58	trained_model
dqn_family_satellite_ground/results/reviewer_revision_state_complete/mismatch_models/centered_full_action_dqn__preview_scale_1p15__seed_812__curve.csv	146585	ca35cc7be61dd3bae0527ddf8617394b4ef5ffcfde35a7e4557cb25bf7cc6a3c	training_curve
dqn_family_satellite_ground/results/reviewer_revision_state_complete/mismatch_models/centered_full_action_dqn__preview_scale_1p15__seed_812.pth	465941	0c1b4305401df279438af5dcb650e15b1d11d49d4ab2e16f2721a93c53b059ed	trained_model
dqn_family_satellite_ground/results/reviewer_revision_state_complete/mismatch_models/centered_full_action_dqn__preview_scale_1p15__seed_813__curve.csv	146600	c3c1d5d1222f64f801485674f7225cb42405bfc796832ad7ac88b0d611eac831	training_curve
dqn_family_satellite_ground/results/reviewer_revision_state_complete/mismatch_models/centered_full_action_dqn__preview_scale_1p15__seed_813.pth	465941	f773500ad8ebca25529432d54314d1c4a19c58492b7f28081bce0c144a6f5e80	trained_model
dqn_family_satellite_ground/results/reviewer_revision_state_complete/mismatch_models/centered_full_action_dqn__preview_scale_1p15__seed_814__curve.csv	146604	28c3d2d268636d4e4cf17be943eed6b8c04285d3a950526486e174ffa7f50efb	training_curve
dqn_family_satellite_ground/results/reviewer_revision_state_complete/mismatch_models/centered_full_action_dqn__preview_scale_1p15__seed_814.pth	465941	a4899d6721efdeaa45dbd4368764952de72f437d33b2038e61e5c8f3105568ef	trained_model
dqn_family_satellite_ground/results/reviewer_revision_state_complete/mismatch_models/centered_full_action_dqn__preview_scale_1p15__seed_815__curve.csv	146591	b5a5c6f2df24a86345750271f540692a066105feee676ab0ac23ec828a0fa0d0	training_curve
dqn_family_satellite_ground/results/reviewer_revision_state_complete/mismatch_models/centered_full_action_dqn__preview_scale_1p15__seed_815.pth	465941	e5c7a2d205411de3842ac5111409c8664e370feff15fdb61f45772f1ed3b2fc2	trained_model
dqn_family_satellite_ground/results/reviewer_revision_state_complete/mismatch_models/centered_full_action_dqn__preview_scale_1p15__seed_816__curve.csv	146582	d778f86ea866771433fc6d4df5fbed0ea14a2bf1152bccf6830365703dcc02bc	training_curve
dqn_family_satellite_ground/results/reviewer_revision_state_complete/mismatch_models/centered_full_action_dqn__preview_scale_1p15__seed_816.pth	465941	b71e62743ee8969b972e66c1783cc9cc9825cfe38d2d8a189bbb13c7b9ee2e71	trained_model
dqn_family_satellite_ground/results/reviewer_revision_state_complete/mismatch_models/centered_full_action_dqn__preview_scale_1p15__seed_817__curve.csv	146684	c8424ad363a1fbd2d41ce3d28595fb3ab447281563aa3fbf8a6ca5e45311c934	training_curve
dqn_family_satellite_ground/results/reviewer_revision_state_complete/mismatch_models/centered_full_action_dqn__preview_scale_1p15__seed_817.pth	465941	7726316744d4d326b3a839e19663f013b5b8a0393a225f72f0d66c2c35adbd2f	trained_model
dqn_family_satellite_ground/results/reviewer_revision_state_complete/mismatch_models/centered_full_action_dqn__preview_scale_1p15__seed_818__curve.csv	146623	7d920bcb4c9176622ed6aa8f52700e8cc5023effe43db5a282e335248034d294	training_curve
dqn_family_satellite_ground/results/reviewer_revision_state_complete/mismatch_models/centered_full_action_dqn__preview_scale_1p15__seed_818.pth	465941	6b1876e7a680095b35c96aa13bafc75572294374ee03a62436f8cebfbfdd1cdc	trained_model
dqn_family_satellite_ground/results/reviewer_revision_state_complete/mismatch_models/centered_full_action_dqn__preview_scale_1p15__seed_819__curve.csv	146626	7e1c046c70ec6dcdd820b3369eabec32c5f053c307e565f30618a5e7c7278820	training_curve
dqn_family_satellite_ground/results/reviewer_revision_state_complete/mismatch_models/centered_full_action_dqn__preview_scale_1p15__seed_819.pth	465941	1457827fb1a9ac052e05c943cbbe9bb91de5b14cc75b283bb4eeda77350d074f	trained_model
dqn_family_satellite_ground/results/reviewer_revision_state_complete/model_manifest.csv	33461	ec6417ec7862f16ffe17eaf70facdea654fb892b0a06f2daa1802366e8205d5c	result_data_or_metadata
dqn_family_satellite_ground/results/reviewer_revision_state_complete/models/centered_full_action_dqn__lambda_0p3__seed_800__curve.csv	143640	9143f8032d07bab680dcfb32f48aa629e1baee62a7924b14619738e66a42f738	training_curve
dqn_family_satellite_ground/results/reviewer_revision_state_complete/models/centered_full_action_dqn__lambda_0p3__seed_800.pth	465509	17e7b20006de9c647f4803223ff4eb0cb266842718d6781289cc8fefe054b46e	trained_model
dqn_family_satellite_ground/results/reviewer_revision_state_complete/models/centered_full_action_dqn__lambda_0p3__seed_801__curve.csv	143772	d89d24a69327b078072c01fa8276716eeb94320229601d60cfde923e2edd68e1	training_curve
dqn_family_satellite_ground/results/reviewer_revision_state_complete/models/centered_full_action_dqn__lambda_0p3__seed_801.pth	465509	f1179ebf7ae4eda2fe7d1e9dd29682d8e9bf583b0449474e22851571ae7eebfe	trained_model
dqn_family_satellite_ground/results/reviewer_revision_state_complete/models/centered_full_action_dqn__lambda_0p3__seed_802__curve.csv	143511	d4d40d793b940615ccc0a281f1bc66eaea7356c04e40be769e665dccfe64f5ba	training_curve
dqn_family_satellite_ground/results/reviewer_revision_state_complete/models/centered_full_action_dqn__lambda_0p3__seed_802.pth	465509	6244a2f424206e828923204b77739164918ef12e000ecf17da05117beb39147f	trained_model
dqn_family_satellite_ground/results/reviewer_revision_state_complete/models/centered_full_action_dqn__lambda_0p3__seed_803__curve.csv	143683	2a881bb603b8f53244c063a44b47566de1b4f40c830328db88c3ce4a4b21b09e	training_curve
dqn_family_satellite_ground/results/reviewer_revision_state_complete/models/centered_full_action_dqn__lambda_0p3__seed_803.pth	465509	1d314b195e902e78f82fa31567ac7bf4dbb9c583aef2861dd082128ee0ecf439	trained_model
dqn_family_satellite_ground/results/reviewer_revision_state_complete/models/centered_full_action_dqn__lambda_0p3__seed_804__curve.csv	143673	95d165ccabd249f627f5276d7c790a21d2c76dae13e792a79d4c0e0fde625c26	training_curve
dqn_family_satellite_ground/results/reviewer_revision_state_complete/models/centered_full_action_dqn__lambda_0p3__seed_804.pth	465509	ce5d45509e799b73cd0c7cc778db5e5ab2edf89c263df1b1aaa1b47da2b50579	trained_model
dqn_family_satellite_ground/results/reviewer_revision_state_complete/models/centered_full_action_dqn__lambda_0p3__seed_805__curve.csv	143757	ec9d842482df12a329c0aa2c6d5dc70a3450103dc2692ea6afb12f54e634aab5	training_curve
dqn_family_satellite_ground/results/reviewer_revision_state_complete/models/centered_full_action_dqn__lambda_0p3__seed_805.pth	465509	333291daca754bd40ba13a07aba1777d0ee52cbed60c4a095143f4275dccde4d	trained_model
dqn_family_satellite_ground/results/reviewer_revision_state_complete/models/centered_full_action_dqn__lambda_0p3__seed_806__curve.csv	143551	2bd7b5a5b1eedb2975f72d18fa61f295cc9db756d22f9ad8f4924a971dc46776	training_curve
dqn_family_satellite_ground/results/reviewer_revision_state_complete/models/centered_full_action_dqn__lambda_0p3__seed_806.pth	465509	73c36e716c3e36eeeeec33abae27eb43b5ba9b8653ff600a5c926802612ac8b0	trained_model
dqn_family_satellite_ground/results/reviewer_revision_state_complete/models/centered_full_action_dqn__lambda_0p3__seed_807__curve.csv	143609	682def1d7694f2daff5f91881c66f4eeda70826ed49b199b0f13a09764f3770b	training_curve
dqn_family_satellite_ground/results/reviewer_revision_state_complete/models/centered_full_action_dqn__lambda_0p3__seed_807.pth	465509	3ff0ec8a4a7a0bcf9980747356d2e209dda6b06db4d63853b7cdeb0c74f2f2a7	trained_model
dqn_family_satellite_ground/results/reviewer_revision_state_complete/models/centered_full_action_dqn__lambda_0p3__seed_808__curve.csv	143594	325d2aae63f8ccc80a52e355dd2cb36d6094ec0bd54eebccf769d099ff9c9ed8	training_curve
dqn_family_satellite_ground/results/reviewer_revision_state_complete/models/centered_full_action_dqn__lambda_0p3__seed_808.pth	465509	4d94f8a18b8b156cf923c9a74fa88b962cc9ef019774a2ac46a2792340e6eb2c	trained_model
dqn_family_satellite_ground/results/reviewer_revision_state_complete/models/centered_full_action_dqn__lambda_0p3__seed_809__curve.csv	143582	7793bbaaa5538139c166202f4ee7a47486874d38b4f3ecc96cbbaa9ec362942f	training_curve
dqn_family_satellite_ground/results/reviewer_revision_state_complete/models/centered_full_action_dqn__lambda_0p3__seed_809.pth	465509	f54042e58a689b340e3dacb485277b9bad2693e6a20e078cf521436967eaef83	trained_model
dqn_family_satellite_ground/results/reviewer_revision_state_complete/models/centered_full_action_dqn__lambda_0p3__seed_810__curve.csv	143646	83cc33652860eb7a5c516beafc2bb12617a822c120ff2fd8eefc323d3cd5d2b5	training_curve
dqn_family_satellite_ground/results/reviewer_revision_state_complete/models/centered_full_action_dqn__lambda_0p3__seed_810.pth	465509	e32110189364b9c76fb7d250d5ae47475377917425334d65a492801577944ab2	trained_model
dqn_family_satellite_ground/results/reviewer_revision_state_complete/models/centered_full_action_dqn__lambda_0p3__seed_811__curve.csv	143609	5ded3b63878620b0923ffa663ee48d7c816447de50acf857a47f84f9c62a43bd	training_curve
dqn_family_satellite_ground/results/reviewer_revision_state_complete/models/centered_full_action_dqn__lambda_0p3__seed_811.pth	465509	270e138da18ad1db43773d8f3adc693b3cfbfe319c29f0e2b321bb9bdda14718	trained_model
dqn_family_satellite_ground/results/reviewer_revision_state_complete/models/centered_full_action_dqn__lambda_0p3__seed_812__curve.csv	143671	3835af4ba4427f19c0ebad1da809f5c83b927861bd04d5b2e7ebd7fefbabac13	training_curve
dqn_family_satellite_ground/results/reviewer_revision_state_complete/models/centered_full_action_dqn__lambda_0p3__seed_812.pth	465509	fc975938f7ec1a703a40396b8426f9893e3ceabdc292a70004332b5212a844fd	trained_model
dqn_family_satellite_ground/results/reviewer_revision_state_complete/models/centered_full_action_dqn__lambda_0p3__seed_813__curve.csv	143565	42d987281c9f3384eaffb876694359a36377c689a4e15ca950ac44ebf9a50477	training_curve
dqn_family_satellite_ground/results/reviewer_revision_state_complete/models/centered_full_action_dqn__lambda_0p3__seed_813.pth	465509	e0d2beef8e4106e69268cc7891467244d1e6586e9b49686f5ab0d46af6ef281b	trained_model
dqn_family_satellite_ground/results/reviewer_revision_state_complete/models/centered_full_action_dqn__lambda_0p3__seed_814__curve.csv	143604	c87ba25be4f8a91f90213c7bd36aa16a262d29216a27165d7a4fca7e66d467a4	training_curve
dqn_family_satellite_ground/results/reviewer_revision_state_complete/models/centered_full_action_dqn__lambda_0p3__seed_814.pth	465509	108d9259e0380b4a0b505836fcff53a0ea8017049e3d5db347c50ee4b29e8c83	trained_model
dqn_family_satellite_ground/results/reviewer_revision_state_complete/models/centered_full_action_dqn__lambda_0p3__seed_815__curve.csv	143594	7786a4b56cca99de2d28e6bcad26ee8926f66b6b0e94013aa86161a3981e0515	training_curve
dqn_family_satellite_ground/results/reviewer_revision_state_complete/models/centered_full_action_dqn__lambda_0p3__seed_815.pth	465509	e8b4fbf406785afdede4a25ebda699dbe1b0be99fd6f9673e487dd708e29c7a0	trained_model
dqn_family_satellite_ground/results/reviewer_revision_state_complete/models/centered_full_action_dqn__lambda_0p3__seed_816__curve.csv	143628	0d1db0a7bda29e145735b8852b50ac690e924e104182a8a9fbbffa200798efc6	training_curve
dqn_family_satellite_ground/results/reviewer_revision_state_complete/models/centered_full_action_dqn__lambda_0p3__seed_816.pth	465509	5bd382a601b3ec721aa02df921159cb520979a7a8b3a49cba2b15d16be88c51f	trained_model
dqn_family_satellite_ground/results/reviewer_revision_state_complete/models/centered_full_action_dqn__lambda_0p3__seed_817__curve.csv	143736	27c985548fc83072254503a694f615d59f564bdeb0ba0906d044381e2200035e	training_curve
dqn_family_satellite_ground/results/reviewer_revision_state_complete/models/centered_full_action_dqn__lambda_0p3__seed_817.pth	465509	30492b32ae7ac7b54f8cdb78a47e362d5dd2d0b5938989cabbc0f8fb01f73c89	trained_model
dqn_family_satellite_ground/results/reviewer_revision_state_complete/models/centered_full_action_dqn__lambda_0p3__seed_818__curve.csv	143734	6431d894fcb745861f864ac8d485ecccea8798a89b26a2ed9439e671e6e14455	training_curve
dqn_family_satellite_ground/results/reviewer_revision_state_complete/models/centered_full_action_dqn__lambda_0p3__seed_818.pth	465509	471d321cb1bb884f20753c1a7b479ea9557c862cd3203a8fec868d594a651350	trained_model
dqn_family_satellite_ground/results/reviewer_revision_state_complete/models/centered_full_action_dqn__lambda_0p3__seed_819__curve.csv	143624	9733e2f9314ff0a3ad22af08835b4ed3507a23fe639f660bc89a7ea113cf4e36	training_curve
dqn_family_satellite_ground/results/reviewer_revision_state_complete/models/centered_full_action_dqn__lambda_0p3__seed_819.pth	465509	e8efaa648d8ef88645b9d6cd9f45cb305dd1ff2aa86cd0aa6add73eb55d41365	trained_model
dqn_family_satellite_ground/results/reviewer_revision_state_complete/models/contextual_bandit__gamma_0__seed_800__curve.csv	133346	92114918473871067391902574524ca2a757cd77c78a61b1991759c279d9cdf1	training_curve
dqn_family_satellite_ground/results/reviewer_revision_state_complete/models/contextual_bandit__gamma_0__seed_800.pth	465049	b69713e28f06d1268ff811ca5c28d43eecc1c08d8e6c66070cff66b964d35ef7	trained_model
dqn_family_satellite_ground/results/reviewer_revision_state_complete/models/contextual_bandit__gamma_0__seed_801__curve.csv	133213	502eef91aadea106cb32be8a50dc5b4f6c6ed265daceccdb0e148f475a5ce0f7	training_curve
dqn_family_satellite_ground/results/reviewer_revision_state_complete/models/contextual_bandit__gamma_0__seed_801.pth	465049	96fd9dead2bce599dffbd96b93304ff3e61445b2efe9be7bcd75dd91c53af56b	trained_model
dqn_family_satellite_ground/results/reviewer_revision_state_complete/models/contextual_bandit__gamma_0__seed_802__curve.csv	133260	f5dbe7dd1f195a7e40d3d750c5725562edfa5a385c1d5944d917b71ac3f4683d	training_curve
dqn_family_satellite_ground/results/reviewer_revision_state_complete/models/contextual_bandit__gamma_0__seed_802.pth	465049	73bbdab610cc8500c1618684b91c9ec3e343b97eb3b7cb911c3185ebc60f23d4	trained_model
dqn_family_satellite_ground/results/reviewer_revision_state_complete/models/contextual_bandit__gamma_0__seed_803__curve.csv	133294	3e1a8ffe0b1e42b30b7bd344ea120d47cff362974ae336548eb83b241e9a4ad1	training_curve
dqn_family_satellite_ground/results/reviewer_revision_state_complete/models/contextual_bandit__gamma_0__seed_803.pth	465049	550c0698f2e6ce201ea548e1a2056609470976226c00f412ddff02ca4ad98a73	trained_model
dqn_family_satellite_ground/results/reviewer_revision_state_complete/models/contextual_bandit__gamma_0__seed_804__curve.csv	133416	27dca52af5a7bfd735517270092fc5b2d61c5883acf15b286fba90029a2db7f1	training_curve
dqn_family_satellite_ground/results/reviewer_revision_state_complete/models/contextual_bandit__gamma_0__seed_804.pth	465049	fe7302ce9c155ee5d4d015a6794c613ee92808e9e8ed8f1bef9965abdc6efe89	trained_model
dqn_family_satellite_ground/results/reviewer_revision_state_complete/models/contextual_bandit__gamma_0__seed_805__curve.csv	133311	aa66c4952b7f4223fcfb5ef6297384fb1a94a7102e5e4af6a40ea249e50f6d5c	training_curve
dqn_family_satellite_ground/results/reviewer_revision_state_complete/models/contextual_bandit__gamma_0__seed_805.pth	465049	cffff01d80ce0dd4bce5c412fb08497217bdc3dd4d75f9019dec0115a752b3c3	trained_model
dqn_family_satellite_ground/results/reviewer_revision_state_complete/models/contextual_bandit__gamma_0__seed_806__curve.csv	133106	b50f35ba8f0ce348ee3774deece7b18415bc50469ac70bc1404f94cb270e7427	training_curve
dqn_family_satellite_ground/results/reviewer_revision_state_complete/models/contextual_bandit__gamma_0__seed_806.pth	465049	757cb75cea21386de3ccced4e6469399ff00ef31acb922b6c96f59ce858f9e6a	trained_model
dqn_family_satellite_ground/results/reviewer_revision_state_complete/models/contextual_bandit__gamma_0__seed_807__curve.csv	133197	24866791fcd114522b70980b5d62774311f55633e88c14e87e11132e47048490	training_curve
dqn_family_satellite_ground/results/reviewer_revision_state_complete/models/contextual_bandit__gamma_0__seed_807.pth	465049	54958fa59e71e7ba95db1f06ba4782a4f0533c654060e158a7b8eaf0ce481655	trained_model
dqn_family_satellite_ground/results/reviewer_revision_state_complete/models/contextual_bandit__gamma_0__seed_808__curve.csv	133190	412b888a915c5b8b67ef4ab4a5bb3939b171b4e09607692371c728098e1deb18	training_curve
dqn_family_satellite_ground/results/reviewer_revision_state_complete/models/contextual_bandit__gamma_0__seed_808.pth	465049	69a789dae820c2bb1253ce507ef8a462321834ef17b5a32fd810d87577ad6561	trained_model
dqn_family_satellite_ground/results/reviewer_revision_state_complete/models/contextual_bandit__gamma_0__seed_809__curve.csv	133228	1e6f218a8eb8ca2c5b5aae2f7ead4c123237668417ed0a75881c1cb4c33f5936	training_curve
dqn_family_satellite_ground/results/reviewer_revision_state_complete/models/contextual_bandit__gamma_0__seed_809.pth	465049	bb39355084f343dafa8088be469640f4d74228dfa1f681dc44984d0b5e9a3f35	trained_model
dqn_family_satellite_ground/results/reviewer_revision_state_complete/models/contextual_bandit__gamma_0__seed_810__curve.csv	133157	2a95f4693181e32c59c26dc6eb6808599ef800f6c6d373fadb1f690cce71209a	training_curve
dqn_family_satellite_ground/results/reviewer_revision_state_complete/models/contextual_bandit__gamma_0__seed_810.pth	465049	470aefb8d64bce4f477995eacf25916ce05f8eb40ef98011c28249a1bb04594c	trained_model
dqn_family_satellite_ground/results/reviewer_revision_state_complete/models/contextual_bandit__gamma_0__seed_811__curve.csv	133265	d19f9740f7d9da314b7772a515ce9407b6a2ccd02889a80e15a801ca724274de	training_curve
dqn_family_satellite_ground/results/reviewer_revision_state_complete/models/contextual_bandit__gamma_0__seed_811.pth	465049	e33b4ae5ac91d57a624f0c50032f6a2f0320b866feaf5e9295d2b97c1cd769b3	trained_model
dqn_family_satellite_ground/results/reviewer_revision_state_complete/models/contextual_bandit__gamma_0__seed_812__curve.csv	133237	59dc7ede186dd4ab4635fe2263c8a6924119a29bbfbfd2ba8e5c8c8a7a1334f6	training_curve
dqn_family_satellite_ground/results/reviewer_revision_state_complete/models/contextual_bandit__gamma_0__seed_812.pth	465049	1aae578ee56d3d66edf62b18618d54f0c1b48d1e05c082362c5e06e0da46c119	trained_model
dqn_family_satellite_ground/results/reviewer_revision_state_complete/models/contextual_bandit__gamma_0__seed_813__curve.csv	133297	9484c422942172fc0153619eceafbf373612fcfed2d9852bd56a056daa4725cd	training_curve
dqn_family_satellite_ground/results/reviewer_revision_state_complete/models/contextual_bandit__gamma_0__seed_813.pth	465049	8b8c9daa30d3360049f6f072d2958a7915325fd0ac47bcb1f0651257d0068e72	trained_model
dqn_family_satellite_ground/results/reviewer_revision_state_complete/models/contextual_bandit__gamma_0__seed_814__curve.csv	133243	0efea0e393770cc26a4220f8d154aa6eecc298f1f5b99fc13393bf30b1b4cde1	training_curve
dqn_family_satellite_ground/results/reviewer_revision_state_complete/models/contextual_bandit__gamma_0__seed_814.pth	465049	75d144b265ed97863b8f9bacb7d9a73cb48a37b7af7ed24f22cb3dd9b52b8167	trained_model
dqn_family_satellite_ground/results/reviewer_revision_state_complete/models/contextual_bandit__gamma_0__seed_815__curve.csv	133273	18d37cbbf1738315659575c9a1a2b6c36b20de7311a5a6b85c0d6ecfd701482a	training_curve
dqn_family_satellite_ground/results/reviewer_revision_state_complete/models/contextual_bandit__gamma_0__seed_815.pth	465049	34e43abb6151260064c6d30db9d791a64e340ca07aa3f058ae89e9bb4aec6986	trained_model
dqn_family_satellite_ground/results/reviewer_revision_state_complete/models/contextual_bandit__gamma_0__seed_816__curve.csv	133268	43afed0c90bd98c2c6e0cb0d30c266c8f333d2cc1881044de4dc2536ff676c6c	training_curve
dqn_family_satellite_ground/results/reviewer_revision_state_complete/models/contextual_bandit__gamma_0__seed_816.pth	465049	75c07837fa460c1cdebe77ef9f30ff7dab9594a7a09617dfabeb60fe2cebea94	trained_model
dqn_family_satellite_ground/results/reviewer_revision_state_complete/models/contextual_bandit__gamma_0__seed_817__curve.csv	133175	f7f7af3b78d7f9c1fbf4ba15c2b9b2d5f024de70069848905698fa387fabb66d	training_curve
dqn_family_satellite_ground/results/reviewer_revision_state_complete/models/contextual_bandit__gamma_0__seed_817.pth	465049	473cb4ea17c4f9e677594bbb0832a074d98c4d5a10a3a66f78163e3c5b27b56f	trained_model
dqn_family_satellite_ground/results/reviewer_revision_state_complete/models/contextual_bandit__gamma_0__seed_818__curve.csv	133354	98b0fa88e8174c04a0a094f4c2d6c440c72cfcb8ac6b493afd6c0ec4d816596d	training_curve
dqn_family_satellite_ground/results/reviewer_revision_state_complete/models/contextual_bandit__gamma_0__seed_818.pth	465049	1488f12a3b3fe0c3acee99f93f217f9575f6f82946db2288c081bf91debebe82	trained_model
dqn_family_satellite_ground/results/reviewer_revision_state_complete/models/contextual_bandit__gamma_0__seed_819__curve.csv	133066	cf606c9e3e83cf334619d082b50b1db76da890d3690ba88b09841f6eb58bc18a	training_curve
dqn_family_satellite_ground/results/reviewer_revision_state_complete/models/contextual_bandit__gamma_0__seed_819.pth	465049	a9f90062c1365a315ca9491993c33640d47f5e3a7cc9d10b1aabb7917c5c09c8	trained_model
dqn_family_satellite_ground/results/reviewer_revision_state_complete/models/double_centered_full_action_dqn__double_lambda_0p3__seed_800__curve.csv	147796	f348565417327a2507daa516616687443f4f3f19a13832dff1b13b6df5fe20bc	training_curve
dqn_family_satellite_ground/results/reviewer_revision_state_complete/models/double_centered_full_action_dqn__double_lambda_0p3__seed_800.pth	466537	49fae4a72492b5fcb2f9eedf17f51780dbdd03d09042e77f87594189439fb79f	trained_model
dqn_family_satellite_ground/results/reviewer_revision_state_complete/models/double_centered_full_action_dqn__double_lambda_0p3__seed_801__curve.csv	147802	d46e5b1411a7f3a9bd691249a5b6a085812ef8680acd9c56e762c4f18333299c	training_curve
dqn_family_satellite_ground/results/reviewer_revision_state_complete/models/double_centered_full_action_dqn__double_lambda_0p3__seed_801.pth	466537	30cdc3f144e813a2f99c162561a2b6b92ca36eb6cf67f662f87035c06ffd6d8a	trained_model
dqn_family_satellite_ground/results/reviewer_revision_state_complete/models/double_centered_full_action_dqn__double_lambda_0p3__seed_802__curve.csv	147764	1e60c83accdc0aaeeceb324bd3793abde060a54928c2987048afdc518df552ff	training_curve
dqn_family_satellite_ground/results/reviewer_revision_state_complete/models/double_centered_full_action_dqn__double_lambda_0p3__seed_802.pth	466537	58b8283256ad89452f6ae404421c930b7dbab11d3ef7fe7f97ab973dd0b53bc4	trained_model
dqn_family_satellite_ground/results/reviewer_revision_state_complete/models/double_centered_full_action_dqn__double_lambda_0p3__seed_803__curve.csv	147866	eede7f545f265357a3d8694fa8ff4ea31795496b66f494d3809371aebf849399	training_curve
dqn_family_satellite_ground/results/reviewer_revision_state_complete/models/double_centered_full_action_dqn__double_lambda_0p3__seed_803.pth	466537	b58bd41a2d143157a9bad1f19a7c5563dd67ab2b7ccd3ebec3f15d8121dc76d5	trained_model
dqn_family_satellite_ground/results/reviewer_revision_state_complete/models/double_centered_full_action_dqn__double_lambda_0p3__seed_804__curve.csv	147831	b798102e9955b2f5fb55548343ddcc89bcd122cb8b88cd4425d737ca6957bdba	training_curve
dqn_family_satellite_ground/results/reviewer_revision_state_complete/models/double_centered_full_action_dqn__double_lambda_0p3__seed_804.pth	466537	bcd8f37f46976f65d423659943fa4bb03e144c990ca7930a8102dd5764cd96fe	trained_model
dqn_family_satellite_ground/results/reviewer_revision_state_complete/models/double_centered_full_action_dqn__double_lambda_0p3__seed_805__curve.csv	148034	194e00b3fce4174c6118688fbf46d4ca7613a77930465a14d3314ff408c730f5	training_curve
dqn_family_satellite_ground/results/reviewer_revision_state_complete/models/double_centered_full_action_dqn__double_lambda_0p3__seed_805.pth	466537	d46f4bbdee1b1333b6a3de57150b522e3db4d1566977d97f0d9dd9aff89ce0f4	trained_model
dqn_family_satellite_ground/results/reviewer_revision_state_complete/models/double_centered_full_action_dqn__double_lambda_0p3__seed_806__curve.csv	147709	292f150870a49ffa3aaba58a6ed55e8c90b69aa3f73d45746bf738a953a9a76e	training_curve
dqn_family_satellite_ground/results/reviewer_revision_state_complete/models/double_centered_full_action_dqn__double_lambda_0p3__seed_806.pth	466537	9e554313dab7bcfc97de34a89c34298f04de9b19bb07a34c8a96e987c669a5c0	trained_model
dqn_family_satellite_ground/results/reviewer_revision_state_complete/models/double_centered_full_action_dqn__double_lambda_0p3__seed_807__curve.csv	147802	7c19059793c5494e9174d98434c6740cafb8e42a1b5be77d8876874a16866850	training_curve
dqn_family_satellite_ground/results/reviewer_revision_state_complete/models/double_centered_full_action_dqn__double_lambda_0p3__seed_807.pth	466537	5c7e1c3af1dd6857a5073963043fc457f6b2566eedfa06383d176694246553fe	trained_model
dqn_family_satellite_ground/results/reviewer_revision_state_complete/models/double_centered_full_action_dqn__double_lambda_0p3__seed_808__curve.csv	147850	db27fbb6432aaca8b7a4de6593334d73d97f4fda42c5b2c9e4efbc0a5483ee26	training_curve
dqn_family_satellite_ground/results/reviewer_revision_state_complete/models/double_centered_full_action_dqn__double_lambda_0p3__seed_808.pth	466537	ab220569a601efd4c259fbcfd55018c4f5da341261cb0875a552db56fc80af17	trained_model
dqn_family_satellite_ground/results/reviewer_revision_state_complete/models/double_centered_full_action_dqn__double_lambda_0p3__seed_809__curve.csv	147790	f7152f3052764ce118fbf911f3c70b0a2e9a58b36e2e2e19ddc15db8750a28e2	training_curve
dqn_family_satellite_ground/results/reviewer_revision_state_complete/models/double_centered_full_action_dqn__double_lambda_0p3__seed_809.pth	466537	6ed2fc930c59b365a2a48c34a7e020464e4dc9e37193b8997e320ccc016de4a7	trained_model
dqn_family_satellite_ground/results/reviewer_revision_state_complete/models/double_centered_full_action_dqn__double_lambda_0p3__seed_810__curve.csv	147839	1d3cd2ea915df753d772d4e7e9b456df446f91e1660aea91baf81999892c82ac	training_curve
dqn_family_satellite_ground/results/reviewer_revision_state_complete/models/double_centered_full_action_dqn__double_lambda_0p3__seed_810.pth	466537	056bc40b80c759a2acab1be6de1a1a0eedc2a25e40a02f22e1e420d006f13dcd	trained_model
dqn_family_satellite_ground/results/reviewer_revision_state_complete/models/double_centered_full_action_dqn__double_lambda_0p3__seed_811__curve.csv	147804	3f66a7c335311d848c6f8b20ddf479a28b0acf0a1e3ab13316f66c54c7f07531	training_curve
dqn_family_satellite_ground/results/reviewer_revision_state_complete/models/double_centered_full_action_dqn__double_lambda_0p3__seed_811.pth	466537	49343eb7a1786be8446b8f13030572a174daa5b353c174fd72480651a1a5f84d	trained_model
dqn_family_satellite_ground/results/reviewer_revision_state_complete/models/double_centered_full_action_dqn__double_lambda_0p3__seed_812__curve.csv	147799	7cab2cb1e9b14d54a3b3d6967c262d3bebb1faab9a3419556f80c4bbfa992272	training_curve
dqn_family_satellite_ground/results/reviewer_revision_state_complete/models/double_centered_full_action_dqn__double_lambda_0p3__seed_812.pth	466537	8de22053f4610847a4782d2364c407482a1d72baba260461aca7428f14d0b5aa	trained_model
dqn_family_satellite_ground/results/reviewer_revision_state_complete/models/double_centered_full_action_dqn__double_lambda_0p3__seed_813__curve.csv	147746	a28753d08d9e943ad27880fba38bb993740a5b676d646359dc682d9aebe4a619	training_curve
dqn_family_satellite_ground/results/reviewer_revision_state_complete/models/double_centered_full_action_dqn__double_lambda_0p3__seed_813.pth	466537	6c4e7f131571b28864629b799611372fbe35b5a0dd3b7c0c9f85edac5983d60e	trained_model
dqn_family_satellite_ground/results/reviewer_revision_state_complete/models/double_centered_full_action_dqn__double_lambda_0p3__seed_814__curve.csv	147875	b480df5a7b77d04577f0dd3d09f28fad9829bff958f530bee993b0b3f409b4a8	training_curve
dqn_family_satellite_ground/results/reviewer_revision_state_complete/models/double_centered_full_action_dqn__double_lambda_0p3__seed_814.pth	466537	15d51966b9660b654fd395c575d6900abd72f1c9cf14864dd9550a24f9b8ec7a	trained_model
dqn_family_satellite_ground/results/reviewer_revision_state_complete/models/double_centered_full_action_dqn__double_lambda_0p3__seed_815__curve.csv	147750	9bacc21e847b703dc579fd4278e55cb6759cc5d43623667ff81741d543bda4c0	training_curve
dqn_family_satellite_ground/results/reviewer_revision_state_complete/models/double_centered_full_action_dqn__double_lambda_0p3__seed_815.pth	466537	287d6cd974c76463fb0caaae92337331778ed720d5b860701af2c85c5fe64745	trained_model
dqn_family_satellite_ground/results/reviewer_revision_state_complete/models/double_centered_full_action_dqn__double_lambda_0p3__seed_816__curve.csv	147811	bf842597e14f6ade5c666bb77c61f28565120509c4bc8a4a1882b2fa917c8a79	training_curve
dqn_family_satellite_ground/results/reviewer_revision_state_complete/models/double_centered_full_action_dqn__double_lambda_0p3__seed_816.pth	466537	93e91f5818b16e87ffe4af002c391f843253dd556aa6d8f9a33edaf78949777a	trained_model
dqn_family_satellite_ground/results/reviewer_revision_state_complete/models/double_centered_full_action_dqn__double_lambda_0p3__seed_817__curve.csv	147844	63fa1516d25316026ab36336a7e73ce6f6ee793bfb15aa46b24fb6d1cd3733a4	training_curve
dqn_family_satellite_ground/results/reviewer_revision_state_complete/models/double_centered_full_action_dqn__double_lambda_0p3__seed_817.pth	466537	ca1e40b9ac599a466e76f06fea8783e6f5b2501493488769060d5c8a0861d3eb	trained_model
dqn_family_satellite_ground/results/reviewer_revision_state_complete/models/double_centered_full_action_dqn__double_lambda_0p3__seed_818__curve.csv	147851	d8ff1d8cf1a4ceaf30c3368b6989552fac779f6a225629b1ba55259bfc1af694	training_curve
dqn_family_satellite_ground/results/reviewer_revision_state_complete/models/double_centered_full_action_dqn__double_lambda_0p3__seed_818.pth	466537	12b759a742b5617f898746f9770936c2752ae94425deb4db53aa2479371d5b5f	trained_model
dqn_family_satellite_ground/results/reviewer_revision_state_complete/models/double_centered_full_action_dqn__double_lambda_0p3__seed_819__curve.csv	147811	5c516e0d0b807d4257a652b00b57803ab4c58473df392adba150676682a5d5a3	training_curve
dqn_family_satellite_ground/results/reviewer_revision_state_complete/models/double_centered_full_action_dqn__double_lambda_0p3__seed_819.pth	466537	d03a9e89abc383a0be26aa0c98e8c0a9fe4ee86d9e5588bbc82ec5553c56bfd9	trained_model
dqn_family_satellite_ground/results/reviewer_revision_state_complete/models/double_dqn__double__seed_800__curve.csv	125517	a7cfe27591297e3cdbe7addea41f225251b894fa0c1aa689edf6bca1f2e40f2d	training_curve
dqn_family_satellite_ground/results/reviewer_revision_state_complete/models/double_dqn__double__seed_800.pth	464617	ed76e3078d315ca58dfb9d3a5e99e3f3846124954784e9ef6987492cb9bd7ff4	trained_model
dqn_family_satellite_ground/results/reviewer_revision_state_complete/models/double_dqn__double__seed_801__curve.csv	125507	8f2122360cf5ba67c5a2a821694731eee1c99c79f0268d65060a9a96a6fcb4a6	training_curve
dqn_family_satellite_ground/results/reviewer_revision_state_complete/models/double_dqn__double__seed_801.pth	464617	8373458c19c059756065ca23c5796e5abed0afe03a620c0fd8a4a793d6875791	trained_model
dqn_family_satellite_ground/results/reviewer_revision_state_complete/models/double_dqn__double__seed_802__curve.csv	125414	5e7b69bd5b91df17f6e3940657b1bf9c863eb90de51c59cc91666aedfddf8ad2	training_curve
dqn_family_satellite_ground/results/reviewer_revision_state_complete/models/double_dqn__double__seed_802.pth	464617	2edf89c4c33fe5673128c65634fd212077c0fd7ed570d1e0a7780a1549d6b9db	trained_model
dqn_family_satellite_ground/results/reviewer_revision_state_complete/models/double_dqn__double__seed_803__curve.csv	125503	ab0760233e7b6b42a9a6ff7ec4f3364a58a850143d12c458dda1b365536945f1	training_curve
dqn_family_satellite_ground/results/reviewer_revision_state_complete/models/double_dqn__double__seed_803.pth	464617	82f2b6bdcc253e5969dc5c089dfa66c2c78d0a00d7b1b0ccb83403dfe88b604b	trained_model
dqn_family_satellite_ground/results/reviewer_revision_state_complete/models/double_dqn__double__seed_804__curve.csv	125446	4170edd1e41db5ad7b110f019446215a8b8364d20e2a85196051a80307e15799	training_curve
dqn_family_satellite_ground/results/reviewer_revision_state_complete/models/double_dqn__double__seed_804.pth	464617	e246eaa9f7971a4b2e7292705fe73a0fed3d7a6627d786363f5ce27f300bd692	trained_model
dqn_family_satellite_ground/results/reviewer_revision_state_complete/models/double_dqn__double__seed_805__curve.csv	125444	4a3a36ce0d51b457aa487a6d59a5efb7fe061d55c332b68dc4ee46e04b703996	training_curve
dqn_family_satellite_ground/results/reviewer_revision_state_complete/models/double_dqn__double__seed_805.pth	464617	40626b89480f94c3384941df49ffab019fa56821a13883df5d46f547d987362e	trained_model
dqn_family_satellite_ground/results/reviewer_revision_state_complete/models/double_dqn__double__seed_806__curve.csv	125395	48cf0d114974e7e06122e2789364c64b010923673e72e8fe4a1b68915f400540	training_curve
dqn_family_satellite_ground/results/reviewer_revision_state_complete/models/double_dqn__double__seed_806.pth	464617	0e04cee1c3bc24afa349cbe6acf003839237b83ccdfe28fef29139b4cde1e2aa	trained_model
dqn_family_satellite_ground/results/reviewer_revision_state_complete/models/double_dqn__double__seed_807__curve.csv	125495	6eb5e0b86dfd75dc056905320a080035f913ad05d78d31a9ac1125f8cebb0199	training_curve
dqn_family_satellite_ground/results/reviewer_revision_state_complete/models/double_dqn__double__seed_807.pth	464617	396c050d3cfd0bff8333de8c8cf737ffabd28524a075b89b1523336b37ca6998	trained_model
dqn_family_satellite_ground/results/reviewer_revision_state_complete/models/double_dqn__double__seed_808__curve.csv	125429	bf2d17a090fcaa72a1fc19139beb572f9d88f1f55bc519aa427fc5f5ec34bd0d	training_curve
dqn_family_satellite_ground/results/reviewer_revision_state_complete/models/double_dqn__double__seed_808.pth	464617	c320f46be169e54137f8989cad162551bab1cc5d1bbd93a01d4396a2cc338c07	trained_model
dqn_family_satellite_ground/results/reviewer_revision_state_complete/models/double_dqn__double__seed_809__curve.csv	125546	38963d363087a4a4959a4a6dd23faf0ab232c35dba620b55c9e26a0e412a36c4	training_curve
dqn_family_satellite_ground/results/reviewer_revision_state_complete/models/double_dqn__double__seed_809.pth	464617	d5a8fbd8a0e0178004921110bbe8a06a92b4f5a9add137eb2e0656cc0a965344	trained_model
dqn_family_satellite_ground/results/reviewer_revision_state_complete/models/double_dqn__double__seed_810__curve.csv	125515	13b3a289f0cf7557c65dcb4fdbb0d94ef334214cc576abd5e2b0e57b6b93d939	training_curve
dqn_family_satellite_ground/results/reviewer_revision_state_complete/models/double_dqn__double__seed_810.pth	464617	bbb33d5325a442e7cd6d79405d540b0b44a93f4e643e7a18abae95621398d9c0	trained_model
dqn_family_satellite_ground/results/reviewer_revision_state_complete/models/double_dqn__double__seed_811__curve.csv	125504	b621f48e15c538ee04b0db0da8e44adbc3353b66e97a4648a674b49a5ef47b01	training_curve
dqn_family_satellite_ground/results/reviewer_revision_state_complete/models/double_dqn__double__seed_811.pth	464617	fa414928ccd55fb18809dc9cb20c6a645f8a78e0f98ef39a92ab337b7e784c56	trained_model
dqn_family_satellite_ground/results/reviewer_revision_state_complete/models/double_dqn__double__seed_812__curve.csv	125390	325cdaa02065697d928d63d6a81dbe96594377fb56bf3a0cc317a622f8d793fc	training_curve
dqn_family_satellite_ground/results/reviewer_revision_state_complete/models/double_dqn__double__seed_812.pth	464617	9b1c830c2e2ea222f4a5f8bced54dfb561e5347e4ffb61abeeef886ef6e650de	trained_model
dqn_family_satellite_ground/results/reviewer_revision_state_complete/models/double_dqn__double__seed_813__curve.csv	125472	ec3800896101debd372fecc111a05096f75621322a0ab9f5c380a9b22ddec91e	training_curve
dqn_family_satellite_ground/results/reviewer_revision_state_complete/models/double_dqn__double__seed_813.pth	464617	6adf540fc46df44aad8506f91741dbf05d4f34a67901dfc8a4ef1a537b9bd0df	trained_model
dqn_family_satellite_ground/results/reviewer_revision_state_complete/models/double_dqn__double__seed_814__curve.csv	125438	ce248cfea33eb372651599472544b7fca0103babda2deae45d3d94911e1fe6fe	training_curve
dqn_family_satellite_ground/results/reviewer_revision_state_complete/models/double_dqn__double__seed_814.pth	464617	b6f962273074ec957f1acf9188056ce1903b29e3a9f91720c47f2181e26465cf	trained_model
dqn_family_satellite_ground/results/reviewer_revision_state_complete/models/double_dqn__double__seed_815__curve.csv	125435	9631547cb23874e261f323ecd6ccebcd9cab0d5106dd6dce266ae173001669cd	training_curve
dqn_family_satellite_ground/results/reviewer_revision_state_complete/models/double_dqn__double__seed_815.pth	464617	6738489b3c18b29b539271dcc361f1ef913f24981f3252bab9cc70f04e15cfe8	trained_model
dqn_family_satellite_ground/results/reviewer_revision_state_complete/models/double_dqn__double__seed_816__curve.csv	125461	df74608cd4de603d5e6a6b56f6e07aecf09e6eec4aaacc626dfd7b84a1b13439	training_curve
dqn_family_satellite_ground/results/reviewer_revision_state_complete/models/double_dqn__double__seed_816.pth	464617	c2b084327f00dc650898d35c53418143d1bc4d2eb03e39f9c53748e0d980e95f	trained_model
dqn_family_satellite_ground/results/reviewer_revision_state_complete/models/double_dqn__double__seed_817__curve.csv	125476	150eb28c834b7e958a2a0f55c1ef255ae60563927871b07417a51377c9de855b	training_curve
dqn_family_satellite_ground/results/reviewer_revision_state_complete/models/double_dqn__double__seed_817.pth	464617	15adf45bf85cca612a1e6482ca53466dcfd1152cc7ac8beeb7fff509fe61cc95	trained_model
dqn_family_satellite_ground/results/reviewer_revision_state_complete/models/double_dqn__double__seed_818__curve.csv	125477	8bf021b1f5b0ce604e69e7c0b4e4fa085603c7ad07b11659f4d57ab5d990a271	training_curve
dqn_family_satellite_ground/results/reviewer_revision_state_complete/models/double_dqn__double__seed_818.pth	464617	1245c2aa4ba90c8a49ad4091dcef04b08ab19785f675f0392ed40023b264e86f	trained_model
dqn_family_satellite_ground/results/reviewer_revision_state_complete/models/double_dqn__double__seed_819__curve.csv	125538	d00d37cf5b5d22508a60b668910010eac14cf95ee65417baba594064b1bd6021	training_curve
dqn_family_satellite_ground/results/reviewer_revision_state_complete/models/double_dqn__double__seed_819.pth	464617	ed9fa82e1b376d542b5c148dc1709aacc1980915fb981fbb9cde9ae5e95ba94e	trained_model
dqn_family_satellite_ground/results/reviewer_revision_state_complete/models/full_action_q_dqn__lambda_0p3_uncentered__seed_800__curve.csv	138455	7a6d43ce04ea320e4635b0ffb7daf949c6f58e7bb1fef55244c050bf667aa1a3	training_curve
dqn_family_satellite_ground/results/reviewer_revision_state_complete/models/full_action_q_dqn__lambda_0p3_uncentered__seed_800.pth	465757	f3777d824caacaad14f8fb6cd70e3a6d98d2c6ea1a7af9cd417d1b88694c56c6	trained_model
dqn_family_satellite_ground/results/reviewer_revision_state_complete/models/full_action_q_dqn__lambda_0p3_uncentered__seed_801__curve.csv	138478	059bac328703adf16f81cd627bb67d938d59fe980cb6a37253d63fbac4ed5492	training_curve
dqn_family_satellite_ground/results/reviewer_revision_state_complete/models/full_action_q_dqn__lambda_0p3_uncentered__seed_801.pth	465757	b8fd0dbad817a6e4682c30136341f1b1cdd4d0948c1887859c8905c3f667a2ea	trained_model
dqn_family_satellite_ground/results/reviewer_revision_state_complete/models/full_action_q_dqn__lambda_0p3_uncentered__seed_802__curve.csv	138431	c6681d3010e032e6c17b694ce9730077976c4ed37c9939b4577668f41224f412	training_curve
dqn_family_satellite_ground/results/reviewer_revision_state_complete/models/full_action_q_dqn__lambda_0p3_uncentered__seed_802.pth	465757	cf07d479b7fdf71ae73ba1332a5c244856f0861db5ec286cbe9f1a93ada72f9d	trained_model
dqn_family_satellite_ground/results/reviewer_revision_state_complete/models/full_action_q_dqn__lambda_0p3_uncentered__seed_803__curve.csv	138534	d94a12dcc3ba22957fabfbe21906682b7ab9a3d5794620b76c5cdb5db620f611	training_curve
dqn_family_satellite_ground/results/reviewer_revision_state_complete/models/full_action_q_dqn__lambda_0p3_uncentered__seed_803.pth	465757	d72f607106ff17c88421ce02d7091f101b588e45929df1167d9dc81055bc107f	trained_model
dqn_family_satellite_ground/results/reviewer_revision_state_complete/models/full_action_q_dqn__lambda_0p3_uncentered__seed_804__curve.csv	138448	ef2bfe886b4f835c2d1deb653a7a1ca93f736468ea0a56ea95237210eb9dd2be	training_curve
dqn_family_satellite_ground/results/reviewer_revision_state_complete/models/full_action_q_dqn__lambda_0p3_uncentered__seed_804.pth	465757	fe5a677c4a797bcd12dbc4664e3f34cbdc54ce6ac3f84871801fe086ea9eff20	trained_model
dqn_family_satellite_ground/results/reviewer_revision_state_complete/models/full_action_q_dqn__lambda_0p3_uncentered__seed_805__curve.csv	138430	b621ae4e2cf444a8bb91a7468c6836c3f42110b9c1409ef64639b4f32dcef8f8	training_curve
dqn_family_satellite_ground/results/reviewer_revision_state_complete/models/full_action_q_dqn__lambda_0p3_uncentered__seed_805.pth	465757	fbb5bbdb447bb0a12036738a77962091e7c5f36cb090f43559f16a2621ef0a84	trained_model
dqn_family_satellite_ground/results/reviewer_revision_state_complete/models/full_action_q_dqn__lambda_0p3_uncentered__seed_806__curve.csv	138373	90f512239c048f95e13c99bbe366b7a8e01e748981c5e7555e872c5a91ecd407	training_curve
dqn_family_satellite_ground/results/reviewer_revision_state_complete/models/full_action_q_dqn__lambda_0p3_uncentered__seed_806.pth	465757	e59d667e645c7b56e415ff0b5ec3a425af7e008f65b5087f82d133c21196763a	trained_model
dqn_family_satellite_ground/results/reviewer_revision_state_complete/models/full_action_q_dqn__lambda_0p3_uncentered__seed_807__curve.csv	138480	945e4590067e968c19e3ac5e114586f0b70c6e63a4afdc8749ff734786445841	training_curve
dqn_family_satellite_ground/results/reviewer_revision_state_complete/models/full_action_q_dqn__lambda_0p3_uncentered__seed_807.pth	465757	b29b54e500419ec674c5877156752ba0b3a66f3bc0a65e94eee4c2af1345e0cf	trained_model
dqn_family_satellite_ground/results/reviewer_revision_state_complete/models/full_action_q_dqn__lambda_0p3_uncentered__seed_808__curve.csv	138437	4b35d3110526da30e113f3b30f80d726d0b4d6d1cd6d0fc6b336ee0da64c53a5	training_curve
dqn_family_satellite_ground/results/reviewer_revision_state_complete/models/full_action_q_dqn__lambda_0p3_uncentered__seed_808.pth	465757	09a28d92fca677692f099518b4d71f7344c5e4968d10216025931c1902c0fff0	trained_model
dqn_family_satellite_ground/results/reviewer_revision_state_complete/models/full_action_q_dqn__lambda_0p3_uncentered__seed_809__curve.csv	138446	ab2fba0dcb6df4fb895efae78eea21c8987aa829b9fd02d7b46cd06323dd277a	training_curve
dqn_family_satellite_ground/results/reviewer_revision_state_complete/models/full_action_q_dqn__lambda_0p3_uncentered__seed_809.pth	465757	fa2879a0ec1cfc7e5f0ae10df9edbd80782f08d4a3e5fa964e49a7954c808574	trained_model
dqn_family_satellite_ground/results/reviewer_revision_state_complete/models/full_action_q_dqn__lambda_0p3_uncentered__seed_810__curve.csv	138494	e6e5c1ae3c271f36fed03546a553a0db157593fab3290d39220b30cf4b161f90	training_curve
dqn_family_satellite_ground/results/reviewer_revision_state_complete/models/full_action_q_dqn__lambda_0p3_uncentered__seed_810.pth	465757	9bcf0e82128586485d067294fb41ee9c0a279abc40c001841278ad76043c0578	trained_model
dqn_family_satellite_ground/results/reviewer_revision_state_complete/models/full_action_q_dqn__lambda_0p3_uncentered__seed_811__curve.csv	138478	2624663c6d28b665c5d9c06e5b988212a1de1023f2644231dd5cbf6eb929d2a3	training_curve
dqn_family_satellite_ground/results/reviewer_revision_state_complete/models/full_action_q_dqn__lambda_0p3_uncentered__seed_811.pth	465757	6d2d15e3bfdb363745ef46c08b5ccc95861b395f5098a59a78ef3c1e8cc433dd	trained_model
dqn_family_satellite_ground/results/reviewer_revision_state_complete/models/full_action_q_dqn__lambda_0p3_uncentered__seed_812__curve.csv	138534	95648dac26d34ca677cf9f5322da775da29494c0e777247a645a1b38da163cd1	training_curve
dqn_family_satellite_ground/results/reviewer_revision_state_complete/models/full_action_q_dqn__lambda_0p3_uncentered__seed_812.pth	465757	d061a72dc02adae512079b628d96da9e87e5b3b78a2ba0b7a0230eafa8a1f822	trained_model
dqn_family_satellite_ground/results/reviewer_revision_state_complete/models/full_action_q_dqn__lambda_0p3_uncentered__seed_813__curve.csv	138495	a8c8ebedd5435c50ec89c375bf10fbe9ca5130fee9ef92e4a0556fa8f8947cee	training_curve
dqn_family_satellite_ground/results/reviewer_revision_state_complete/models/full_action_q_dqn__lambda_0p3_uncentered__seed_813.pth	465757	c7dda76743c4ef4630265505db864d50abcd17bae72b27ad8eeb77c0c73a7a26	trained_model
dqn_family_satellite_ground/results/reviewer_revision_state_complete/models/full_action_q_dqn__lambda_0p3_uncentered__seed_814__curve.csv	138419	9e554c4d1bffb1aae0ed8df9cc68f361548a06391e72f1350ed4df88710796e5	training_curve
dqn_family_satellite_ground/results/reviewer_revision_state_complete/models/full_action_q_dqn__lambda_0p3_uncentered__seed_814.pth	465757	d659b767305e99f5def36da7fc09c2a1fdccbad3d85eb739f1a7c91b03dfa790	trained_model
dqn_family_satellite_ground/results/reviewer_revision_state_complete/models/full_action_q_dqn__lambda_0p3_uncentered__seed_815__curve.csv	138448	26dc4e7f2a313c3e9f947275475e1513187a396a277120c4fed8a2f27085f086	training_curve
dqn_family_satellite_ground/results/reviewer_revision_state_complete/models/full_action_q_dqn__lambda_0p3_uncentered__seed_815.pth	465757	a8f4ad922a1bf25d1ef460ae3ddfeb54f600aec43061b518e72817803db66a51	trained_model
dqn_family_satellite_ground/results/reviewer_revision_state_complete/models/full_action_q_dqn__lambda_0p3_uncentered__seed_816__curve.csv	138526	da0f55e715ef74c07a54ea49b0a5f2324eaf2f96a29692df7cc93137b60b450b	training_curve
dqn_family_satellite_ground/results/reviewer_revision_state_complete/models/full_action_q_dqn__lambda_0p3_uncentered__seed_816.pth	465757	4766bb3d6e8da9193ba059d7487b8a948c84cf4822cd7bae09c5c74f4dd61558	trained_model
dqn_family_satellite_ground/results/reviewer_revision_state_complete/models/full_action_q_dqn__lambda_0p3_uncentered__seed_817__curve.csv	138492	c7fa83438c651c5b9d912c49768176aa3ceafc5054093b6f77069e2839bcd43d	training_curve
dqn_family_satellite_ground/results/reviewer_revision_state_complete/models/full_action_q_dqn__lambda_0p3_uncentered__seed_817.pth	465757	37596ff5e1aac4f14f277ec26bec098430e9aa50ecf01ae11c10c5ff8c68dbba	trained_model
dqn_family_satellite_ground/results/reviewer_revision_state_complete/models/full_action_q_dqn__lambda_0p3_uncentered__seed_818__curve.csv	138403	5bac58d796967bea1994f88b2e067cedf820b869e86a5fd0aaf235b086fa792c	training_curve
dqn_family_satellite_ground/results/reviewer_revision_state_complete/models/full_action_q_dqn__lambda_0p3_uncentered__seed_818.pth	465757	f03a3b6b89d4211dbf5f6081333d4d7ea599356ae85a05e01e91b9bb7e34bfda	trained_model
dqn_family_satellite_ground/results/reviewer_revision_state_complete/models/full_action_q_dqn__lambda_0p3_uncentered__seed_819__curve.csv	138433	eb15c105dbbae806d62827e58146171e33a9ead9f75940733646183c57662a2b	training_curve
dqn_family_satellite_ground/results/reviewer_revision_state_complete/models/full_action_q_dqn__lambda_0p3_uncentered__seed_819.pth	465757	1c79ffd02cca2c5aaf97e66eb436baedd97ee11ac50b0ae03b4a08375c042c9e	trained_model
dqn_family_satellite_ground/results/reviewer_revision_state_complete/models/immediate_advantage_dqn__lambda_0p3_immediate__seed_800__curve.csv	143151	e066251b0ae784001ba4fc67b2505ff7df6816c6efa488e41f422a0262cb4075	training_curve
dqn_family_satellite_ground/results/reviewer_revision_state_complete/models/immediate_advantage_dqn__lambda_0p3_immediate__seed_800.pth	466243	15d4504b98e63d5c760bacf026dfa25326fe4555f36d00265fe89d5ded9db46a	trained_model
dqn_family_satellite_ground/results/reviewer_revision_state_complete/models/immediate_advantage_dqn__lambda_0p3_immediate__seed_801__curve.csv	143244	3095025d5ab0edc9f8bfb371c040f2a593f80ff31e96829cf0eede928986402e	training_curve
dqn_family_satellite_ground/results/reviewer_revision_state_complete/models/immediate_advantage_dqn__lambda_0p3_immediate__seed_801.pth	466243	0f36d0f62fb7211cedfccfd777dc33f5d5ee13f607a79cb434043d4e987277e3	trained_model
dqn_family_satellite_ground/results/reviewer_revision_state_complete/models/immediate_advantage_dqn__lambda_0p3_immediate__seed_802__curve.csv	143027	1e9237ce50931eeb9c0ceb3b5a2706d2096773b1fba6ca32b5d33e2b4cb1f10d	training_curve
dqn_family_satellite_ground/results/reviewer_revision_state_complete/models/immediate_advantage_dqn__lambda_0p3_immediate__seed_802.pth	466243	395becbf53b21e9c4bb38c62400fe834faeefef64b58f62df0732b4e2ca158af	trained_model
dqn_family_satellite_ground/results/reviewer_revision_state_complete/models/immediate_advantage_dqn__lambda_0p3_immediate__seed_803__curve.csv	143224	b7f0a6fb69e2b5a26e26f862063a710186b4bbd4f1438cb0495f3120cafa0dfc	training_curve
dqn_family_satellite_ground/results/reviewer_revision_state_complete/models/immediate_advantage_dqn__lambda_0p3_immediate__seed_803.pth	466243	c32e6a9e7005d3400b02310c895c76b508e6c9735819306730b9fff83e742598	trained_model
dqn_family_satellite_ground/results/reviewer_revision_state_complete/models/immediate_advantage_dqn__lambda_0p3_immediate__seed_804__curve.csv	143071	703119fcfe67ab604951285b128a2032138660bb3a276b9d1ec23b24ae9a6fda	training_curve
dqn_family_satellite_ground/results/reviewer_revision_state_complete/models/immediate_advantage_dqn__lambda_0p3_immediate__seed_804.pth	466243	166c810884594b3aa2ef11944fbcf82a8f532602feecbf42b6814409d09f0165	trained_model
dqn_family_satellite_ground/results/reviewer_revision_state_complete/models/immediate_advantage_dqn__lambda_0p3_immediate__seed_805__curve.csv	143089	7b4b37815de659e435f109395dd5f3739e97320497a0b7d8c3145836fda0a29e	training_curve
dqn_family_satellite_ground/results/reviewer_revision_state_complete/models/immediate_advantage_dqn__lambda_0p3_immediate__seed_805.pth	466243	3fc95953d8b49ac79007baedcf9497755ef789a96e487fd635b4aecf9c2769d6	trained_model
dqn_family_satellite_ground/results/reviewer_revision_state_complete/models/immediate_advantage_dqn__lambda_0p3_immediate__seed_806__curve.csv	143038	b78ea26c0c8f058183728059e7ef098d044c25342edf6044a63156b0dd73603e	training_curve
dqn_family_satellite_ground/results/reviewer_revision_state_complete/models/immediate_advantage_dqn__lambda_0p3_immediate__seed_806.pth	466243	a609fe875af898035adfb341db5a93efaf30f2012bd7735053922b10b0d7d255	trained_model
dqn_family_satellite_ground/results/reviewer_revision_state_complete/models/immediate_advantage_dqn__lambda_0p3_immediate__seed_807__curve.csv	143072	be5098404d5d4967cb3fbf867d6b754bbac385e29fec649bced45c19b380226b	training_curve
dqn_family_satellite_ground/results/reviewer_revision_state_complete/models/immediate_advantage_dqn__lambda_0p3_immediate__seed_807.pth	466243	7fc001a20e7017af5b2c500f209b549742681e8ed6e99b83c32743b88c316eab	trained_model
dqn_family_satellite_ground/results/reviewer_revision_state_complete/models/immediate_advantage_dqn__lambda_0p3_immediate__seed_808__curve.csv	143113	72e068a9e3beaeb9ca0c985c6cad43cfbfe06baaa27e773b86fce04743354a2c	training_curve
dqn_family_satellite_ground/results/reviewer_revision_state_complete/models/immediate_advantage_dqn__lambda_0p3_immediate__seed_808.pth	466243	b615ec2c392e49b3f4ae784d92a494b0bf7579fb6ab962646c43bfb1a203204c	trained_model
dqn_family_satellite_ground/results/reviewer_revision_state_complete/models/immediate_advantage_dqn__lambda_0p3_immediate__seed_809__curve.csv	143111	c4d44c7ee4044d1f38496072b5178d9d6219d3c73f066ea70d2cb370aa5746d7	training_curve
dqn_family_satellite_ground/results/reviewer_revision_state_complete/models/immediate_advantage_dqn__lambda_0p3_immediate__seed_809.pth	466243	a3eaae7780065c3bddf63ed25115a8495d19f3b0992cd933ce23bdfe203e7982	trained_model
dqn_family_satellite_ground/results/reviewer_revision_state_complete/models/immediate_advantage_dqn__lambda_0p3_immediate__seed_810__curve.csv	143094	aec829f6d51ca3730732a952c7a8d0ed1fea27f295b339dbdc9f23b546bdf892	training_curve
dqn_family_satellite_ground/results/reviewer_revision_state_complete/models/immediate_advantage_dqn__lambda_0p3_immediate__seed_810.pth	466243	fecfe59c6dbc324b1c42e147b52673f3ce322f7659584070a2629f906fe53874	trained_model
dqn_family_satellite_ground/results/reviewer_revision_state_complete/models/immediate_advantage_dqn__lambda_0p3_immediate__seed_811__curve.csv	142992	f4d98e2c0cbf4db6ad7cd829200284bf233fbe2b018218e9e8175ff66f7c32cf	training_curve
dqn_family_satellite_ground/results/reviewer_revision_state_complete/models/immediate_advantage_dqn__lambda_0p3_immediate__seed_811.pth	466243	ef12bc132e86066f791448f109d4b6c837444fdf8ba61192548a2db9244be033	trained_model
dqn_family_satellite_ground/results/reviewer_revision_state_complete/models/immediate_advantage_dqn__lambda_0p3_immediate__seed_812__curve.csv	143083	5437f31f47b7fc7b29091ae2346f4c973fbfa2ce53dc71a54223edc4d35fdc99	training_curve
dqn_family_satellite_ground/results/reviewer_revision_state_complete/models/immediate_advantage_dqn__lambda_0p3_immediate__seed_812.pth	466243	3124ba6ec61480e82f834666423466532edf5a864f1408a08b2aac239eca2292	trained_model
dqn_family_satellite_ground/results/reviewer_revision_state_complete/models/immediate_advantage_dqn__lambda_0p3_immediate__seed_813__curve.csv	143104	babd86380b8935829c73a90f58b085ed410e972334a28c178fb65d82584979a0	training_curve
dqn_family_satellite_ground/results/reviewer_revision_state_complete/models/immediate_advantage_dqn__lambda_0p3_immediate__seed_813.pth	466243	98113fe0835a5f1e95b43dbdb5ec8bc22f5aad016b07e1cfddb7a8272635fc7e	trained_model
dqn_family_satellite_ground/results/reviewer_revision_state_complete/models/immediate_advantage_dqn__lambda_0p3_immediate__seed_814__curve.csv	143061	89ac9b7f57d003059e49b046dc934273b4d128fc35e26de0dcf452dffc5df934	training_curve
dqn_family_satellite_ground/results/reviewer_revision_state_complete/models/immediate_advantage_dqn__lambda_0p3_immediate__seed_814.pth	466243	bf56e78dc010c86eed741e06732bf4f99e0d9409069b154b69bdd17883f4d354	trained_model
dqn_family_satellite_ground/results/reviewer_revision_state_complete/models/immediate_advantage_dqn__lambda_0p3_immediate__seed_815__curve.csv	142965	bef731976cdd7570196203e484fd0ddf99adc014ee50d4fcfd138d29e6c2c335	training_curve
dqn_family_satellite_ground/results/reviewer_revision_state_complete/models/immediate_advantage_dqn__lambda_0p3_immediate__seed_815.pth	466243	e7e2287ce2a0dc1d39bf7ff5cfe34569ccc0cdaa34e563549c84320935b479af	trained_model
dqn_family_satellite_ground/results/reviewer_revision_state_complete/models/immediate_advantage_dqn__lambda_0p3_immediate__seed_816__curve.csv	143174	9beeb72f7a6f7279442b82bdc33aef131c7bb0c89d82e977fbdb60045be94ca0	training_curve
dqn_family_satellite_ground/results/reviewer_revision_state_complete/models/immediate_advantage_dqn__lambda_0p3_immediate__seed_816.pth	466243	e230b078cadaf454bcc59a70ff5339d1fe834142d09eea0d3a1bdf221c4741b6	trained_model
dqn_family_satellite_ground/results/reviewer_revision_state_complete/models/immediate_advantage_dqn__lambda_0p3_immediate__seed_817__curve.csv	143213	f2ab15aa33bd95b07589f677546d9fbe1947459390eb1db33ff505fb2c420634	training_curve
dqn_family_satellite_ground/results/reviewer_revision_state_complete/models/immediate_advantage_dqn__lambda_0p3_immediate__seed_817.pth	466243	e94518e76500b56e124d20e2cd49856fbed09141638958916ae2d574abc206e7	trained_model
dqn_family_satellite_ground/results/reviewer_revision_state_complete/models/immediate_advantage_dqn__lambda_0p3_immediate__seed_818__curve.csv	143024	3abf74a25764f14e1a66d91f15cb175389357a8c213b1c9bd08a957bea11c2b9	training_curve
dqn_family_satellite_ground/results/reviewer_revision_state_complete/models/immediate_advantage_dqn__lambda_0p3_immediate__seed_818.pth	466243	5f34578449f682c54d1f2b68214445c221af9441acda741ea567613cc315b910	trained_model
dqn_family_satellite_ground/results/reviewer_revision_state_complete/models/immediate_advantage_dqn__lambda_0p3_immediate__seed_819__curve.csv	142976	7e09cfde0314773cdb79165a9e02f99c60de4785fdbeef5bebd2e7049a7e3900	training_curve
dqn_family_satellite_ground/results/reviewer_revision_state_complete/models/immediate_advantage_dqn__lambda_0p3_immediate__seed_819.pth	466243	0803df4e706a5992687d620aa8593e44eb4a23f47ad1ca9b9eef98bf5e58c416	trained_model
dqn_family_satellite_ground/results/reviewer_revision_state_complete/models/standard_dqn__standard__seed_800__curve.csv	126638	ab04eb93bd4c376d3d93979aef5e9a5bd3d33c83f5c170fc77f551573a9babec	training_curve
dqn_family_satellite_ground/results/reviewer_revision_state_complete/models/standard_dqn__standard__seed_800.pth	464801	51c09662e249fa02379dcd95b694b38caf3c98354d6df8b29d6eb3b63b3d1d5a	trained_model
dqn_family_satellite_ground/results/reviewer_revision_state_complete/models/standard_dqn__standard__seed_801__curve.csv	126709	bf80383121de3d7db542ef58d303838fcd69d0729c849f0cd18d82ffce1a0667	training_curve
dqn_family_satellite_ground/results/reviewer_revision_state_complete/models/standard_dqn__standard__seed_801.pth	464801	e4496887481b5965ef60985d45ebc68bbb1560dae3342376aeddfbc9ef0a83e4	trained_model
dqn_family_satellite_ground/results/reviewer_revision_state_complete/models/standard_dqn__standard__seed_802__curve.csv	126640	25d8eee080a30b90334a8418ceb54e92cadaaf4f2a4b9426baef7f46e9d4133c	training_curve
dqn_family_satellite_ground/results/reviewer_revision_state_complete/models/standard_dqn__standard__seed_802.pth	464801	fdb1ef32691e0877532276a47cac02603e8732b57dd62efe79547a2d2423745e	trained_model
dqn_family_satellite_ground/results/reviewer_revision_state_complete/models/standard_dqn__standard__seed_803__curve.csv	126678	42883f920953d1e58eb7f58180c20971fde0a35f747c2d0eff66013c3f11f150	training_curve
dqn_family_satellite_ground/results/reviewer_revision_state_complete/models/standard_dqn__standard__seed_803.pth	464801	ccd4b311ec5a691c4baa11e048e3df8a897a40110d75bfa8e3e47c31fed68222	trained_model
dqn_family_satellite_ground/results/reviewer_revision_state_complete/models/standard_dqn__standard__seed_804__curve.csv	126729	5c0fdf819c520916fc114861b7b1c99c02a9fa2d60eda775687d289d1704be52	training_curve
dqn_family_satellite_ground/results/reviewer_revision_state_complete/models/standard_dqn__standard__seed_804.pth	464801	8d46fa328815dab89a79adfb8ce97fb615d5b6378f54238c8249d9cf6d6dde76	trained_model
dqn_family_satellite_ground/results/reviewer_revision_state_complete/models/standard_dqn__standard__seed_805__curve.csv	126686	d3c09d0b0f39163549aaec7a39025a42b8d3977b344563ac2ec851ca78d44249	training_curve
dqn_family_satellite_ground/results/reviewer_revision_state_complete/models/standard_dqn__standard__seed_805.pth	464801	5bc835df7d1234293713b6581667aa68c255fb661d65f4e207e2125db3e0520c	trained_model
dqn_family_satellite_ground/results/reviewer_revision_state_complete/models/standard_dqn__standard__seed_806__curve.csv	126637	e340b4980445081e2ab4e7af625c981117f49eb587b6475851aea73233d3b4c0	training_curve
dqn_family_satellite_ground/results/reviewer_revision_state_complete/models/standard_dqn__standard__seed_806.pth	464801	314c052d5164bbe68968cd5aace0513d259fb948facf7818ae642ae8189611cd	trained_model
dqn_family_satellite_ground/results/reviewer_revision_state_complete/models/standard_dqn__standard__seed_807__curve.csv	126693	b1a9a28120a19f4cf017475c769767fe214e104ebf8bd885fa541330f3bde29d	training_curve
dqn_family_satellite_ground/results/reviewer_revision_state_complete/models/standard_dqn__standard__seed_807.pth	464801	9d42f07d0166f940150ec8c7a51aacfb7355ebde737ed5d91380d5b96cdf35d8	trained_model
dqn_family_satellite_ground/results/reviewer_revision_state_complete/models/standard_dqn__standard__seed_808__curve.csv	126668	3e16567bcd71df6b327529065ebaf8ab9364b919fcb3a93ca5e9fa09f4384841	training_curve
dqn_family_satellite_ground/results/reviewer_revision_state_complete/models/standard_dqn__standard__seed_808.pth	464801	ce15c7fa9a44cc2da368006b7b74c3c77736285b3eb16b537b4d442cec16af71	trained_model
dqn_family_satellite_ground/results/reviewer_revision_state_complete/models/standard_dqn__standard__seed_809__curve.csv	126594	0c12f122da015e4da6feeab44e931914ba7bce677fb9f26fb44f1ac042eeaa57	training_curve
dqn_family_satellite_ground/results/reviewer_revision_state_complete/models/standard_dqn__standard__seed_809.pth	464801	9b768c32f3a5a14c7945c66b398d4fe313fb22c100c84c293db41bcf7b8076bc	trained_model
dqn_family_satellite_ground/results/reviewer_revision_state_complete/models/standard_dqn__standard__seed_810__curve.csv	126625	ef6b85bd6691c419b88c0ee059cc57e3706ad9bc89d054be80d3cc8d45d8503b	training_curve
dqn_family_satellite_ground/results/reviewer_revision_state_complete/models/standard_dqn__standard__seed_810.pth	464801	319ba7a4bb1d859549efb4507c04c33e01baed68dd3c6f497076cff34a67f929	trained_model
dqn_family_satellite_ground/results/reviewer_revision_state_complete/models/standard_dqn__standard__seed_811__curve.csv	126684	6d21144d9ffb1df983346219eb406d2f45d6824555a748abba45004699c46e9c	training_curve
dqn_family_satellite_ground/results/reviewer_revision_state_complete/models/standard_dqn__standard__seed_811.pth	464801	8a3180d0a7449f4607f7c370ba54c6c32302051d1dda11c9c8a36722913c959e	trained_model
dqn_family_satellite_ground/results/reviewer_revision_state_complete/models/standard_dqn__standard__seed_812__curve.csv	126662	c2cb4ce52bac66084df48428f3f6683ae82a700eba788b7c2f860678321247bf	training_curve
dqn_family_satellite_ground/results/reviewer_revision_state_complete/models/standard_dqn__standard__seed_812.pth	464801	0422084034b6b42f0b4f1de70c7b9dd568935d73ca2962d8f9f5d7be05d16c51	trained_model
dqn_family_satellite_ground/results/reviewer_revision_state_complete/models/standard_dqn__standard__seed_813__curve.csv	126626	e1a5cd7e36854fba5d3f0e323ff1bc6ee582c6463053ff772444808fb2a14ffc	training_curve
dqn_family_satellite_ground/results/reviewer_revision_state_complete/models/standard_dqn__standard__seed_813.pth	464801	81ccdb71d10979158a96cc34413b08d626ec12cbd0907f563d13895dbe5b528e	trained_model
dqn_family_satellite_ground/results/reviewer_revision_state_complete/models/standard_dqn__standard__seed_814__curve.csv	126724	fb342d6459c8944a59fd62012b5ff89ccb9c6108564a2452da6db30bc1b108a1	training_curve
dqn_family_satellite_ground/results/reviewer_revision_state_complete/models/standard_dqn__standard__seed_814.pth	464801	4a07d32037489dcae601df692d38e38efc9d0cfdfaaa4d09b8d8f491826a4abf	trained_model
dqn_family_satellite_ground/results/reviewer_revision_state_complete/models/standard_dqn__standard__seed_815__curve.csv	126625	e1f0567e6d901e67b60b74439d5bcb55c34f9a3541a3a8d5e954499cabf96879	training_curve
dqn_family_satellite_ground/results/reviewer_revision_state_complete/models/standard_dqn__standard__seed_815.pth	464801	ad47047a03e8011108c972b1074b231c7c4a5f37ff38478ab36a39f5be73de0f	trained_model
dqn_family_satellite_ground/results/reviewer_revision_state_complete/models/standard_dqn__standard__seed_816__curve.csv	126612	57f2465ee14b04eded34d119e4035d92a6eb8e4226d4ec4d8928c8413c4b40f2	training_curve
dqn_family_satellite_ground/results/reviewer_revision_state_complete/models/standard_dqn__standard__seed_816.pth	464801	94d86e75b61d3f23739497ed51e9595b58315aa31c408ad91e2f5365b02b5a91	trained_model
dqn_family_satellite_ground/results/reviewer_revision_state_complete/models/standard_dqn__standard__seed_817__curve.csv	126631	43512e7353f868f34950119fd0b44b0ab8db060b4a619ec2d8e8ba55498b7024	training_curve
dqn_family_satellite_ground/results/reviewer_revision_state_complete/models/standard_dqn__standard__seed_817.pth	464801	92a35ceb95d81eb9b0e6b84e1fd05e5f226ce994eaec38a68786e46dba08d49e	trained_model
dqn_family_satellite_ground/results/reviewer_revision_state_complete/models/standard_dqn__standard__seed_818__curve.csv	126690	da3fa9447f83fc3f66a356b4d71929d846f362c0a2f1bc008d8c4b4a2c0a6645	training_curve
dqn_family_satellite_ground/results/reviewer_revision_state_complete/models/standard_dqn__standard__seed_818.pth	464801	f98f392670770f429d2cf23bc9d9579070e491b0f6d40c2003bd19cf13d6fbc9	trained_model
dqn_family_satellite_ground/results/reviewer_revision_state_complete/models/standard_dqn__standard__seed_819__curve.csv	126703	a624652719ae2f4a75f14ca09cd0697de647fe2883869dc8d37dece98475dccd	training_curve
dqn_family_satellite_ground/results/reviewer_revision_state_complete/models/standard_dqn__standard__seed_819.pth	464801	c8ba13ebf8d5c78e5dc7646a00c37dc5cc8f63363b7a7d5612a9719f19d224fa	trained_model
dqn_family_satellite_ground/results/reviewer_revision_state_complete/parameter_audit_sample.csv	2720853	afae122bd1de866b7b1e84fc8e0061bbbcc05af930b19fa133e8eb6e6581ec29	result_data_or_metadata
dqn_family_satellite_ground/results/reviewer_revision_state_complete/parameter_correlations.csv	3162	af36e23de370b4dfbb25aeea8367ad1644f05df9832fd634b20ea61d227408bf	result_data_or_metadata
dqn_family_satellite_ground/results/reviewer_revision_state_complete/parameter_ranges_empirical.csv	692	4bf26bc227ee98c342ec5f4d3cddc6e1e0491fbf038c1f104bc9d3ff55cbee36	result_data_or_metadata
dqn_family_satellite_ground/results/reviewer_revision_state_complete/parameter_validity.json	329	058825f9be1359c8f9968fea26d70a8f44b3e2493fb3fb66781abf6fc395a037	result_data_or_metadata
dqn_family_satellite_ground/results/reviewer_revision_state_complete/planner_depth_raw.csv	76674	8b3ec88010e5dc2dba227bc63e96f8d7574ad7d01b72764415d38b6cec4004c5	result_data_or_metadata
dqn_family_satellite_ground/results/reviewer_revision_state_complete/planner_depth_summary.csv	417	48241e7c8e9c7297f53437ab7ba44339293fff22567c7a3877e6064edef9f2fb	result_data_or_metadata
dqn_family_satellite_ground/results/reviewer_revision_state_complete/preview_mismatch_inference.csv	3955	40b310c839081f885dab4bd05e18649c387853d0d568890a7b72ffb27eeae2d4	result_data_or_metadata
dqn_family_satellite_ground/results/reviewer_revision_state_complete/preview_mismatch_model_manifest.csv	5664	75e3c6ebe44fb2eda4b70e14e95891db64b988d6483f4c48ae014436c6aec414	result_data_or_metadata
dqn_family_satellite_ground/results/reviewer_revision_state_complete/preview_mismatch_raw.csv	2309753	1df16bac8647d85752791fcb8255afc7abca1a1299dfee38c1c6983c1e026cbd	result_data_or_metadata
dqn_family_satellite_ground/results/reviewer_revision_state_complete/preview_mismatch_seed_differences.csv	26177	767e882d496da977b03faa0dd518e986b6f0cfcaa2aa8e6cc6b10655ce36d621	result_data_or_metadata
dqn_family_satellite_ground/results/reviewer_revision_state_complete/preview_mismatch_seed_level.csv	93467	22f9ba7ada94386745f337505791be3345207d397d027c2efbab57fda8b07f73	result_data_or_metadata
dqn_family_satellite_ground/results/reviewer_revision_state_complete/preview_mismatch_summary.csv	10947	a76e40c6b6233be8115cd402c1be64db668f9ecda2945d468cf67b397fade726	result_data_or_metadata
dqn_family_satellite_ground/results/reviewer_revision_state_complete/primary_unpaired_seed_bootstrap.csv	500	ca89dd2092ebe6bc9fc085e42677c66b222477caf0ceed9e92fc4256b99e56a7	result_data_or_metadata
dqn_family_satellite_ground/results/reviewer_revision_state_complete/sensitivity_paired_bootstrap.csv	3954	f160e07f3c4aed3ac1f4cb38d6ae9e6f8eab77d67ff94a13dc835cbe39573517	result_data_or_metadata
dqn_family_satellite_ground/results/reviewer_revision_state_complete/sensitivity_paired_seed_differences.csv	24034	68b50424a7a97815a64d0af3bcb20e3d1caf6ae3e70bb0b24ca999f612f4002f	result_data_or_metadata
dqn_family_satellite_ground/results/reviewer_revision_state_complete/sensitivity_raw.csv	3709501	a874eb96081bbaaf21e337decc91e79a1921012114e3f700bd07a1dec154d31a	result_data_or_metadata
dqn_family_satellite_ground/results/reviewer_revision_state_complete/sensitivity_seed_level.csv	144855	5c5a4f8bad8288f19ebd8daea44bc93db67c328bed235df69c5e3300787fd774	result_data_or_metadata
dqn_family_satellite_ground/results/reviewer_revision_state_complete/sensitivity_summary.csv	17536	abb259f5964f84735b4144beada671f62726c69cfca4a62058c83d8ddfcb98d6	result_data_or_metadata
dqn_family_satellite_ground/results/reviewer_revision_state_complete/seven_regimes_paired_bootstrap_complete.csv	4781	3c7e54f1ee9ce3629fa10b1643f1aadc137872066be7b192cbfa6ac033348657	result_data_or_metadata
dqn_family_satellite_ground/results/reviewer_revision_state_complete/seven_regimes_paired_bootstrap.csv	4796	bc451ba15d294b8d593355ac199f8c5800aae619e888b7d997e229bbee831544	result_data_or_metadata
dqn_family_satellite_ground/results/reviewer_revision_state_complete/seven_regimes_paired_seed_differences.csv	28984	5072df4cc64af18b694e919afe19ed0f274f26fa3d4bbe5a00f622e48a793d86	result_data_or_metadata
dqn_family_satellite_ground/results/reviewer_revision_state_complete/seven_regimes_raw.csv	6146445	7ee2a33d80013bd7d52083a8529048302bad06114ed68af4235aebdb6d394487	result_data_or_metadata
dqn_family_satellite_ground/results/reviewer_revision_state_complete/seven_regimes_seed_level.csv	245849	bbb1235386b38415308ff68b46c98b11ca245693f0397e44b71b4b63bb6aa6e9	result_data_or_metadata
dqn_family_satellite_ground/results/reviewer_revision_state_complete/seven_regimes_summary.csv	28129	d6aca2eb536b5144cb6f8568965b5a5cdd73fa4a95643ec772f8f88bf9e4bf10	result_data_or_metadata
dqn_family_satellite_ground/results/reviewer_revision_state_complete/training_curves.csv	7586347	91a6894521ff1c964c0bd9e7c73ca5df008d62e2f8e0b4f7e0e67720b42ce12c	result_data_or_metadata
dqn_family_satellite_ground/results/reviewer_revision_state_complete/validation.json	4813	51d6c9a86ae08ffe553a3fee8f0c0b6ac4f1e07ffcf02483c52c4ddc5a665d23	result_data_or_metadata
dqn_family_satellite_ground/reviewer_experiments.py	38457	4ed2208c76a923ea2471846dd4b3297a48912a2be5a4787de3ede3a005ab9b27	reproduction_source
dqn_family_satellite_ground/reviewer_reporting.py	18200	497b97e521a36eff63a8d4069ed275d8c7c5c311e0c83797d19a305e3d1d3faa	reproduction_source
dqn_family_satellite_ground/tests/__init__.py	79	9e7ed55b237640c1a6a18d0d4f48f98bfc9809e8fe934438207d34bbdeb5fe95	reproduction_source
dqn_family_satellite_ground/tests/test_core.py	16907	20bbab65212c48b630ce2410a50ec70e1a8bf3c80bc50fd153d941d69d53ac73	reproduction_source
dqn_family_satellite_ground/transition_audit.py	1979	5b172952601ee71568192b1a997a6f7ea60236977c5039d4589aa17545b58d3e	reproduction_source
README.md	3878	0570c322cae5a1ab8057fdf371c39277edb0405b9af404b1d807185e160f82bb	package_documentation
verify_package.py	5362	6c6241ab5de42fe06ec710bdaac734543171803c08d66bae3a19b35d797c574b	reproduction_source
